fold,training_seed,configuration,input_dimension,final_dimension,validation_accuracy,validation_spam_f1,validation_macro_f1,validation_weighted_f1,validation_mcc,validation_cohen_kappa,validation_balanced_accuracy,validation_roc_auc,validation_brier,validation_ece_15,accuracy,spam_f1,macro_f1,weighted_f1,mcc,cohen_kappa,balanced_accuracy,roc_auc,brier,ece_15,epochs,physical_batch_size,effective_batch_size,best_validation_loss,train_seconds,peak_gpu_memory_mb,trainable_parameters,stored_embedding_mb,inference_ms_per_message,reused_seed42,pca_retained_variance
1,13,DistilBERT,768,768,0.932131810611468,0.7468382516086088,0.8538257611032707,0.9349127731173666,0.7125439478164464,0.708076335395526,0.8868166196920342,0.952456229291852,0.0534799881279468,0.0773124498525218,0.9379032258064516,0.7686052678097932,0.8663726007569361,0.940078409826955,0.7364061572473304,0.7330295782699159,0.8949987241590064,0.9556115565919104,0.0504271760582923,0.0736192509164394,15,256,1024,0.4760531187057495,34.302828899992164,895.328768,149633,253.9776,0.0179908159392708,False,
1,13,DistilBERT+mBERT PCA-1024,1024,1024,0.9267190102307876,0.7374254049445865,0.8474213987255768,0.9307885741215663,0.7040680687284948,0.6957100227869477,0.8936951125487365,0.9534660494868926,0.0645740628242492,0.1043225192259257,0.9317362428842504,0.7547298448951764,0.8575401628520739,0.9350478276040196,0.7222241041559097,0.715695904578873,0.898110750171982,0.9570893675106904,0.0603886917233467,0.0986901543761446,6,256,1024,0.4640258252620697,17.640595899982145,1182.100992,198785,169.3184,0.0249349430743653,False,
1,13,DistilBERT+mBERT PCA-128,128,128,0.9199976207470856,0.7148611405554378,0.8341663090261189,0.9245890104687444,0.6779788290082593,0.6693477235495024,0.880549592392321,0.9453825330187244,0.0623950511217117,0.0901334703946009,0.9249525616698292,0.7284586337109509,0.8424590741076359,0.9284028596287042,0.6911034022150366,0.6855228576571428,0.8789980973744869,0.9468064498746304,0.0586063750088214,0.0820433404537861,13,256,1024,0.5188935399055481,26.781855499983067,178.398208,26753,21.1648,0.0091936622389642,False,
1,13,DistilBERT+mBERT PCA-256,256,256,0.9290982631453724,0.7398515931907464,0.8494037939784735,0.9324346137760716,0.7053035866857951,0.6993997596446564,0.8876333314987981,0.9518635857337896,0.0555437542498111,0.0732456281302129,0.9372390891840608,0.7670364500792393,0.8653854984148013,0.9395298568658804,0.7347522937541688,0.7310839224694947,0.895282879264902,0.9564123146892048,0.0505104251205921,0.0669511604478027,11,256,1024,0.4992251098155975,23.421944400004577,321.78432,51329,42.3296,0.0123799905111678,False,
1,13,DistilBERT+mBERT RP-256,256,256,0.9080418748512968,0.6908,0.8183946897708216,0.9151001107237012,0.6545949701746425,0.6389711421128188,0.882434901572751,0.9469416662689992,0.070040576159954,0.1093939117699074,0.9194022770398482,0.7213383631294079,0.837113182341123,0.924394654206046,0.6858652345823041,0.6754460187273367,0.8885928262117716,0.952542500019394,0.063318520784378,0.101523924395495,13,256,1024,0.4989199340343475,27.3072167999926,321.78432,51329,42.3296,0.0124779079699017,False,
1,13,DistilBERT+mBERT raw concat,1536,1536,0.9103616464430168,0.694010152284264,0.8207498059236575,0.9168071855735,0.6569339858723311,0.6433442384792107,0.87994097008782,0.9457135807206865,0.0730489343404769,0.129125000995389,0.916698292220114,0.7142857142857143,0.8327634491348603,0.9220826219158198,0.6781999621150196,0.6669080178454937,0.8863882989323393,0.9518145637061732,0.0678401589393615,0.1224975795981666,10,256,1024,0.4895225763320923,42.99375379999401,1757.03552,297089,253.9776,0.0340356593921761,False,
1,13,DistilBERT+mBERT standardized concat,1536,1536,0.9078634308827028,0.6930850009906875,0.819440285427282,0.9152063474241346,0.6583290055915871,0.6412548144183181,0.8869943977949662,0.9514863975309262,0.0716301053762435,0.1159549766856544,0.9182637571157496,0.7247164083719444,0.8383616581287593,0.9240376689985552,0.6923427335367672,0.6783651551418322,0.8993773320383902,0.95684665951128,0.0663499161601066,0.111864439109464,10,256,1024,0.4773071706295013,42.99739319999935,1757.03552,297089,253.9776,0.0357299525615674,False,
1,13,Llama-2 PCA-1024,1024,1024,0.9392100880323578,0.7722816399286988,0.8686023795469964,0.9416049291672882,0.7418415481288874,0.737555436163192,0.9014363413226512,0.959917073465155,0.0473125129938125,0.0718728087114778,0.94634724857685,0.7968385126639124,0.882965481019738,0.947895736290648,0.7684601161919016,0.7660958910426134,0.9071041987972978,0.9617758205150728,0.044032335281372,0.0697135816920244,9,256,1024,0.4366668164730072,25.435079499991843,1182.100992,198785,169.3184,0.0215014184056273,False,
1,13,Llama-2 raw,4096,4096,0.942660004758506,0.7813067150635209,0.8741555481122643,0.9445267014971732,0.7514607487827785,0.748534170780683,0.901068347965553,0.9589826742834796,0.0496719405055046,0.0844366079713292,0.9473908918406072,0.7986930477400617,0.8842173323063627,0.9486932303294964,0.7702832307808205,0.7685527791720748,0.9047165535092884,0.9597842218800516,0.0477145798504352,0.0827419126835745,7,256,1024,0.4283989369869232,74.68584230000852,4624.628736,788609,677.2736,0.0797415464892616,False,
1,13,Llama-2+Qwen PCA-1024,1024,1024,0.9309421841541756,0.7585776668746101,0.8591430760192936,0.9353627074326624,0.7311493189476165,0.7193920509874764,0.9160126991960248,0.9691695823860677,0.0597762092947959,0.0969121611032075,0.9338709677419356,0.7678214523650899,0.8646331512295634,0.9376185173753988,0.7393807167424853,0.7300941902711815,0.9144070434097078,0.9648240023436436,0.0591089241206646,0.0942124046500157,6,256,1024,0.3931550979614258,17.838932400016347,1182.100992,198785,169.3184,0.0251500189745713,False,
1,13,Llama-2+Qwen PCA-1536,1536,1536,0.943433261955746,0.7910349373764007,0.8791620874065988,0.9459546252179708,0.764458553835763,0.7587460344065723,0.918033603253878,0.9687291941673752,0.0511914119124412,0.0833452878525543,0.9484819734345352,0.8089373680506685,0.8895821833125368,0.9503794984995204,0.7834115543785822,0.7794260982504688,0.921743441931217,0.9691017608107192,0.0488938689231872,0.0811036954397526,6,256,1024,0.3849087953567505,25.68176420000964,1757.03552,297089,253.9776,0.0343881499045881,False,
1,13,Llama-2+Qwen PCA-2048,2048,2048,0.9420651915298596,0.787521815008726,0.8769909350525724,0.9448005667203508,0.7608833702516973,0.7544691640999585,0.9183146861972062,0.9674620014269468,0.0553977042436599,0.0866989519416288,0.9428368121442126,0.7924918202169795,0.8796723123311398,0.9453968085682478,0.7656322574522414,0.7597806354446872,0.9188561999991492,0.9665289121251271,0.0539022907614707,0.0849999156389986,6,256,1024,0.4097148180007934,32.491142500017304,2329.82016,395393,338.6368,0.0419721774194381,False,
1,13,Llama-2+Qwen concat no PCA,7680,7680,0.949202950273614,0.8080898876404494,0.889408623809256,0.951040989753994,0.7828552052054144,0.7790629897813859,0.9208920031279102,0.9710613096686048,0.0486271269619464,0.0799670304645268,0.9530834914611006,0.822282120395328,0.8976282852284059,0.9544310011452596,0.7978295853291831,0.7953993620909154,0.9225442938710168,0.9712606597787103,0.0462661236524581,0.0772780204817398,7,64,1024,0.3712041676044464,147.8106889000046,4096.336384,1476737,1269.888,0.1443312049347335,False,
1,13,Qwen2.5 raw,3584,3584,0.9497977635022604,0.8073938840712004,0.8892656445867253,0.9513171537759246,0.7813182883021876,0.7786994064402677,0.9150863143283796,0.964743635894749,0.0505847185850143,0.1027654618740103,0.9493358633776092,0.8063814358230602,0.8886180730037689,0.9506154467265308,0.7791783269927465,0.7773546503279378,0.909802421069903,0.9638149660194204,0.0512840151786804,0.1026805495037441,9,256,1024,0.390685498714447,81.97105990001,4049.823232,690305,592.6144,0.071411499051071,False,
1,13,Qwen2.5+PCA-1024,1024,1024,0.9332024744230312,0.7638275499474237,0.8624638459841383,0.9372213813219812,0.736230558172192,0.7258647441450394,0.9156035701274924,0.9676707061358883,0.0628533735871315,0.1058051141080085,0.932685009487666,0.763854218671992,0.8623010962243255,0.9365192071380676,0.7347833213761849,0.7254540731895585,0.9120738059208532,0.9675656632692342,0.0623170211911201,0.1041434395094746,6,256,1024,0.3946756422519684,17.30092870001681,1182.100992,198785,169.3184,0.021563728653209,False,
1,13,mBERT,768,768,0.9201760647156793,0.7069868995633187,0.8303905713902533,0.9239195736754544,0.6669867624246383,0.6614431307182491,0.8664562216433367,0.930075974699376,0.0644026920199394,0.0978751499358721,0.9236717267552182,0.7165756561564206,0.8362364616883848,0.9264475395590668,0.6762012180673038,0.6728506297990839,0.8636857740851378,0.9352463670229596,0.0613946616649627,0.093855861464844,16,256,1024,0.5634274482727051,36.549620800011326,895.328768,149633,253.9776,0.0178629174567644,False,
1,13,mBERT PCA-256,256,256,0.9283844872709968,0.7305282005371531,0.8446165491641726,0.9310853653791076,0.6932693923959906,0.6896105245115192,0.8738798707533904,0.9358757940946478,0.0579875707626342,0.0791915060658483,0.9346774193548388,0.752827140549273,0.8575964394429658,0.936580960221835,0.7176497028417992,0.7153976894110248,0.8804002086723655,0.9476526173175208,0.0521008037030696,0.0736961182877527,11,256,1024,0.5536817908287048,23.12510189999012,321.78432,51329,42.3296,0.0086621062622332,False,
1,13,mBERT PCA-512,512,512,0.9362360218891268,0.7543538038496792,0.8588583783431581,0.938063546567992,0.7200658570050518,0.7179077098305175,0.8813123655378511,0.943489492186792,0.0522333644330501,0.066925851883672,0.9430740037950665,0.7806215722120659,0.8739575563431548,0.9443226161064976,0.7493299112596261,0.7480149603565851,0.8914844057529709,0.9522489085282484,0.0470860637724399,0.0642808134170104,11,256,1024,0.5369001030921936,23.62323970001308,609.107456,100481,84.6592,0.0166708349146543,False,
1,13,mBERT+Qwen PCA-1024,1024,1024,0.9450392576730906,0.797723292469352,0.8829613158382003,0.9475641527264862,0.77250837429371,0.7663591932042498,0.9236081904959216,0.9700432756330436,0.0530223734676837,0.0830800522743898,0.9453984819734346,0.7989519650655021,0.8836807307144445,0.9475568950262564,0.7722320969375469,0.7676826321782173,0.917996894605524,0.9668877450113116,0.0512255206704139,0.0789187312789749,6,256,1024,0.3846665322780609,17.170465400005924,1182.100992,198785,169.3184,0.0216427087285458,False,
1,13,mBERT+Qwen PCA-1536,1536,1536,0.9508089459909588,0.8141990563918221,0.8929254631357526,0.9525930740524292,0.7899352762563262,0.7860900607676418,0.9247716793429726,0.9709924065205924,0.047639075666666,0.0746270508487455,0.9543643263757116,0.8257246376811594,0.8997345895829378,0.9555299480090792,0.8014979925153755,0.7995784051932333,0.9217832311534429,0.9702308738338816,0.044522151350975,0.0697342834753502,6,256,1024,0.370504081249237,25.8591969999834,1757.03552,297089,253.9776,0.0347355265661069,False,
1,13,mBERT+Qwen PCA-2048,2048,2048,0.9430168926956936,0.7915578764142733,0.8792776291262492,0.9457613960222756,0.7657857374944818,0.7590549387309524,0.9218221623716648,0.9712700310047538,0.052732728421688,0.0809321926505968,0.9463946869070208,0.802929891873038,0.8859540471279757,0.948545122806888,0.7769526745917633,0.7722331864634967,0.9210504671646742,0.968708664983174,0.0509046167135238,0.078028157590208,6,256,1024,0.3736037313938141,32.12537940000766,2329.82016,395393,338.6368,0.0392618927897764,False,
1,13,mBERT+Qwen PCA-768,768,768,0.9421841541755888,0.7885117493472585,0.8775134191134805,0.9449687650664426,0.762233396737598,0.7555338209253505,0.91986540608047,0.9688498744396424,0.0533067807555198,0.0858312270239788,0.9428842504743832,0.7903899721448467,0.8786637909933372,0.9452125352599507,0.7624743774175652,0.7576856965331351,0.9137463921727508,0.96474375657471,0.0527915321290493,0.0831027770446758,6,256,1024,0.3843774795532226,13.529154499992728,895.328768,149633,126.9888,0.0171869354830848,False,
1,13,mBERT+Qwen RP-1024,1024,1024,0.9367118724720438,0.776282590412111,0.8697125852157548,0.9405242074967464,0.7509149914595465,0.7403152649167937,0.9239558321510004,0.9728696681325768,0.0514829345047473,0.080500911679624,0.937618595825427,0.778731280498065,0.8712111823977471,0.940930850376388,0.7513201870391503,0.7431027192102952,0.9180351406398858,0.9695626734887248,0.0510380826890468,0.0771353995816718,11,256,1024,0.3727267980575561,32.13329240001622,1182.100992,198785,169.3184,0.0209813567354592,False,
1,13,mBERT+Qwen concat no PCA,4352,4352,0.9350463954318344,0.7682512733446519,0.8652407445859951,0.9387501332701012,0.7405940237645942,0.7312944381603821,0.9153813142444124,0.9702108945121736,0.0558122582733631,0.0904432150599323,0.9404648956356736,0.7849922905602192,0.875220589846913,0.9432427972598229,0.7572432544136961,0.7509359788895567,0.9158467751252464,0.969136305279596,0.0529680848121643,0.0868883277020952,8,64,1024,0.381736546754837,98.76474750001216,2331.395584,837761,719.6032,0.0804415891835893,False,
1,13,mBERT+Qwen+Char PCA-1024,1024,1024,0.9433737806328812,0.7915936952714536,0.8794146890454184,0.9459751876575918,0.7653715405151642,0.7592791687558937,0.9196946779135317,0.9689182953986364,0.0532926693558692,0.085771668772828,0.9426944971537002,0.789839944328462,0.8783320341218275,0.9450453306586472,0.7618764635246356,0.7570281263980742,0.9136382021911432,0.9644442112979535,0.0535367019474506,0.0837869668773073,6,256,1024,0.3885259330272674,18.13124940000125,1182.100992,198785,169.3184,0.0265809724863863,False,
1,13,mBERT+Qwen+Char PCA-1536,1536,1536,0.9376635736378776,0.7762596071733561,0.8700233764961459,0.9410879701620386,0.7494620885541073,0.7407677117513118,0.918565025433808,0.9678926128476104,0.0597288757562637,0.1065277224178367,0.9390417457305504,0.7804544677942935,0.8725309218911974,0.9419464346287684,0.7521385871932466,0.7455912711765742,0.913875415190524,0.965642017034959,0.0584141761064529,0.103073701394485,5,256,1024,0.384232610464096,21.569511000008788,1757.03552,297089,253.9776,0.0370355123330717,False,
1,13,mBERT+Qwen+Char PCA-2048,2048,2048,0.946883178681894,0.8012463832628534,0.8852958770867836,0.9489979143402048,0.7754846388138643,0.770904941835056,0.919996112558879,0.9690512299228548,0.0507326945662498,0.0768411792695075,0.949762808349146,0.8120007101011895,0.8915042288973383,0.9514411321567496,0.7864870629404526,0.7832170947797548,0.9204852641825012,0.968616282250228,0.049067597836256,0.074275529617046,6,256,1024,0.3922188282012939,31.946389399992768,2329.82016,395393,338.6368,0.0391130740031404,False,
1,13,mBERT+Qwen+Char PCA-768,768,768,0.942957411372829,0.7899233296823658,0.8784607529034012,0.945564241285654,0.7633798410276864,0.7573696667914729,0.9183985039503751,0.9680625096541724,0.0546956025063991,0.0893031724968177,0.94207779886148,0.7871709952937075,0.8768241106111895,0.9444126926142932,0.7586580852547238,0.7540030459310763,0.9112981246263504,0.9637179432959372,0.0543342269957065,0.0864176169072279,6,256,1024,0.3908933401107788,14.025692900002468,895.328768,149633,126.9888,0.0210775094872991,False,
1,13,mBERT+Qwen+Char concat no PCA,5376,5376,0.9391506067094932,0.7790019442644199,0.8718599995507303,0.942238142571083,0.7516879406518486,0.7443152747347632,0.9162329764414086,0.9690739426883436,0.057853128761053,0.0997093008175694,0.9425521821631878,0.7905206711641585,0.8786161177641073,0.9450303889864218,0.7630301193533611,0.757637483745742,0.9160426348606472,0.968652755703935,0.0552997291088104,0.0962713967456501,7,64,1024,0.3787652254104614,105.16918600001372,2874.259968,1034369,888.9216,0.105380697343304,False,
1,13,mBERT+Qwen2.5+Llama-2 PCA-1024,1024,1024,0.9385557934808472,0.7783737395408711,0.8713537723703043,0.9418243635142872,0.7515157904301205,0.7433715280347327,0.9182251154302314,0.9691798247459072,0.0566885210573673,0.0926121910189748,0.9427893738140416,0.7912049861495845,0.8790292740774308,0.9452391215038696,0.7637708901581222,0.7584559349169325,0.9161778723376568,0.9658419224250304,0.0549195893108844,0.0881568204012453,6,256,1024,0.392936110496521,17.898477799986722,1182.100992,198785,169.3184,0.025859658444374,False,
1,13,mBERT+Qwen2.5+Llama-2 PCA-1536,1536,1536,0.9448608137044968,0.7953190549790241,0.8817289552262366,0.9472199705099614,0.7691120127650469,0.7638354994277399,0.9190575399481132,0.9685213041916026,0.0512519814074039,0.0825541920831097,0.9482447817836812,0.8079563457137828,0.8890243638160734,0.9501407273683316,0.7822437521669894,0.7783087284530332,0.9209453844126848,0.9684283469930484,0.0496426373720169,0.0808893318203201,6,256,1024,0.387936383485794,26.035756400000537,1757.03552,297089,253.9776,0.0364804791260742,False,
1,13,mBERT+Qwen2.5+Llama-2 PCA-2048,2048,2048,0.93885320009517,0.7792096219931272,0.8718610937913717,0.9420826649104076,0.7524039815178097,0.7443730218853937,0.9183942972668696,0.9686231957193588,0.056617084890604,0.0885484053021199,0.9422675521821632,0.7918590730289037,0.8791724522746479,0.944997130783821,0.7653924459581136,0.7588381739430888,0.9208515001996552,0.9674536570257464,0.0543279536068439,0.0859701603210126,6,256,1024,0.3980219066143036,32.79018919999362,2329.82016,395393,338.6368,0.0437034677412136,False,
1,13,mBERT+Qwen2.5+Llama-2 concat no PCA,8448,8448,0.9456935522246016,0.7985881314802559,0.8836019272780606,0.948034819620175,0.7729694552911326,0.7675816771937152,0.9214380239960532,0.9716378747169844,0.0512974821031093,0.0837659174226297,0.948292220113852,0.8078956644342615,0.8890105960169443,0.9501623271702648,0.7821055209492602,0.7782741644993172,0.9204753168769448,0.9701149262051734,0.0499009601771831,0.0819311124440529,7,64,1024,0.3719249069690704,163.37138709999272,4502.980608,1624193,1396.8768,0.1597530597715839,False,
1,21,DistilBERT,768,768,0.9358196526290744,0.7543819713180059,0.858734552420318,0.9378245231796364,0.7202749880688578,0.7176984625865432,0.883406013628657,0.9494510111753124,0.0524997077882289,0.0794912492995982,0.938472485768501,0.7657576304858227,0.8651713636414586,0.9401183772709356,0.7324329398465441,0.7305046000422901,0.8863752235432745,0.9518734967994702,0.0512186996638774,0.0769195601262816,13,256,1024,0.4884979724884033,28.856255099992268,895.328768,149633,253.9776,0.0170789895636874,False,
1,21,DistilBERT+mBERT PCA-1024,1024,1024,0.9427789674042352,0.7765908035299582,0.8718890984700749,0.9441167260055832,0.7453638061312478,0.7438911869803819,0.8905428267815763,0.9532902666488644,0.0503271743655204,0.0676192301302233,0.9509013282732448,0.8056338028169014,0.8887677633603985,0.951441620142052,0.7778940863609133,0.7775568120297661,0.8976042925980953,0.9563922011122464,0.0454932488501071,0.0606655258307166,7,256,1024,0.4837992489337921,20.747782499995083,1182.100992,198785,169.3184,0.0244973197339042,False,
1,21,DistilBERT+mBERT PCA-128,128,128,0.9252914584820366,0.7280207882200087,0.8423597011499271,0.9290184228102306,0.691973283470344,0.6854246538167907,0.8825017096926144,0.9483737343993146,0.058753065764904,0.083944589252376,0.930360531309298,0.7474191328286304,0.8535158831305032,0.9335011561759188,0.7131012967871417,0.7075707601604415,0.8903667623693389,0.9525642401997768,0.0547347292304039,0.0786461208278995,20,256,1024,0.5083639621734619,41.21863940000185,178.398208,26753,21.1648,0.0096246869071559,False,
1,21,DistilBERT+mBERT PCA-256,256,256,0.9327266238401142,0.7481629926519706,0.8546705190836827,0.935393746646904,0.7139137070799824,0.7097342546508016,0.8865193917301923,0.9483128788197476,0.0550178550183773,0.079017762635404,0.9370967741935484,0.7640569395017793,0.8638839705719077,0.9391425653426136,0.7308901791950296,0.7280151177701288,0.8900648814568961,0.9546108618237094,0.0511047542095184,0.0736741225558564,10,256,1024,0.5024896264076233,21.318816100014374,321.78432,51329,42.3296,0.0123561907019417,False,
1,21,DistilBERT+mBERT RP-256,256,256,0.9181536997382822,0.7124947764312578,0.8323899778543,0.9232598717712882,0.6763116053515086,0.6660204879006282,0.8835260786942454,0.9470299234865792,0.0631697550415992,0.0959286646537,0.9235768500948768,0.7282847023106763,0.8419100086861819,0.927570984441378,0.6919449604915799,0.6846261385677408,0.8843448053919151,0.9483207551010074,0.0601356364786624,0.0904047560077549,13,256,1024,0.5035650730133057,27.261553199990885,321.78432,51329,42.3296,0.0097065275134934,False,
1,21,DistilBERT+mBERT raw concat,1536,1536,0.9288008565310492,0.733822548365577,0.846363328977309,0.9316592263455392,0.6973439668822023,0.6931537857913176,0.8779302751353912,0.9384128233015016,0.0607936531305313,0.0944033623599898,0.933965844402277,0.7539766702014846,0.8579208867417483,0.9362833862321596,0.7194573400605754,0.7161453806915524,0.8859598766150399,0.9501202894086178,0.0562303178012371,0.0897292122896054,11,256,1024,0.5260472893714905,47.68255960001261,1757.03552,297089,253.9776,0.033501385199138,False,
1,21,DistilBERT+mBERT standardized concat,1536,1536,0.9116702355460384,0.7015075376884422,0.8248366338656878,0.9183091144444688,0.6668735170346668,0.6516748774658558,0.8883124697904423,0.9508414614051752,0.0711868107318878,0.1185461268871056,0.9206831119544592,0.7291869128603823,0.8413621998304024,0.9259300205385408,0.6962949764158479,0.6841066734734557,0.8979397691274174,0.9575289258052792,0.0657108947634697,0.11380037186275,10,256,1024,0.4783448278903961,43.08549259998836,1757.03552,297089,253.9776,0.034088197343886,False,
1,21,Llama-2 PCA-1024,1024,1024,0.9490245063050202,0.7995321637426901,0.8851659251368738,0.9500686962339882,0.7715732307800836,0.7704087515636329,0.9019346088507624,0.9596659693770068,0.0422493256628513,0.0652726625225057,0.9551707779886148,0.8230005619029781,0.8986679298474995,0.9557127975597544,0.797777683264197,0.7973593627835638,0.9086552277240624,0.9612064259009986,0.0393120236694812,0.0639906667925742,9,256,1024,0.4318383038043976,26.104584399989108,1182.100992,198785,169.3184,0.0260251755219799,False,
1,21,Llama-2 raw,4096,4096,0.9504520580537712,0.8059631959003029,0.8887816047688757,0.9515505891730722,0.7790323625697766,0.7776510221920996,0.9071958231124504,0.9606266894282052,0.0425593368709087,0.0623349514397673,0.9545540796963948,0.823572744014733,0.8987452611987632,0.9554170658993612,0.7985949689456618,0.7975499691071485,0.9147661056886828,0.9649227976477814,0.0400280766189098,0.0620170551070773,9,256,1024,0.4316472709178924,95.59838579999632,4624.628736,788609,677.2736,0.0787742314988347,False,
1,21,Llama-2+Qwen PCA-1024,1024,1024,0.9417677849155364,0.7849769382824512,0.8756503830760747,0.9443727857384796,0.7574413600255715,0.7517383349078695,0.9143319545498608,0.9672355056059462,0.0537097081542015,0.0868757914873861,0.9426944971537002,0.7899860917941586,0.8784032854048798,0.9450601184628296,0.7620888702094661,0.7571754083992617,0.9139696122119044,0.9637258886280484,0.0529362298548221,0.0851249412744813,6,256,1024,0.3971291780471802,17.837517400010256,1182.100992,198785,169.3184,0.0267470872859811,False,
1,21,Llama-2+Qwen PCA-1536,1536,1536,0.9360575779205328,0.7718106559116961,0.8673150744366698,0.9396989253077866,0.7447542720548894,0.7354282414706645,0.9176514435159628,0.9674895360826198,0.058165393769741,0.0919793711773795,0.9366698292220114,0.7757433226944398,0.8694359997348244,0.9400699666952512,0.7479542876756274,0.7395790823309435,0.916665665679944,0.9663413522379684,0.0575231052935123,0.0908743450372167,6,256,1024,0.4072749018669128,25.817824600002496,1757.03552,297089,253.9776,0.0349916555978175,False,
1,21,Llama-2+Qwen PCA-2048,2048,2048,0.9352843207232928,0.7677198975234842,0.8650624366677546,0.9388394194048644,0.7394515964634191,0.7308733496044153,0.912974293173251,0.9647785862849814,0.0640318468213081,0.1138408722321837,0.9389943074003796,0.7814411964649898,0.8729953804576576,0.9420171590160764,0.7536893045611494,0.7465659245630862,0.916333942850832,0.967418570355728,0.0610603392124176,0.1120503584325023,5,256,1024,0.4048190116882324,27.202042999997506,2329.82016,395393,338.6368,0.0430355834914062,False,
1,21,Llama-2+Qwen concat no PCA,7680,7680,0.9461694028075184,0.7967662250168426,0.8828711314313242,0.948130988529428,0.7697902223035444,0.7660065021108976,0.9140816153132592,0.96716730080065,0.0535570718348026,0.085164966380794,0.9499051233396584,0.8109559613319012,0.8910414957312975,0.9514171747007096,0.7848994947364575,0.7822518205546406,0.9169208964403328,0.9678413516957676,0.0516381151974201,0.0831628584350676,6,64,1024,0.3996759057044983,125.28480470000068,4096.336384,1476737,1269.888,0.1476118690707032,False,
1,21,Qwen2.5 raw,3584,3584,0.9443254817987152,0.7925531914893617,0.8802007507323149,0.94662980140289,0.7656592726095224,0.760757331041214,0.9159987822233204,0.9655020028302832,0.0461460165679454,0.0753356157642504,0.9479601518026566,0.8037215959921274,0.8868625753606423,0.9495417235638888,0.7765597915790547,0.7739030247542826,0.9126635539316216,0.9674465562761826,0.0446662530303001,0.0732551754765968,15,256,1024,0.3924816846847534,134.86561179999262,4049.823232,690305,592.6144,0.0666456404177426,False,
1,21,Qwen2.5+PCA-1024,1024,1024,0.9393885320009516,0.779102536310427,0.8719889642015408,0.9423886111316248,0.7515366101630758,0.7445407556692611,0.915097138640483,0.965826981601496,0.0576660633087158,0.0970849987427883,0.9399905123339658,0.7825339522090424,0.8738633495464495,0.9427156637061304,0.7541322227729343,0.7481979375614888,0.9130907250155174,0.9654599104400496,0.0562368556857109,0.0945790736713363,6,256,1024,0.3978061974048614,17.303274900012184,1182.100992,198785,169.3184,0.0228800853894161,False,
1,21,mBERT,768,768,0.9261241970021412,0.7215246636771301,0.8394689564442432,0.928860235199808,0.68278353171044,0.6793129107072347,0.8677212195923707,0.927112324601666,0.0619852393865585,0.0977915430021816,0.9311195445920304,0.7345521023765996,0.8474886431752172,0.932630365488862,0.6963200292995171,0.6950981020314679,0.8637896056037239,0.936527400635176,0.057868868112564,0.0918777399305855,15,256,1024,0.56587153673172,33.26293120000628,895.328768,149633,253.9776,0.0172363377607646,False,
1,21,mBERT PCA-256,256,256,0.928860337853914,0.7307519135524538,0.8448838726147575,0.931385741659004,0.6933270113598706,0.690098583569964,0.8722437867866575,0.9358544780145918,0.0568942986428737,0.0768934540333576,0.936954459203036,0.7572602739726028,0.8605164665487929,0.9383602716920952,0.7224584056274703,0.7211472909562215,0.8777215682025223,0.9450155803583382,0.0518542192876338,0.0716808151890235,11,256,1024,0.5576761960983276,22.64223159998073,321.78432,51329,42.3296,0.0110914468698656,False,
1,21,mBERT PCA-512,512,512,0.9406971211039732,0.7629013079667063,0.8645058224119198,0.9415130031792828,0.729542715798945,0.7290515620433425,0.8749518101957704,0.9385215319843458,0.0495741888880729,0.0647811473356331,0.9476755218216318,0.7899447724243002,0.8800302311822116,0.947944752557009,0.7601367594990429,0.7600653759635931,0.8840000071737382,0.9515014321200456,0.0443065501749515,0.0614722560645846,9,256,1024,0.5459323525428772,19.43293760000961,609.107456,100481,84.6592,0.0155504127144058,False,
1,21,mBERT+Qwen PCA-1024,1024,1024,0.9409945277182964,0.7827420061322821,0.8743016934095921,0.943695789013178,0.7550349841163829,0.749068669209798,0.913892081774602,0.9662968166047274,0.0598608441650867,0.1098676720306599,0.939753320683112,0.7805805114029025,0.8728317711528975,0.9423790681143264,0.7515241274219818,0.7460977258771975,0.9101385023620367,0.9630272728842456,0.0592821948230266,0.10805206613472,5,256,1024,0.3913109004497528,14.360704599996096,1182.100992,198785,169.3184,0.0210015512345136,False,
1,21,mBERT+Qwen PCA-1536,1536,1536,0.935581727337616,0.7713742875237493,0.8669416873281848,0.9393732724048036,0.7447510146190418,0.73474577347773,0.9192875274826956,0.9694855658380056,0.0583101958036422,0.0916307729775497,0.93719165085389,0.7776284850520658,0.8705299802490623,0.9405674831746156,0.7501826163308974,0.741762849717576,0.917957418191649,0.969651062701725,0.0552254766225814,0.0878213084426547,6,256,1024,0.3927472531795501,25.99881190000451,1757.03552,297089,253.9776,0.0348154222012843,False,
1,21,mBERT+Qwen PCA-2048,2048,2048,0.9390911253866286,0.7794054286945282,0.8720365767446142,0.9422427442710356,0.75238445284301,0.7446940504084676,0.9174703233443168,0.9678566980793412,0.0597638525068759,0.1020713682245891,0.9382352941176472,0.7772073921971252,0.8706777130607831,0.941144047935795,0.7482334135862594,0.7418788133454064,0.9112614426337428,0.9644565985086464,0.0593059509992599,0.0999130127347114,5,256,1024,0.3874795734882355,27.35746110000764,2329.82016,395393,338.6368,0.0447237808345149,False,
1,21,mBERT+Qwen PCA-768,768,768,0.9404591958125148,0.783941290740341,0.8747066668940917,0.9434987453470476,0.7575290364224305,0.750003297871999,0.91973160694146,0.968813793399298,0.0541834086179733,0.0865152229180693,0.9414136622390892,0.7865906341800587,0.8763184386362313,0.9439633280298504,0.7585180594967832,0.7530578135236574,0.9139021498775752,0.964377812512017,0.0525695346295833,0.0822363378586109,6,256,1024,0.3871047794818878,13.517725100013196,895.328768,149633,126.9888,0.0171698149905228,False,
1,21,mBERT+Qwen RP-1024,1024,1024,0.9438496312157982,0.7916114790286976,0.8795824632374531,0.9462566412524404,0.7648189571124233,0.7595509706954352,0.9167874106765628,0.9689055423304594,0.0495717711746692,0.0785515786441321,0.9445920303605312,0.7926136363636364,0.8803190827459881,0.9464393367264592,0.7640306026817657,0.760867313635236,0.9084233116127556,0.9627646389928872,0.0497299991548061,0.074587868005647,8,256,1024,0.3884150981903076,22.75807559999521,1182.100992,198785,169.3184,0.0211343026564914,False,
1,21,mBERT+Qwen concat no PCA,4352,4352,0.9411729716868904,0.7872660787266079,0.8765666027800425,0.9442484536894444,0.7617032759433194,0.7537460599826943,0.9231037376466082,0.9749921311740356,0.0476724356412887,0.0751582655777378,0.945493358633776,0.8013141967836763,0.8848641522995271,0.9478516235072072,0.7756306925543663,0.7701151738077774,0.9230221399077474,0.9735611253793428,0.0451537035405635,0.0708343353443222,10,64,1024,0.3540916442871094,123.34493719998864,2331.395584,837761,719.6032,0.0804251043639694,False,
1,21,mBERT+Qwen+Char PCA-1024,1024,1024,0.9404591958125148,0.7805305853979391,0.8730440836014917,0.9431610830132016,0.7523860031863383,0.7465491198082277,0.912104507320045,0.9656067708649424,0.0602001026272773,0.1102521278464011,0.9377609108159392,0.7734024179620035,0.8686643654286235,0.9404813895813522,0.7431788433663961,0.737780001341015,0.9056884073475427,0.9624653648167014,0.060252945870161,0.1087605728557513,5,256,1024,0.3945899605751037,14.979867299989564,1182.100992,198785,169.3184,0.024925721061791,False,
1,21,mBERT+Qwen+Char PCA-1536,1536,1536,0.9411729716868904,0.7852334419109663,0.8755761613221396,0.944047903573934,0.7585589136047265,0.7516841857508794,0.9184427323224102,0.9674754528378404,0.0582786500453949,0.0994059554186642,0.9383301707779886,0.7764017887856897,0.8703172208111577,0.9411191205146084,0.7469413466075229,0.7411145338625666,0.9089956674792176,0.9612429827702658,0.0588196739554405,0.0972336052709738,5,256,1024,0.3909390270709991,21.72688709999784,1757.03552,297089,253.9776,0.0363052229596804,False,
1,21,mBERT+Qwen+Char PCA-2048,2048,2048,0.9414703783012134,0.7844940867279895,0.8753153894304825,0.9441498552308136,0.7570747421254995,0.7510923089742351,0.9150102282267132,0.9673359339394394,0.0575685538351535,0.0965833491655724,0.943595825426945,0.7932533472439576,0.8802982932764598,0.9459206026857826,0.7658802960705199,0.7609584444687495,0.915974859717967,0.9667497965285946,0.0557323843240737,0.0942923514418077,5,256,1024,0.3889770805835724,27.46606059998157,2329.82016,395393,338.6368,0.0421924573054318,False,
1,21,mBERT+Qwen+Char PCA-768,768,768,0.9423625981441828,0.7865168539325843,0.8766003557955856,0.9448756342120954,0.7590277494786316,0.7536112344420738,0.9142465904663916,0.9677227991770864,0.0525406450033187,0.0846471535092893,0.9462523719165086,0.799717164574863,0.8843393098988607,0.9481350942199692,0.7724666851972055,0.7689247610235406,0.9143411242632424,0.9637053788271788,0.0507986806333065,0.081001341879806,6,256,1024,0.392341136932373,14.23364429999492,895.328768,149633,126.9888,0.0204022011375147,False,
1,21,mBERT+Qwen+Char concat no PCA,5376,5376,0.949678800856531,0.8084239130434783,0.8897296229145082,0.9513521160846644,0.782848797841341,0.7796637523976733,0.9184084636476868,0.9687907813440736,0.0499605871737003,0.0821888849671904,0.9507590132827324,0.8123644251626898,0.8920127247578219,0.9520587768055372,0.7861655140014888,0.7841515075491691,0.9144250611707156,0.9677652975587352,0.0486816652119159,0.0793299146921707,7,64,1024,0.3881647288799286,106.44112799997674,2874.259968,1034369,888.9216,0.1009191745726269,False,
1,21,mBERT+Qwen2.5+Llama-2 PCA-1024,1024,1024,0.937128241732096,0.773321895775252,0.8684122686293131,0.9404823097253424,0.7456375365403404,0.7375080496737323,0.91508253995227,0.9667815828403228,0.0560685470700264,0.0897503388197367,0.9390891840607212,0.779910867329448,0.872282141807652,0.9419199166656982,0.7512714587523378,0.7450662889134194,0.9124111175925002,0.964366217749146,0.0546795763075351,0.086831776301714,6,256,1024,0.4008439779281616,17.78943000000436,1182.100992,198785,169.3184,0.0278431499045871,False,
1,21,mBERT+Qwen2.5+Llama-2 PCA-1536,1536,1536,0.9287413752081848,0.7538018906699548,0.8560719586182377,0.9335835697172752,0.726736066184985,0.7134414214169271,0.9168793923886296,0.9691003466939042,0.0608896911144256,0.0975988435536483,0.933965844402277,0.7692307692307693,0.8653505484772093,0.9378142833815938,0.7414641640586143,0.7315784955729611,0.9169467135562214,0.9681969730828832,0.0582103803753852,0.0934247182565962,6,256,1024,0.3991000950336456,25.523247900011484,1757.03552,297089,253.9776,0.0361088804551179,False,
1,21,mBERT+Qwen2.5+Llama-2 PCA-2048,2048,2048,0.9380204615750656,0.7775405636208369,0.8707675174704046,0.9414252527756148,0.7509636623677106,0.7422518660733464,0.9194036352728916,0.9694233967090432,0.0577241629362106,0.094217283039436,0.9414136622390892,0.7911381701336039,0.8785331924412053,0.9444194208336344,0.7654462449027997,0.7576607042835797,0.924341565531556,0.9718240693263384,0.054452508687973,0.09172639987936,6,256,1024,0.3909178078174591,32.933515500015346,2329.82016,395393,338.6368,0.0429576944963069,False,
1,21,mBERT+Qwen2.5+Llama-2 concat no PCA,8448,8448,0.944206519152986,0.7956427015250545,0.881667875526597,0.9468673025506068,0.7704477063134056,0.763814976074699,0.9239819368668256,0.9714804981976938,0.0517707914113998,0.0833072759560725,0.945303605313093,0.8011726159682704,0.8847314085039228,0.9477255418519586,0.7756596693835831,0.7698702594262313,0.9239081799884236,0.9710249274055234,0.0501842014491558,0.0820696132731194,8,64,1024,0.3788983523845672,185.5867583999934,4502.980608,1624193,1396.8768,0.1581316603417464,False,
1,42,DistilBERT,768,768,0.9317749226742804,0.7505979560774081,0.8555401494426662,0.9350769938312052,0.7180612478704471,0.7116847251916738,0.8957237482580922,0.9546338946623172,0.0568132288753986,0.0871085094680419,0.9341555977229602,0.7604418363824647,0.8611371586356034,0.9370503493968408,0.7281112112485753,0.722757521799213,0.897667417323293,0.957763500787568,0.0541783384978771,0.0830997416398804,16,256,1024,0.4566166698932647,104.97761800000444,895.328768,149633,253.9776,0.0443063994304191,True,
1,42,DistilBERT+mBERT PCA-1024,1536,1024,0.9354627646918868,0.7584057002894679,0.8605813556196249,0.9380214103553411,0.725788908041811,0.7215399348329972,0.8929487338298328,0.9549769638353248,0.0551119446754455,0.0791395950199145,0.9428842504743832,0.7858413376022768,0.8764446712095899,0.944749613225122,0.7561158109017445,0.7531157220151542,0.9036383865395312,0.9605914759640984,0.0498852543532848,0.0742223688757375,7,256,1024,0.470637708902359,57.239326000009896,1182.100992,198785,169.3184,0.0554273055025939,True,
1,42,DistilBERT+mBERT PCA-128,1536,128,0.9227932429217226,0.7221746575342466,0.8386709153932631,0.9269647125405144,0.6858858452542471,0.678203999423474,0.882351765535091,0.9479462156392522,0.0599124319851398,0.0869307414069727,0.929506641366224,0.74519890260631,0.8521469078105323,0.9327739333658216,0.7107087512860435,0.7048715441526674,0.8900456124624849,0.954389946139407,0.0552870966494083,0.0817510080162393,18,256,1024,0.5044654607772827,35.75811920000706,178.660352,26753,21.1648,0.0117751897527086,True,
1,42,DistilBERT+mBERT PCA-256,1536,256,0.9086366880799428,0.6900726392251816,0.8182468679591793,0.9153915278764172,0.6528427453806548,0.638491102324424,0.879171579313692,0.9446240663199452,0.073368988931179,0.1171258682052266,0.9187381404174572,0.7204178227517545,0.8364390337636884,0.9239062579288522,0.6851963448721164,0.6741793198820702,0.8895398013591898,0.951191647583272,0.066800907254219,0.1098806422756917,8,256,1024,0.5084542632102966,23.52133600000525,321.78432,51329,42.3296,0.0182073576853763,True,
1,42,DistilBERT+mBERT RP-256,1536,256,0.9070901736854629,0.689709972189114,0.8175377423030215,0.914419817415525,0.6540009874957932,0.6374166631895389,0.8838002946008631,0.9466960990409592,0.0725318565964698,0.1210074541905716,0.91219165085389,0.7048317652686972,0.8266280367762862,0.9184490209697684,0.6688168297861424,0.655053744459557,0.8863043620248661,0.9506933647342868,0.0688537806272506,0.1168504749696906,12,256,1024,0.4957179725170135,35.11170010000933,321.78432,51329,42.3296,0.0184377466791894,True,
1,42,DistilBERT+mBERT raw concat,1536,1536,0.9280275993338092,0.7358078602620087,0.8470734660076054,0.9314028942975406,0.7005665349223963,0.6947438063853065,0.8849056381031748,0.9436923940003048,0.0591071397066116,0.093568708515958,0.9349620493358634,0.7609415867480384,0.8616513012669498,0.9375753422126112,0.7281362288911508,0.723698356374691,0.8946474195271322,0.9566096863316348,0.053238857537508,0.0894535137556027,14,256,1024,0.5002208352088928,147.50165769999148,1757.03552,297089,253.9776,0.072455597721991,True,
1,42,DistilBERT+mBERT standardized concat,1536,1536,0.9023316678562932,0.6806690003889537,0.8115092772466501,0.910674564405868,0.6454961875290879,0.6259535842845272,0.8840594795118717,0.950721063795436,0.0782003030180931,0.135679996737959,0.9084440227703984,0.6993769470404985,0.8226879139231591,0.9156508117267288,0.6647330182498858,0.6477062616089361,0.8899672852514366,0.954934024130954,0.0738162919878959,0.1308196761218594,8,256,1024,0.4777286052703857,84.69846109999344,1757.03552,297089,253.9776,0.0814737286515321,True,
1,42,Llama-2 PCA-1024,4096,1024,0.9427789674042352,0.7825497287522604,0.8748022616364042,0.9447214725577556,0.7530444724193279,0.7498471920693991,0.903042795605562,0.9600198296077026,0.0465570241212844,0.0715943677838366,0.9480075901328272,0.7994877424076107,0.884809549516336,0.949132801820504,0.7710243813698265,0.7697078358951033,0.9025825957938036,0.9591779158805792,0.0435215570032596,0.0681911601630204,8,256,1024,0.4397166967391968,65.1082888000019,1182.100992,198785,169.3184,0.0550521869069686,True,0.7041905175591896
1,42,Llama-2 raw,4096,4096,0.954853675945753,0.8183776022972002,0.8963003650813561,0.9553588853880248,0.792972495613646,0.792620753402969,0.90546243672724,0.959614691068978,0.040897037833929,0.0678958525877182,0.9584440227703984,0.8341537296478606,0.9051998649866289,0.958760831912801,0.8105760926274483,0.8104083301861484,0.9115157349690792,0.9638873602987478,0.0387665592133998,0.067906444595395,8,256,1024,0.4214389622211456,204.4324997000004,4624.628736,788609,677.2736,0.1782442884250209,True,
1,42,Llama-2+Qwen PCA-1024,7680,1024,0.9490245063050202,0.8065899345520199,0.8886167910008755,0.9507858491064738,0.7808965195465063,0.7774577875357194,0.9184599913638284,0.9680755121304624,0.0519409403204917,0.0897247281319712,0.9483870967741936,0.8065433854907539,0.8883822686157514,0.9500797795560958,0.7800928099657582,0.7769708700250539,0.916552491618613,0.9648820282927232,0.0516873896121978,0.0879088594732837,6,256,1024,0.3861906230449676,48.39527989999988,1182.100992,198785,169.3184,0.0559928178367876,True,0.683180890482263
1,42,Llama-2+Qwen PCA-1536,7680,1536,0.9498572448251248,0.8096635809437797,0.8903943868068787,0.9515811538963154,0.7844257671279603,0.7810070490541184,0.9202048837766508,0.96852765578488,0.0484046414494514,0.0764381817232683,0.9537476280834914,0.8247978436657682,0.8990774298257793,0.9550760628075108,0.8007347023178826,0.7982956299682937,0.9240828938793082,0.9686155523640764,0.0460488833487033,0.073835491508765,6,256,1024,0.3912667334079742,62.85428499999762,1757.03552,297089,253.9776,0.0714528652751775,True,0.7601725173656176
1,42,Llama-2+Qwen PCA-2048,7680,2048,0.9226742802759932,0.7377974989915288,0.8462238035667893,0.9284012942221528,0.7098085118724309,0.6941445551122667,0.9123687635293508,0.9666296766723106,0.071049652993679,0.127155634937327,0.9272770398481972,0.7511767570199643,0.8542961203917011,0.9320367713738472,0.7221844209839131,0.7098308527408037,0.912138786642266,0.9661789212883266,0.0674720108509063,0.1234806057899851,5,256,1024,0.4005467295646667,72.76986089999991,2329.82016,395393,338.6368,0.1076586195445493,True,0.8113660379100947
1,42,Llama-2+Qwen concat no PCA,7680,7680,0.9284439685938616,0.7510862818125388,0.8546511955066654,0.9331441844604224,0.7228012540627913,0.7105135572645899,0.9126847968629116,0.9665127541489456,0.0667293444275856,0.1231393668419022,0.9277514231499052,0.7495477717480677,0.8536674250519489,0.932162184554097,0.7189822092966516,0.7083947595120823,0.9066095862329624,0.962883026526732,0.0665443614125251,0.1219735573570772,5,64,1024,0.3968257904052734,275.5325630999978,4096.041472,1476737,1269.888,0.3369352229601576,True,
1,42,Qwen2.5 raw,3584,3584,0.9467642160361648,0.7973737831107086,0.8833652220925543,0.9485390809735132,0.7700980599317646,0.7669479633375103,0.9116657485676908,0.9619546379849552,0.0543111152946949,0.0970185704302382,0.9490512333965844,0.8054347826086956,0.8880612777672299,0.9503525614987018,0.7781080665658318,0.7762444981055432,0.9094744310871108,0.9639914524909596,0.052955362945795,0.0945837398959178,10,256,1024,0.4124380946159363,261.6426819000044,4049.823232,690305,592.6144,0.1829320967749783,True,
1,42,Qwen2.5+PCA-1024,3584,1024,0.950154651439448,0.8101495242410512,0.890730359518677,0.951803462249316,0.784819794151462,0.7816611127502529,0.9193147462214256,0.9705417925692678,0.0481257066130638,0.0741339213540655,0.951944971537002,0.817378763295475,0.8948554975082241,0.9532644282534334,0.7920441168130377,0.7898443583580594,0.9184153487633768,0.9704425929526698,0.0467975102365016,0.071842817586062,8,256,1024,0.3792445063591003,65.63087630001246,1182.100992,198785,169.3184,0.0611403984829153,True,
1,42,mBERT,768,768,0.9133951939091124,0.689419795221843,0.8195509260875596,0.9181787436875454,0.6477164742546401,0.6401150971994538,0.8619632841328719,0.925960674326378,0.0696027502417564,0.1048332247770073,0.917741935483871,0.7052023121387283,0.8287023744386237,0.9218078293755276,0.6644234969491998,0.6581762788137357,0.866933037575123,0.936263400814019,0.0654490962624549,0.101749730515656,15,256,1024,0.5803974270820618,98.70933449998849,895.328768,149633,253.9776,0.0439428889942161,True,
1,42,mBERT PCA-256,768,256,0.9336188436830836,0.7460172963131543,0.8539186721045757,0.935698313452083,0.7106327554425966,0.7080759445370508,0.878340518226828,0.9394691331688017,0.056142121553421,0.0812684338735498,0.939753320683112,0.7683327252827435,0.8668535320617328,0.94112737747595,0.7352186058625273,0.7338214896642609,0.8847856357737973,0.947804986265211,0.0519253239035606,0.0778637744705466,13,256,1024,0.5309576392173767,38.34135199998855,321.78432,51329,42.3296,0.0197921916507794,True,
1,42,mBERT PCA-512,768,512,0.9251130145134429,0.7212751826433473,0.8390104913113668,0.928243378716072,0.6829732619085115,0.678509562492603,0.8713832789152542,0.9364395894476424,0.0615353174507617,0.0901613572385058,0.9313567362428844,0.7443011132708959,0.852329181878592,0.9337704563716426,0.7082484877728122,0.7049752153244253,0.8799982290876565,0.9491608853427266,0.0554471164941787,0.0856970005972661,8,256,1024,0.5438776612281799,37.14038709999295,609.107456,100481,84.6592,0.0305742931694602,True,
1,42,mBERT+Qwen PCA-1024,4352,1024,0.9503925767309064,0.8130044843049328,0.8922037920084532,0.9522298197718518,0.788668232092457,0.784659394146404,0.924746688650052,0.9712712614181114,0.0460083149373531,0.068603692006372,0.9505218216318786,0.8129818899049668,0.8922356897793156,0.9519843324549868,0.7871746627420811,0.7846311153361636,0.9176039239013192,0.9686561965957944,0.0451034009456634,0.0653857476872779,7,256,1024,0.3822091817855835,57.415268000011565,1182.100992,198785,169.3184,0.0552795683112184,True,
1,42,mBERT+Qwen PCA-1536,4352,1536,0.9336188436830836,0.7664294683968188,0.8638706310298592,0.9377223615955383,0.7397651991932798,0.7287278594562705,0.9190183828743752,0.969032141888608,0.0618608444929122,0.1108961081637063,0.9341081593927894,0.7687697686032962,0.8651748602372551,0.9378536892812246,0.740541817357739,0.7311800058677436,0.91520510092824,0.9689008335800348,0.0604663826525211,0.1088673671258638,5,256,1024,0.379357099533081,60.73386400000891,1757.03552,297089,253.9776,0.0825661717255978,True,
1,42,mBERT+Qwen PCA-2048,4352,2048,0.952058053771116,0.8164009111617312,0.8944151371160644,0.9535429783669632,0.791781802771137,0.78899863173104,0.9212449654893994,0.9709635084339016,0.0460674129426479,0.0678969494573122,0.956214421252372,0.8316614991792814,0.9032479320200468,0.9572162237992422,0.8081252099140954,0.8065795657509032,0.9230037884844986,0.968250734411446,0.043515957891941,0.0642882182254001,6,256,1024,0.3794434070587158,91.83931740000844,2330.082304,395393,338.6368,0.1054691793167331,True,
1,42,mBERT+Qwen PCA-768,4352,768,0.9469426600047584,0.8001792114695341,0.8847946811805832,0.948925677793609,0.7738724647820577,0.7698638138870101,0.9170638546289896,0.9670627489196888,0.0513445362448692,0.0828958875489694,0.946157495256167,0.797067763275523,0.8830144242034628,0.947808747517828,0.7688963879335501,0.7662163435586543,0.9088187639298771,0.963380141557874,0.0511238053441047,0.0803562792061794,6,256,1024,0.393605500459671,39.64027130001341,895.328768,149633,126.9888,0.0432980075891419,True,
1,42,mBERT+Qwen RP-1024,4352,1024,0.9297525576968833,0.7577435897435898,0.8583319500076256,0.9345689763271798,0.731614098936105,0.717967945886133,0.9202088410520434,0.971469624003968,0.0583158731460571,0.0989644948946293,0.9296489563567364,0.7574022574840504,0.8581307622760225,0.9340689690195716,0.7287732759843841,0.7173590007322241,0.9136568664227428,0.9677000040289716,0.0583560653030872,0.0972133139257922,10,256,1024,0.3752400279045105,81.65502599999309,1182.100992,198785,169.3184,0.0552064421262187,True,
1,42,mBERT+Qwen concat no PCA,4352,4352,0.929157744468237,0.7522363220303724,0.8554532757044322,0.9336825419258732,0.7236169874227464,0.7120356990679163,0.9116077861222344,0.9672800498949244,0.0632547959685325,0.1036903216868511,0.93353889943074,0.7666166916541729,0.8639345039707378,0.9373014239581594,0.7379476485273692,0.7286992514276575,0.9135548909003716,0.9675093369121944,0.0599453710019588,0.0999276934930722,7,256,1024,0.3946831226348877,222.9862680999795,4910.99136,837761,719.6032,0.2217771631878256,True,
1,42,mBERT+Qwen+Char PCA-1024,5376,1024,0.9489650249821556,0.8086529884032114,0.889604462629883,0.9509584767029408,0.7839479812169821,0.7794981648510435,0.9239346158341896,0.9701689773219856,0.048458956182003,0.076457912182777,0.9488140417457306,0.8081777777777778,0.8893222267840579,0.950496210826174,0.7819929285635349,0.7788499566145597,0.9176244441291336,0.9686773007325304,0.0480278395116329,0.0745177227787698,7,256,1024,0.3827035129070282,50.86570560000837,1182.100992,198785,169.3184,0.0488979838713623,True,
1,42,mBERT+Qwen+Char PCA-1536,5376,1536,0.9371877230549608,0.7765552264071096,0.870006452569601,0.9408341663313464,0.7506218333463915,0.7408295470460915,0.921896020427522,0.9690194054476384,0.0596265979111194,0.1077043122879836,0.9353889943074004,0.7712462210278804,0.8668140733377816,0.9388617160753976,0.7426868463724186,0.7343512094526726,0.9137812181691436,0.96707140522103,0.0588203445076942,0.1061074861256402,5,256,1024,0.3773237466812134,60.61162659997353,1757.03552,297089,253.9776,0.0873977609113056,True,
1,42,mBERT+Qwen+Char PCA-2048,5376,2048,0.932310254580062,0.762718932443703,0.8616217112613964,0.936581216834502,0.7357651112605751,0.7242944765012742,0.9178502550364228,0.9685533448205168,0.0624634250998497,0.108615505402496,0.9333017077798862,0.7659786950732357,0.8635436737149759,0.937096929909214,0.7372702384833204,0.7279296085121202,0.913419653423362,0.9675370934398584,0.0616155453026294,0.1067182951969972,5,256,1024,0.3868875801563263,76.96738260000711,2330.082304,395393,338.6368,0.0879151612902157,True,
1,42,mBERT+Qwen+Char PCA-768,5376,768,0.9512253152510112,0.8121850664223546,0.8920792718809428,0.95263197030786,0.7866946590233765,0.784306485985188,0.9167458426577328,0.9662441582384738,0.0491356328129768,0.0758591759233094,0.9499051233396584,0.8067349926793558,0.8889790071310448,0.9509819425042062,0.7793548469692652,0.7780423397542127,0.9068128908071132,0.9616155270891616,0.0491393357515335,0.0724470600516728,6,256,1024,0.4043692052364349,35.37933720002184,895.328768,149633,126.9888,0.0393225996206343,True,
1,42,mBERT+Qwen+Char concat no PCA,5376,5376,0.927730192719486,0.7525962125839951,0.8551404425160076,0.932859844002666,0.7263332002434912,0.7117268165704871,0.9192702684412776,0.9719711172103404,0.0620290860533714,0.1050296461547239,0.9321631878557874,0.766721044045677,0.8635159480566992,0.9364886527314225,0.7400902566039969,0.7281242103765415,0.9208900590423676,0.9715596941351604,0.059090681374073,0.1012940919037335,7,64,1024,0.3684362769126892,269.3938202999998,2874.325504,1034369,888.9216,0.2662351328268911,True,
1,42,mBERT+Qwen2.5+Llama-2 PCA-1024,8448,1024,0.9458125148703308,0.7976005332148411,0.8831597075990767,0.9480059483797052,0.7713652189807754,0.7666501021296949,0.918327738555119,0.9670783119859389,0.0533038899302482,0.0887060369742277,0.9485768500948768,0.8066357474134855,0.8884904950340942,0.9501999660581316,0.7800559243937256,0.7771709825028272,0.9155007465275562,0.9650224688153014,0.0516252219676971,0.0863165792257152,6,256,1024,0.3961493670940399,52.79592599999887,1182.100992,198785,169.3184,0.0613764089185131,True,0.6793178250008389
1,42,mBERT+Qwen2.5+Llama-2 PCA-1536,8448,1536,0.931953366642874,0.7603686635944701,0.8603576420225383,0.9361403902458576,0.7325381808007432,0.7217166763913545,0.91468114253524,0.9670921291953978,0.0623672567307949,0.1114914142361605,0.9370018975332068,0.7753721244925575,0.8693678102047868,0.9402302123555812,0.7469517478793923,0.7393731170022755,0.9140380129712864,0.9651721580381194,0.0598429664969444,0.1080688007377384,5,256,1024,0.3909567594528198,63.52600019999954,1757.03552,297089,253.9776,0.0888528083491268,True,0.7544475566733698
1,42,mBERT+Qwen2.5+Llama-2 PCA-2048,8448,2048,0.9283250059481324,0.7506724601696668,0.8544095516089207,0.9330330359724096,0.7223116566364045,0.7100322830455783,0.9124052602498836,0.9670624828843682,0.0672677308320999,0.1197477723433596,0.9337286527514232,0.7682097229135557,0.8647735023113983,0.9375719644646484,0.7401839144607356,0.7304183874082198,0.9159829510273084,0.966933039660512,0.0640550404787063,0.1171070194453269,5,256,1024,0.3933935761451721,80.73898650000046,2330.082304,395393,338.6368,0.1133808918407244,True,0.8045893616607164
1,42,mBERT+Qwen2.5+Llama-2 concat no PCA,8448,8448,0.9505710206995004,0.811948404616429,0.8917471863862834,0.9522275621483274,0.7869522691281077,0.7836985132594929,0.9208227840629546,0.969625882842368,0.0493266470730304,0.0835431472143739,0.9511859582542694,0.8140921409214092,0.8929982888907387,0.9524848402915256,0.788176255222027,0.7861236136989773,0.9156627186916168,0.9682368248667788,0.0482033938169479,0.0814038941961849,6,64,1024,0.3809615969657898,421.2395189999989,4502.980608,1624193,1396.8768,0.4609812571157624,True,
1,87,DistilBERT,768,768,0.939031644063764,0.7664616085668717,0.8657004468351718,0.9409146555679032,0.7341793248474826,0.7316137433300198,0.8905297744236635,0.9542562907792658,0.0498729534447193,0.0739360816231431,0.9416034155597724,0.7758965956672128,0.8711620867991612,0.9429817824855428,0.7439594537379243,0.7424431300057602,0.8899831133539886,0.9564979720426076,0.0482407510280609,0.0707106906093614,18,256,1024,0.4657842516899109,40.12944889999926,895.328768,149633,253.9776,0.0172040939279805,False,
1,87,DistilBERT+mBERT PCA-1024,1024,1024,0.928860337853914,0.739660426643448,0.84923083336995,0.9322754516491012,0.7052372857584357,0.6990812131567338,0.8883454415429783,0.952234472224998,0.0632660090923309,0.1020661308768052,0.9358633776091082,0.7634709587123862,0.8631864726609895,0.9383609957952972,0.7309126065583773,0.726738647713289,0.8951613219397688,0.9571248712585096,0.0579490065574646,0.0964342102170718,6,256,1024,0.4680700898170471,18.18245829999796,1182.100992,198785,169.3184,0.0250733017082462,False,
1,87,DistilBERT+mBERT PCA-128,128,128,0.90280751843921,0.6784730421094057,0.8106120378369885,0.9107616383343036,0.6415283657214591,0.6238797127396314,0.8788217096128039,0.944907826243686,0.0733741447329521,0.1170694476404333,0.9092979127134724,0.6951530612244898,0.8209380999390394,0.9157661756151126,0.6572831870390641,0.6437360380275496,0.8796833144939291,0.9475097890245308,0.0681081786751747,0.1096403777019687,13,256,1024,0.5085449814796448,27.10209770000074,178.398208,26753,21.1648,0.0060043595829007,False,
1,87,DistilBERT+mBERT PCA-256,256,256,0.9230311682131812,0.7227934875749786,0.8390524973446105,0.927166481551406,0.6865527534443258,0.6789543701608094,0.8824871110044015,0.9476305314770496,0.0602192170917987,0.0815985213762205,0.9309297912713472,0.750599520383693,0.8552568110150391,0.934156889891384,0.7170787018037187,0.7110892694215911,0.8938397275113943,0.9559435609485384,0.0543763078749179,0.0768524330531722,11,256,1024,0.5187851190567017,23.06515829998534,321.78432,51329,42.3296,0.0113053842497621,False,
1,87,DistilBERT+mBERT RP-256,256,256,0.8901379966690459,0.6515751744953783,0.7931815779972566,0.9005066311391157,0.6137995992390007,0.5904962655381025,0.8722501550071422,0.943343222642133,0.0833053216338157,0.1374674628774785,0.8990037950664137,0.6739163731046102,0.8070825164897191,0.9074751327457036,0.6358932944927335,0.6171246822334118,0.8771281081993241,0.9446715850149284,0.0790188834071159,0.1316337776005416,10,256,1024,0.5146023631095886,21.014019900001585,321.78432,51329,42.3296,0.0105005740048893,False,
1,87,DistilBERT+mBERT raw concat,1536,1536,0.9295146324054246,0.7349586222321628,0.8471555022456392,0.9321907535620628,0.6984252737015212,0.694687660742367,0.876853264394714,0.94550362897118,0.0569196790456771,0.0879476235254574,0.936337760910816,0.7603571428571428,0.8618251797436699,0.9383209122958848,0.7264942888898931,0.7238792876396867,0.8866494313436136,0.9527142318040008,0.052459217607975,0.0833980447059564,13,256,1024,0.5005627870559692,55.457005199976265,1757.03552,297089,253.9776,0.0343582590129487,False,
1,87,DistilBERT+mBERT standardized concat,1536,1536,0.910956459671663,0.7035056446821153,0.8255585966192729,0.9180638734205612,0.670879102226317,0.6534195774620113,0.8944742136120629,0.9563158364674234,0.0707230642437934,0.1118745840713647,0.914943074003795,0.717593321782958,0.8337624535250274,0.9213411936410124,0.6853639662029165,0.6694843592788065,0.8991410574640619,0.960448136750802,0.0663857609033584,0.1088541699575164,13,256,1024,0.4596865773200989,56.05590929999016,1757.03552,297089,253.9776,0.0363081166991456,False,
1,87,Llama-2 PCA-1024,1024,1024,0.9448013323816322,0.7876430205949657,0.8779604314706557,0.9464129921046104,0.7584539907389551,0.756092575016427,0.9020745933109742,0.961063652442146,0.0441784337162971,0.0665349025330691,0.9533681214421252,0.818735017517979,0.8959886264332688,0.954229345260678,0.793015586632116,0.79203490068666,0.911438638137544,0.9623879343229256,0.0403250828385353,0.0639055203084447,9,256,1024,0.4282640218734741,26.34524149997742,1182.100992,198785,169.3184,0.0264349999991435,False,
1,87,Llama-2 raw,4096,4096,0.940756602426838,0.7779759251003121,0.8718968787420704,0.9430806041348424,0.7484185688049678,0.7441325101811403,0.9048584534136406,0.9597854691175391,0.0493180193006992,0.0782805940826773,0.9477703984819734,0.8035682426404995,0.8867246219357606,0.9494153799889052,0.7765002823732721,0.773641352466264,0.9135495940122976,0.9628829535381168,0.0464139804244041,0.0769876979324132,8,256,1024,0.4309861063957214,85.17910850001499,4624.628736,788609,677.2736,0.0791725189746132,False,
1,87,Llama-2+Qwen PCA-1024,1024,1024,0.9433142993100166,0.791054593290945,0.879131879792429,0.9458866254860948,0.7646345138209634,0.7587026085686722,0.9188133860327136,0.9680886808788278,0.0557787492871284,0.0975164572453264,0.9451612903225808,0.7963354474982381,0.8823251626264352,0.9471519440693814,0.7687152260268137,0.7649206646023413,0.9133876218482369,0.9663104259190164,0.0545677170157432,0.0946948836632673,6,256,1024,0.3855119347572326,17.839241200010292,1182.100992,198785,169.3184,0.0267525759025364,False,
1,87,Llama-2+Qwen PCA-1536,1536,1536,0.9431358553414227,0.7904427882507672,0.8787737993280538,0.9457208456727354,0.7639379266623099,0.7579894576619268,0.918500013052358,0.9693590327886872,0.0552973076701164,0.0949657841520984,0.9451138519924098,0.7999308317482275,0.8840625101919519,0.9474885364646116,0.7740186386114747,0.7685145831989542,0.9221429399030094,0.9697946313078116,0.0533520802855491,0.0937552929879299,6,256,1024,0.3753849565982818,25.756822600000305,1757.03552,297089,253.9776,0.0360483681215141,False,
1,87,Llama-2+Qwen PCA-2048,2048,2048,0.9461099214846538,0.7993799822852081,0.8841272592475924,0.948358154028386,0.7736402254062898,0.7686046716186212,0.9206155591754834,0.9683337659178493,0.053882397711277,0.0879009057484725,0.9489563567362428,0.8113604488078542,0.8909227084943374,0.9509038959202196,0.7864287786358022,0.7821243882656117,0.924499492040946,0.9696855758897668,0.0520281754434108,0.086420414149337,6,256,1024,0.3876262903213501,32.72726059998968,2329.82016,395393,338.6368,0.042667813092471,False,
1,87,Llama-2+Qwen concat no PCA,7680,7680,0.9440875565072568,0.7946701616426387,0.8811538510478566,0.9467007919472906,0.7691152000394039,0.7627681053456077,0.922431216983562,0.9704083592288234,0.0523036867380142,0.0863965223014865,0.9462523719165086,0.8032644556346588,0.886069468552474,0.948495335027328,0.7776210986540807,0.7724927771750157,0.9227920797926557,0.9702698810352304,0.0510513521730899,0.0846759768214387,7,64,1024,0.3871474266052246,147.3869774999912,4096.336384,1476737,1269.888,0.1428522201151361,False,
1,87,Qwen2.5 raw,3584,3584,0.9357006899833452,0.7685720402483408,0.8656178337531553,0.9391699097011892,0.7402173794280269,0.7319515780542196,0.9125755561094264,0.9660073369215956,0.0536754243075847,0.0900976970336902,0.9329696394686908,0.7624012106944678,0.8616910369601906,0.936544638431484,0.7322044158482315,0.7241200482412302,0.9075963506026066,0.9661450962786566,0.0547972247004509,0.0907785124161353,12,256,1024,0.3927314579486847,108.36913320000168,4049.823232,690305,592.6144,0.066636091080959,False,
1,87,Qwen2.5+PCA-1024,1024,1024,0.9385557934808472,0.7804463336875664,0.8723629365453636,0.9420275423991614,0.754775376864989,0.7454801420298165,0.9228861207544296,0.9722529650052152,0.0548247471451759,0.0876410512828434,0.9382827324478178,0.7809395521131504,0.8725105811144145,0.9415450589554056,0.7538551829321327,0.7456879276811832,0.919242330627416,0.9698734590122212,0.053802166134119,0.085302647540215,8,256,1024,0.3760540187358856,22.92626159999054,1182.100992,198785,169.3184,0.0217021726753537,False,
1,87,mBERT,768,768,0.9172614798953128,0.7011815252416757,0.826582339824055,0.9216249986040144,0.6610772896890331,0.6540426525294372,0.8675524700631285,0.9317921186703756,0.0678921714425087,0.1124107695419306,0.9214895635673624,0.7162695011143494,0.8353555505131303,0.9251333255152852,0.6769318084651169,0.671356343834097,0.8715553648675849,0.9397250214398843,0.0645868778228759,0.1097161170446881,16,256,1024,0.5481307506561279,35.835828000010224,895.328768,149633,253.9776,0.0219065417457514,False,
1,87,mBERT PCA-256,256,256,0.9284439685938616,0.729602157788267,0.8441841123131566,0.9310270378756206,0.6920486957299524,0.6887127066333343,0.8720069322153643,0.934154645334181,0.0599690228700637,0.0890749790665855,0.9329696394686908,0.7453595242386015,0.8533822832195166,0.9348195548383352,0.7089422945285468,0.7069525526655318,0.8746210535368573,0.9441074977158734,0.0550552159547805,0.0842762662157897,10,256,1024,0.5503645539283752,21.05521810002392,321.78432,51329,42.3296,0.0118688140416264,False,
1,87,mBERT PCA-512,512,512,0.9166666666666666,0.7031150667514304,0.8273229718811641,0.9214615114459432,0.6642112415548045,0.6557090875412581,0.8729344311059137,0.9351444629985606,0.0650493577122688,0.0952491539973847,0.924573055028463,0.7282051282051282,0.842207769280201,0.9281532138705738,0.6910316628700423,0.6850653006629817,0.8801073574943168,0.9477463972611,0.0592879764735698,0.0905008040733487,8,256,1024,0.547772228717804,17.35100609998335,609.107456,100481,84.6592,0.016372267551315,False,
1,87,mBERT+Qwen PCA-1024,1024,1024,0.949381394242208,0.8101717599821548,0.8904844593123087,0.9513543388545892,0.7856944077672665,0.7812545237480605,0.9248070620406006,0.9703754041034952,0.0515775568783283,0.0853998240073706,0.9497153700189752,0.8101719197707736,0.8905955836824122,0.9512261750905602,0.783978683374458,0.7813590401434071,0.9163155914275832,0.9672362552219184,0.0497483648359775,0.0815448872754756,6,256,1024,0.37329962849617,17.143035000015516,1182.100992,198785,169.3184,0.0215259013278674,False,
1,87,mBERT+Qwen PCA-1536,1536,1536,0.9465857720675708,0.8021154693697664,0.8856207546945098,0.9489103303314288,0.7771447031690843,0.7716204755037112,0.9240642082896938,0.9698370151236092,0.0524841770529747,0.0858709613575777,0.949762808349146,0.8121341138903673,0.8915693431757781,0.9514547636598268,0.7866766628418147,0.783350832537565,0.9208166742032624,0.9690534214935708,0.049300231039524,0.0816362691972496,6,256,1024,0.3778014481067657,25.80015049999929,1757.03552,297089,253.9776,0.0359272343453163,False,
1,87,mBERT+Qwen PCA-2048,2048,2048,0.9498572448251248,0.8109441578829334,0.8910198245269287,0.9517100543852316,0.7862706608560154,0.7822929706415893,0.9233828419522404,0.969991465254374,0.0503802001476287,0.077639811748274,0.9551707779886148,0.8285869762379829,0.9014002089965532,0.9562933728959458,0.8047544091035475,0.8029034611840546,0.9230715636271788,0.9687720399550525,0.0473003573715686,0.0729624663243702,6,256,1024,0.3817926347255707,32.354583599983016,2329.82016,395393,338.6368,0.0444571584443459,False,
1,87,mBERT+Qwen PCA-768,768,768,0.9524744230311682,0.8163640542404045,0.8945346387418331,0.9537809858580122,0.7913777340719934,0.789199962864209,0.9180919980067304,0.9683219606005016,0.0483153462409973,0.0786952476898864,0.952134724857685,0.8149642398679626,0.8937381473946837,0.9531250040557202,0.7887796369492495,0.7875508301568086,0.9110668132778552,0.9632296181794536,0.0478910207748413,0.0751275000678007,6,256,1024,0.3844286203384399,13.514424499997403,895.328768,149633,126.9888,0.017534454459297,False,
1,87,mBERT+Qwen RP-1024,1024,1024,0.9446823697359028,0.7961420429636125,0.8820707462082531,0.947197056982891,0.770571455888097,0.7645713343363932,0.92213398902172,0.9704027226054702,0.0485591106116771,0.0736068494396575,0.9442599620493358,0.7941846207742161,0.8809747827472628,0.9464050130165064,0.7665305416615982,0.7622596705287032,0.9140336545082648,0.9674032218926472,0.0481866039335727,0.0701877618821751,10,256,1024,0.3952742516994476,28.326534600026207,1182.100992,198785,169.3184,0.0215957352939168,False,
1,87,mBERT+Qwen concat no PCA,4352,4352,0.9160718534380204,0.7244678773677016,0.837482158169519,0.9231369265478652,0.6978515404331653,0.6774055925408999,0.9141213875936756,0.969525271609592,0.0710221529006958,0.1203983267629618,0.920493358633776,0.7367263587810242,0.8449514344053191,0.9265412305068984,0.7086077366534792,0.6917799136643732,0.9134078501215908,0.9679256014115912,0.0679129809141159,0.1165119475130154,7,64,1024,0.3915993869304657,86.5650011000107,2331.395584,837761,719.6032,0.0815891508548476,False,
1,87,mBERT+Qwen+Char PCA-1024,1024,1024,0.9483107304306448,0.805113254092846,0.8876586328753275,0.9502206847695922,0.7795219492790652,0.7755784003410926,0.9197488659828784,0.968048875343996,0.0522863529622554,0.0869003566349372,0.9491935483870968,0.8074087394353534,0.889072822407641,0.9506385532708094,0.7806276699979632,0.7782971985803749,0.9132010838016908,0.9649066567368784,0.0510718449950218,0.0841939340921232,6,256,1024,0.3871314823627472,17.77230640000198,1182.100992,198785,169.3184,0.0245479743833723,False,
1,87,mBERT+Qwen+Char PCA-1536,1536,1536,0.9487270996906972,0.8062050359712231,0.8883301023014876,0.95057359475808,0.7806505172664641,0.7769058345322716,0.9195619927974262,0.9698883765676756,0.0502786375582218,0.0828768804604788,0.9518026565464895,0.8174631692418254,0.894849527453071,0.9531903246396516,0.792271854251334,0.7898464785649939,0.9196598463602162,0.9671976129636456,0.0486468374729156,0.0797609571769101,6,256,1024,0.3757061064243316,26.121196599997347,1757.03552,297089,253.9776,0.0345339753318876,False,
1,87,mBERT+Qwen+Char PCA-2048,2048,2048,0.885736378777064,0.659094942324756,0.7952304180343635,0.8984089947350427,0.6317945490545394,0.5967233748923937,0.897288568013343,0.9685453970153164,0.0630965083837509,0.1139630501761468,0.8884250474383302,0.6638078902229846,0.7984606508332532,0.899974012864486,0.6325038949337678,0.6022070425589914,0.8913125279911339,0.9677485101772404,0.0616276264190673,0.1114324040668512,5,256,1024,0.3825416266918182,27.7472768999869,2329.82016,395393,338.6368,0.0417412713466502,False,
1,87,mBERT+Qwen+Char PCA-768,768,768,0.9389721627408992,0.7807692307692308,0.8726607347876005,0.942306317954509,0.7546726659251898,0.7460191495223221,0.921216200420369,0.97050148821821,0.0517205335199832,0.0787335272801186,0.944022770398482,0.7961299239806496,0.8818436928822198,0.9464624412400826,0.7696480663879155,0.7640908004213331,0.9200295024153392,0.9690881432205132,0.0487447679042816,0.0742782111300431,8,256,1024,0.3886790871620178,18.63285970001016,895.328768,149633,126.9888,0.0213227988622461,False,
1,87,mBERT+Qwen+Char concat no PCA,5376,5376,0.9261241970021412,0.7481751824817519,0.8524439275018546,0.9314703579709332,0.7215657219643891,0.7064293540839655,0.9177210948883142,0.9711821894673623,0.064177468419075,0.1108638330862633,0.9298861480075902,0.7577049180327868,0.8583588372748515,0.9342408147224268,0.7289221863813252,0.7177847976562659,0.91312928385823,0.9667763331036904,0.0621671341359615,0.1065170290191574,7,64,1024,0.3713771402835846,105.65139700000871,2874.259968,1034369,888.9216,0.1026757542688737,False,
1,87,mBERT+Qwen2.5+Llama-2 PCA-1024,1024,1024,0.9436117059243396,0.7924693520140105,0.8799213500158158,0.9462021826674338,0.7663910881978135,0.7602906008199446,0.9202537511395872,0.9688295559920382,0.0550985634326934,0.0938409291627251,0.9450189753320684,0.7965595927681236,0.8823869735225309,0.947091372713662,0.76917193354745,0.7650669561079041,0.914797824455457,0.9656791578131476,0.054231010377407,0.0907806631422865,6,256,1024,0.3865011036396026,17.795714599982603,1182.100992,198785,169.3184,0.0257869022770252,False,
1,87,mBERT+Qwen2.5+Llama-2 PCA-1536,1536,1536,0.9446823697359028,0.7948831054256726,0.8814566781855073,0.9470717426695552,0.768678770449694,0.7632997317767563,0.919167894724503,0.9687396360537052,0.0542596280574798,0.0927581240585002,0.9456356736242884,0.79979035639413,0.8841689733447211,0.9477811640742654,0.7731961582435605,0.7686566278005675,0.918463542103295,0.9672879207345308,0.0531609021127224,0.0918313610093558,6,256,1024,0.3796363770961761,25.884424399991985,1757.03552,297089,253.9776,0.0363672058816722,False,
1,87,mBERT+Qwen2.5+Llama-2 PCA-2048,2048,2048,0.949381394242208,0.8082037412666216,0.8895234624378814,0.9511565749268291,0.7828311262292046,0.7792764878483223,0.9199341928380298,0.9692113166769728,0.0515589341521263,0.082821832815783,0.9508064516129032,0.8140577371346602,0.8928556186971719,0.9522605491426857,0.7884176179580192,0.785870054269992,0.9182633239048724,0.9665240740226344,0.05092079564929,0.0811233789001748,6,256,1024,0.3811871111392975,32.398453300003894,2329.82016,395393,338.6368,0.0423884867160118,False,
1,87,mBERT+Qwen2.5+Llama-2 concat no PCA,8448,8448,0.9477753985248633,0.8012675418741512,0.8856026129558389,0.9495210923588168,0.7746053617131177,0.7714197615154937,0.9141477417176138,0.9676090191959448,0.0524738393723964,0.0910328234768136,0.951707779886148,0.8136213841083852,0.8929407263884888,0.9527387808247036,0.7872691239375122,0.7859616203411426,0.910823385819238,0.9668283218515986,0.0506480783224105,0.0889563949131875,6,64,1024,0.3888101279735565,140.86062170000514,4502.980608,1624193,1396.8768,0.1585307400381485,False,
1,101,DistilBERT,768,768,0.9343921008803237,0.7558113792340049,0.858958357360157,0.9371345883429923,0.7230705182320847,0.7183447557024155,0.8931871347314265,0.95403764300022,0.0516954995691776,0.0752094622002083,0.935483870967742,0.7610681658468025,0.8618875983341723,0.937894354552829,0.7279273612738688,0.7241128070367093,0.892293661810463,0.9570197676526304,0.0510607548058033,0.0730197473823232,20,256,1024,0.4661823213100433,44.54484550000052,895.328768,149633,253.9776,0.0172718643275221,False,
1,101,DistilBERT+mBERT PCA-1024,1024,1024,0.9370092790863668,0.7633519553072625,0.8635106889644824,0.9394220965459896,0.7313504564837049,0.7273642058775338,0.8948877987722137,0.9559129426017156,0.054013080894947,0.0800951949308324,0.9439753320683112,0.789895036470379,0.8787867037629817,0.9458012377579552,0.7608001919198464,0.7577945079302357,0.9060832340479628,0.9627673291447044,0.0495001673698425,0.0760518623789882,7,256,1024,0.457994669675827,20.64578010002151,1182.100992,198785,169.3184,0.0260545351044177,False,
1,101,DistilBERT+mBERT PCA-128,128,128,0.9229716868903164,0.7247608926673751,0.8399903221938487,0.9273239761925596,0.6894165442765074,0.6809262187111444,0.8862668244477814,0.9508856731500028,0.0593280456960201,0.0850745606758657,0.9277039848197344,0.7401977497442891,0.8491036690530009,0.9312067463610676,0.7052150586197836,0.6988575493486398,0.8886863976164504,0.9511421925830054,0.0557483173906803,0.0789155484405143,19,256,1024,0.4960663914680481,39.48789429999306,178.398208,26753,21.1648,0.0102028225801387,False,
1,101,DistilBERT+mBERT PCA-256,256,256,0.931655960028551,0.7473059159885639,0.8538950737558805,0.9346801706076024,0.7135436697824075,0.7082921551395611,0.8899357508073756,0.9532077624450908,0.0524048544466495,0.0678315762542994,0.9370018975332068,0.7670175438596492,0.8652970330378882,0.939388951539813,0.7348983753405424,0.7309334631474852,0.8964732818709376,0.9566439388460508,0.0498917400836944,0.0645348226904703,13,256,1024,0.4975273311138153,27.24976659999811,321.78432,51329,42.3296,0.012297243832728,False,
1,101,DistilBERT+mBERT RP-256,256,256,0.9166666666666666,0.709275783357543,0.8303191970077075,0.9220593336202696,0.6730843551512894,0.662004391460983,0.883527625024546,0.9469610535929815,0.0662498027086258,0.1076281251923816,0.9240037950664136,0.7315683646112601,0.8436522194409086,0.9281511103779472,0.6962537333190243,0.688182749121505,0.888565153099668,0.9522858929022616,0.0615638121962547,0.1019325296627799,12,256,1024,0.496187686920166,25.00512760001584,321.78432,51329,42.3296,0.0118724810234774,False,
1,101,DistilBERT+mBERT raw concat,1536,1536,0.9426005234356412,0.7704020937425649,0.8688011964243227,0.943378960305536,0.7381226315736157,0.737639923336608,0.8792125321258434,0.9419935090707235,0.0513731874525547,0.0844934027381205,0.944449715370019,0.776227785209249,0.8722582855962024,0.944654714066291,0.7445551327775347,0.744519248439472,0.8750354620400393,0.949006441432976,0.0488626137375831,0.0796966952678219,11,256,1024,0.5110087394714355,47.51812970000901,1757.03552,297089,253.9776,0.0336193311187452,False,
1,101,DistilBERT+mBERT standardized concat,1536,1536,0.931180109445634,0.7464387464387464,0.8533129694479957,0.9343141203868404,0.7127329559046911,0.7071626730717222,0.8905125153822453,0.9549790089818512,0.0561588630080223,0.081570857920217,0.9383776091081594,0.7711819623040338,0.867788168883289,0.9406186164619192,0.7395457343064541,0.7358812729080237,0.8977547742687354,0.9587813687342296,0.0513183772563934,0.0764989576336046,12,256,1024,0.4713360071182251,51.41075069998624,1757.03552,297089,253.9776,0.0343295113841072,False,
1,101,Llama-2 PCA-1024,1024,1024,0.948429693076374,0.7981373690337602,0.8842880919293388,0.9495826738431776,0.770058079350237,0.7686691528589253,0.9026555645693496,0.9606470743846396,0.0419883020222187,0.062558045778747,0.9541745730550284,0.8202456270934128,0.8969928184398723,0.9548517541551442,0.7946468991965456,0.7940216837168201,0.9092471653932864,0.9620953542454476,0.0391245558857917,0.0608617741031399,9,256,1024,0.4300835132598877,26.413023800007068,1182.100992,198785,169.3184,0.0252947201131687,False,
1,101,Llama-2 raw,4096,4096,0.9489650249821556,0.8006505576208178,0.8856936280600678,0.9501487079754214,0.7729890215071851,0.7714864094994713,0.9048668667806518,0.9600181668869494,0.0446513257920742,0.0666618519696971,0.95365275142315,0.8183001673795797,0.8958694921121588,0.954348225919092,0.7924197156072238,0.7917765909893943,0.9082868229023426,0.9640283430224678,0.0416034311056137,0.0650250311841944,8,256,1024,0.4382529556751251,84.03043330000946,4624.628736,788609,677.2736,0.0757077039838848,False,
1,101,Llama-2+Qwen PCA-1024,1024,1024,0.9502736140851772,0.8103448275862069,0.8908651848774407,0.9518924506759716,0.7849809474986185,0.7819238244529574,0.9189586911993356,0.9675561280487855,0.0503415279090404,0.0819228085534801,0.9517552182163188,0.8161937466112417,0.8942136723882648,0.9530321097909428,0.7905880373623769,0.7885515330851227,0.9168158136883432,0.9641691901959022,0.0492817535996437,0.079396336077336,6,256,1024,0.3915929794311523,17.826931199990213,1182.100992,198785,169.3184,0.0254250569250836,False,
1,101,Llama-2+Qwen PCA-1536,1536,1536,0.9462288841303832,0.799645390070922,0.8842964515619792,0.94845442357715,0.7738912120841427,0.7689365675868135,0.920471368031766,0.9695502124208898,0.0496421195566654,0.0740025222218721,0.9512333965844404,0.8173418621179815,0.8946010744948826,0.9528460177156468,0.7926271489400574,0.7894004547111617,0.9234779016749092,0.9700062148763144,0.0462992787361145,0.0701342605259375,7,256,1024,0.4049777388572693,30.370692000025883,1757.03552,297089,253.9776,0.0357245588237755,False,
1,101,Llama-2+Qwen PCA-2048,2048,2048,0.9421246728527244,0.7841136010650099,0.8753483484254885,0.9444961684865888,0.7557977724453707,0.7510589608587613,0.9102976951863736,0.9634701081882512,0.0564223527908325,0.0954238560211154,0.9462998102466792,0.7997169143665959,0.8843550058849523,0.9481628118816186,0.7724228734705483,0.7689510853951156,0.9140367617378832,0.963104807647472,0.0540061630308628,0.0923004298304796,5,256,1024,0.4115068614482879,27.571624899981543,2329.82016,395393,338.6368,0.0423051518019407,False,
1,101,Llama-2+Qwen concat no PCA,7680,7680,0.9472400666190816,0.8007189395641429,0.8851570565917928,0.9491536356523632,0.7743398981479647,0.7705705972199495,0.9163855809521372,0.9698582148132124,0.0523525774478912,0.0870622668739708,0.9494781783681214,0.8089686098654708,0.8899291593812799,0.9509645034469932,0.7825239567908291,0.7800198503615265,0.915020418877909,0.9686506077532592,0.0511678792536258,0.0852949741600431,6,64,1024,0.3795718252658844,125.80784470000071,4096.336384,1476737,1269.888,0.143211982922332,False,
1,101,Qwen2.5 raw,3584,3584,0.942303116821318,0.7833854399285395,0.8750523576504017,0.9445277243891578,0.7545923972058012,0.75042303372611,0.907644973869512,0.9613393814246488,0.0519486144185066,0.1020924148763357,0.9468690702087288,0.7990670972371726,0.8842271472628764,0.9484284525289336,0.7710788351856417,0.768623343389552,0.9088930663401448,0.9639773239804472,0.0494248792529106,0.0994677441155775,15,256,1024,0.4061388075351715,135.1030127000122,4049.823232,690305,592.6144,0.0666155028462885,False,
1,101,Qwen2.5+PCA-1024,1024,1024,0.9492624315964788,0.8091295591855001,0.8899360709664423,0.9511802164049844,0.7842993288747391,0.7801407797033497,0.9230444782789644,0.9718195103320636,0.0495297722518444,0.0766987465846066,0.9486717267552184,0.8079517216897408,0.8891644935996205,0.9503899855916416,0.7818072066668267,0.778543049444041,0.9180404166740698,0.9664504180829586,0.0495309308171272,0.0743367037790663,7,256,1024,0.3668517768383026,20.38047709999956,1182.100992,198785,169.3184,0.0215202846296067,False,
1,101,mBERT,768,768,0.8866285986200333,0.6330381209087409,0.7829981318578175,0.8966544761067549,0.5889574228231952,0.5696779553633133,0.8526691074298842,0.9155091275887108,0.0885738059878349,0.1530774931779897,0.8927893738140418,0.6472057446144239,0.7919980169064176,0.9011554548221844,0.6017939553880676,0.5866732076008099,0.8525403499833294,0.925538474551289,0.0841069370508194,0.1464724029810211,10,256,1024,0.5988116264343262,23.81136739999056,895.328768,149633,253.9776,0.0212233965848974,False,
1,101,mBERT PCA-256,256,256,0.9290387818225078,0.7268147469658804,0.8430190903370265,0.931091642278208,0.6883577660784523,0.6862547899343068,0.8647181962672251,0.9334837208830578,0.0575075037777423,0.0841644611590757,0.9388519924098672,0.7587497660490361,0.8618693828479691,0.93961022488633,0.7241720996703648,0.7237725019403545,0.8711810375410894,0.9458061513303406,0.0517653971910476,0.0783285818680364,9,256,1024,0.559145450592041,18.64189090000582,321.78432,51329,42.3296,0.0118014468682003,False,
1,101,mBERT PCA-512,512,512,0.9199381394242208,0.7100387763894873,0.8317980784162604,0.9240807947156384,0.6712736352088612,0.6644122967283177,0.8724649286468329,0.9354416078243648,0.0677177980542182,0.1125094705856689,0.9225806451612903,0.7185236288375302,0.8368208045733221,0.9260038556545936,0.6792714673754846,0.674216602262314,0.8711832271995452,0.9448643583746013,0.0634104236960411,0.1083534508594532,7,256,1024,0.5349977612495422,15.24142830001074,609.107456,100481,84.6592,0.0162716982918225,False,
1,101,mBERT+Qwen PCA-1024,1024,1024,0.947953842493457,0.8042067576639069,0.8870973764309931,0.949921089512733,0.7785986418743052,0.7744703191564256,0.919969575535658,0.9688214419147628,0.0492180846631526,0.0763278535455102,0.9513757115749526,0.8150153401913012,0.8935122032614935,0.9526901988929688,0.7892784267912947,0.787155119284351,0.916599433725128,0.965804500119326,0.0465882085263729,0.0717974065055459,6,256,1024,0.3856657147407532,17.26114640000742,1182.100992,198785,169.3184,0.0268530787478609,False,
1,101,mBERT+Qwen PCA-1536,1536,1536,0.8821674994051868,0.6512937863052279,0.7901997328620224,0.8954780799371279,0.6233308124396173,0.5871491956489465,0.8937753388250782,0.9666587410310764,0.0638423636555671,0.1087517745181512,0.8851043643263757,0.6570376663834607,0.7940154426851488,0.8972816106636321,0.625484451755249,0.593786391996574,0.8890877932922379,0.9664991119162382,0.0617465823888778,0.1062401943000659,5,256,1024,0.3949955701828003,21.704492500022752,1757.03552,297089,253.9776,0.0371182447812847,False,
1,101,mBERT+Qwen PCA-2048,2048,2048,0.9439091125386628,0.7915100596948927,0.8795528374829228,0.946281428642516,0.7646014236438918,0.759480658251363,0.9161856554087724,0.966961522480234,0.0547193735837936,0.0953501534071896,0.9461100569259964,0.7994350282485876,0.8841541647161395,0.948023069684941,0.7722015913689724,0.7685620058227528,0.914591391797798,0.9670906116537712,0.0525972843170166,0.0920981422228388,5,256,1024,0.3858021199703216,27.058251599984946,2329.82016,395393,338.6368,0.0424678083499266,False,
1,101,mBERT+Qwen PCA-768,768,768,0.94515822031882,0.7974516695957821,0.8828686526294816,0.9476071250191674,0.7719381249895787,0.7661478479116102,0.922192816081968,0.968469094759952,0.0534621141850948,0.0892277610278394,0.943595825426945,0.7912203687445127,0.8793068798336577,0.9457144146642408,0.7629544269943265,0.7589121750807877,0.9113351194273088,0.9652791593479936,0.0532261058688163,0.0864364778483374,6,256,1024,0.3833599388599396,13.495222700003067,895.328768,149633,126.9888,0.0176234914612734,False,
1,101,mBERT+Qwen RP-1024,1024,1024,0.9220794670473472,0.7359935509875051,0.8451442181006885,0.9278707111030788,0.7077499420332706,0.6920114984208676,0.911394808220957,0.9684802349889984,0.0652409270405769,0.112393937554654,0.9238140417457306,0.7403815066278694,0.8478690765473811,0.9289028745151648,0.7097814846421974,0.697093874622442,0.9061873992287898,0.9645636623801912,0.0649156123399734,0.1099718683567145,7,256,1024,0.3872798681259155,19.99020529998233,1182.100992,198785,169.3184,0.0215242267544871,False,
1,101,mBERT+Qwen concat no PCA,4352,4352,0.9514037592196052,0.8160324251294754,0.8940183370892897,0.9531247188518376,0.7919307151459686,0.7882615469367565,0.9251100430162488,0.9732128370688294,0.0433313734829425,0.0602512192697905,0.955740037950664,0.8313753840592807,0.9029511861733048,0.9569114635545226,0.8080979118089894,0.8060163032137851,0.9260474137380924,0.9733706772284112,0.0408334359526634,0.0563555869426042,11,64,1024,0.3951649367809295,135.32117469998775,2331.395584,837761,719.6032,0.0817848244780034,False,
1,101,mBERT+Qwen+Char PCA-1024,1024,1024,0.9559838210801808,0.8263725950258095,0.9005849760770352,0.95683135719497,0.8022961860717479,0.8012285062768525,0.9169103855034691,0.967733257690624,0.0451895892620086,0.0702702322541159,0.9567362428842504,0.8295964125560538,0.9024095951065424,0.9573027211545674,0.8053418987282998,0.8048458346898564,0.9133590103110808,0.9647262601609536,0.044325090944767,0.0674309550270268,6,256,1024,0.3925886452198028,17.772345300007146,1182.100992,198785,169.3184,0.0251964136626879,False,
1,101,mBERT+Qwen+Char PCA-1536,1536,1536,0.8872828931715442,0.6572617109784771,0.7949059934141363,0.8992281113534158,0.62653860160806,0.5953570555094532,0.889693758428955,0.9653680540464056,0.0608415380120277,0.1026492699727685,0.8866698292220114,0.6559124297853953,0.794037936788373,0.8981693673999158,0.6216059701817958,0.5932001844197852,0.8828550451941335,0.963159861917218,0.059935126453638,0.1002461359986374,5,256,1024,0.3998028039932251,21.106606200017268,1757.03552,297089,253.9776,0.030859862429384,False,
1,101,mBERT+Qwen+Char PCA-2048,2048,2048,0.9461099214846538,0.7964044943820224,0.8826747226828875,0.9480598790598578,0.7693368823004202,0.765610150751681,0.9136240511891862,0.966205067673566,0.0521849058568477,0.0881637221509371,0.9513282732447818,0.8143994211287988,0.8931955611868061,0.9525991787295884,0.7884886702680556,0.7865129934415865,0.9154124511570614,0.966320873717934,0.0495052896440029,0.0845788904402115,5,256,1024,0.3905709385871887,27.60093409998808,2329.82016,395393,338.6368,0.0423750901331111,False,
1,101,mBERT+Qwen+Char PCA-768,768,768,0.9456935522246016,0.7963417354450145,0.8825056537627942,0.9478102366324794,0.7696670354124326,0.7653177205428663,0.9161414270367372,0.9673917681023316,0.0537023618817329,0.0882856563726794,0.9449715370018976,0.7943262411347518,0.8812814119145829,0.94683604066378,0.7660773221088037,0.7627981039058537,0.9099653316590162,0.9635265150121732,0.0530343614518642,0.0853425189103857,6,256,1024,0.390092670917511,14.187802900007227,895.328768,149633,126.9888,0.0222771584440797,False,
1,101,mBERT+Qwen+Char concat no PCA,5376,5376,0.927730192719486,0.7504621072088724,0.8541042930410558,0.9326558473994714,0.7228426429271916,0.7095330409084631,0.914821126995452,0.9688052802690414,0.0702396407723426,0.1307492020743576,0.9313092979127134,0.7605820105820106,0.8602422680291533,0.9353751338427204,0.7315094501650952,0.7214278825173706,0.9121179536061006,0.9682183066124098,0.0689631104469299,0.1290494384220227,6,64,1024,0.3878966569900512,90.7783225000021,2874.259968,1034369,888.9216,0.1066689089179084,False,
1,101,mBERT+Qwen2.5+Llama-2 PCA-1024,1024,1024,0.9464073280989768,0.7981178579430876,0.8836102132210552,0.948405811064968,0.7714738211648937,0.7674963479660075,0.915700007931178,0.9666878718986724,0.052051343023777,0.0840335086361637,0.9488614800759012,0.8068100358422939,0.8886701901464067,0.9503837372147632,0.7800651517701702,0.7775078780021335,0.9140059813961612,0.9646792554927688,0.0500891767442226,0.0810944310138514,6,256,1024,0.3977095186710357,17.872166400018614,1182.100992,198785,169.3184,0.026436873813647,False,
1,101,mBERT+Qwen2.5+Llama-2 PCA-1536,1536,1536,0.9453961456102784,0.7959092930191196,0.8821955309427123,0.9475928211891088,0.7693629048862445,0.7647200439124564,0.9170315645919624,0.9691303089218768,0.0525935739278793,0.0813715825502278,0.9491935483870968,0.8093288232152395,0.8900104423111744,0.9508355035385272,0.7832591060973518,0.7802179444929958,0.917840824092349,0.9651651094232806,0.0507583580911159,0.0769823555546535,6,256,1024,0.3914599418640136,25.97165950000636,1757.03552,297089,253.9776,0.0359524762797155,False,
1,101,mBERT+Qwen2.5+Llama-2 PCA-2048,2048,2048,0.9418867475612658,0.7840883977900552,0.8752566804236025,0.94435412613599,0.7560092238490721,0.7509050045495905,0.9116453968656716,0.9651277410159456,0.0569929145276546,0.0991906374697348,0.9438804554079696,0.7922009485332865,0.8798803300266455,0.9459809339494376,0.7640740970469807,0.7600554091611779,0.9118288144204816,0.9646929773524252,0.0541866868734359,0.0965623358646283,5,256,1024,0.3966134488582611,27.22188399999868,2329.82016,395393,338.6368,0.0425519402271098,False,
1,101,mBERT+Qwen2.5+Llama-2 concat no PCA,8448,8448,0.9411134903640256,0.7864538395168249,0.8761508882971181,0.9441332696650993,0.7605187112429195,0.7528908372704948,0.9215868541306722,0.970166682767346,0.0550584010779857,0.0941938757537455,0.9416508538899432,0.7901023890784983,0.8781090457789186,0.944456379188932,0.7635078748493725,0.7567345255034132,0.92049988275943,0.970909782651582,0.053516499698162,0.0931511114286506,7,64,1024,0.371716171503067,163.73128639999777,4502.980608,1624193,1396.8768,0.1593880075889558,False,
2,13,DistilBERT,768,768,0.9402472933798736,0.7760532150776053,0.8707887593684039,0.9420968307173851,0.7444443786859963,0.7417903402350956,0.8960450167107193,0.9547901639481936,0.0495727844536304,0.0737762184585402,0.9281420118343195,0.7417488941816944,0.8500067466619459,0.9313705300384644,0.7060422686511292,0.7005693726916803,0.8863708833800679,0.9410572710473132,0.0592261590063571,0.0808996985288414,15,256,1024,0.4708660542964935,35.983167200000025,893.252608,149633,251.971584,0.0219890745563333,False,
2,13,DistilBERT+mBERT PCA-1024,1024,1024,0.9521978347038988,0.8177717636445647,0.895131285608201,0.9533603099200592,0.7920882176557351,0.790366419441221,0.9158086117941792,0.965331176514099,0.0435486920177936,0.0635723356792932,0.9365207100591716,0.7643647865050079,0.8638421760693207,0.9386067921219876,0.7308988681865523,0.7279409704857903,0.89033679252341,0.9496345307142264,0.0549205690622329,0.0652936339780423,8,256,1024,0.4165781140327453,23.699210999999195,1179.35616,198785,167.981056,0.0258207952661561,False,
2,13,DistilBERT+mBERT PCA-128,128,128,0.9172336271667751,0.7208142087407703,0.8361146924933232,0.9229021299176696,0.6868072400555999,0.6737905796587345,0.8944215558750445,0.9527535460414476,0.0647089481353759,0.1045522711834318,0.8952899408284024,0.6596923076923077,0.7989090909090909,0.9035408005958536,0.616478819918452,0.6005129533878975,0.8617283047323744,0.9281512654721368,0.0783684849739074,0.1106316960386975,12,256,1024,0.485804796218872,25.249980399996275,177.993728,26753,20.997632,0.0096504899408646,False,
2,13,DistilBERT+mBERT PCA-256,256,256,0.94391528131101,0.788298347476552,0.8779871442783742,0.9454964953822956,0.7583706526554229,0.7561391837569906,0.9012199777965624,0.9610083700564324,0.0454794876277446,0.0617090350696641,0.9314556213017752,0.7448008459640465,0.8526060222821108,0.9336295860407808,0.7081330469272495,0.7054695958908825,0.8773066176548137,0.9396167280344768,0.0574096068739891,0.0645484180931861,13,256,1024,0.4582231938838959,18.94733619998442,321.045504,51329,41.995264,0.0079486911245704,False,
2,13,DistilBERT+mBERT RP-256,256,256,0.9372892385966988,0.7704634040710264,0.867073554851739,0.9397926549158108,0.7389846144843388,0.7345249546850785,0.9003162390981412,0.959239701839552,0.0517949685454368,0.0805715765438862,0.9152662721893492,0.7046204620462047,0.8275796424627265,0.9199925611596788,0.6643221525315218,0.6561929162725385,0.8716613847339827,0.9399556908426836,0.0668595060706138,0.089874997907489,17,256,1024,0.4502807855606079,35.60157609998714,321.045504,51329,41.995264,0.0121299597633087,False,
2,13,DistilBERT+mBERT raw concat,1536,1536,0.9487664911554162,0.7973795039775387,0.8840276904961512,0.9492483541106757,0.7683151210186814,0.7680716171114432,0.8914535176492134,0.9533275278374712,0.0449704825878143,0.0675939176693785,0.9328757396449704,0.7455132806891601,0.8534262515556603,0.9345308308904496,0.7085927135103983,0.7070030030890067,0.872230548925503,0.9386262678121552,0.0562126822769641,0.0749174229996444,12,256,1024,0.4837764203548431,51.342602100019576,1752.771072,297089,251.971584,0.0346173443790172,False,
2,13,DistilBERT+mBERT standardized concat,1536,1536,0.935514405726794,0.7689699025010598,0.8657487026256674,0.9385947461673688,0.7385494421953677,0.7320625064696562,0.906495426072469,0.9605050942903184,0.0548187047243118,0.0858738781972579,0.917396449704142,0.7155664221678891,0.833624274354054,0.9223534823616156,0.6781269420480143,0.6684259529159613,0.8826889280704668,0.9458746709142948,0.0664515420794487,0.0911611699356129,12,256,1024,0.4459817707538605,51.22451150001143,1752.771072,297089,251.971584,0.0341850650888046,False,
2,13,Llama-2 PCA-1024,1024,1024,0.9475241081464828,0.8015215931975833,0.8856433680955365,0.9489623849580258,0.7735804557648254,0.7714323439121472,0.9086214682111956,0.9630340542075256,0.0428536422550678,0.0604870754158501,0.9400710059171598,0.777112676056338,0.8712470681348139,0.9419960263847528,0.7456040869265362,0.7427252848888727,0.8975964528450011,0.9496245506175672,0.050787329673767,0.062484705451942,10,256,1024,0.4383890628814697,29.13335359998746,1179.35616,198785,167.981056,0.0250585467455434,False,
2,13,Llama-2 raw,4096,4096,0.9515470626516004,0.8158308972340904,0.8939674258642267,0.9527813082378422,0.7899385810613309,0.7880505818376838,0.9156427966253616,0.9670702412241672,0.0428343936800956,0.0669084674417743,0.9408757396449704,0.7802990325417766,0.8730703421973207,0.9427948431867206,0.7493298418545041,0.7463736871920625,0.8998546428274806,0.9537946552163956,0.0512908995151519,0.0676949170979522,9,256,1024,0.4022610187530517,95.16984509999747,4614.072832,788609,671.924224,0.0803747786988763,False,
2,13,Llama-2+Qwen PCA-1024,1024,1024,0.9350411169614862,0.7736082474226804,0.8678443226338433,0.9387764403000344,0.7462378293125831,0.7365308140298328,0.9189651725159298,0.9677575820023598,0.0587959140539169,0.0955582594516953,0.9267692307692308,0.7464350106539912,0.8518199562938273,0.9310245376866644,0.7141504023155267,0.7046144309433839,0.901448893747998,0.9571083768873404,0.0641925930976867,0.0918086698304795,6,256,1024,0.4052260220050812,17.796884199982742,1179.35616,198785,167.981056,0.0269508213025225,False,
2,13,Llama-2+Qwen PCA-1536,1536,1536,0.9513104182689464,0.8192400614979135,0.8955530974429711,0.9529944248007756,0.7948871474341505,0.7913241774397071,0.925987276144677,0.969919930023964,0.048871960490942,0.0811394992068657,0.9424378698224852,0.7884481558803061,0.8775674563851699,0.9445472023788132,0.7592754720285998,0.7554263307128812,0.9085956007981112,0.9579939894481644,0.0546599477529525,0.0779136145033779,6,256,1024,0.3841739892959595,25.74933599997894,1752.771072,297089,251.971584,0.0359205301773883,False,
2,13,Llama-2+Qwen PCA-2048,2048,2048,0.9426728983020766,0.7961287607826636,0.8813879614328766,0.9455631261889944,0.770925112937651,0.763338624052013,0.9266071409537142,0.9705907167407912,0.056007232517004,0.0908278495222964,0.934153846153846,0.7669626403082593,0.8643115067531759,0.9374763802464752,0.7365609444854646,0.7292728759980197,0.9076271606445796,0.9610446753207804,0.0599926598370075,0.0864603961692054,6,256,1024,0.3889384865760803,32.49309450000874,2324.294144,395393,335.962112,0.0427809656809839,False,
2,13,Llama-2+Qwen concat no PCA,7680,7680,0.939951487901556,0.7882328395576883,0.8766242610913593,0.9431570692421546,0.7623804035684469,0.7539135023110899,0.9244380098045264,0.9717051523022096,0.0542770400643348,0.0942077869920203,0.9321183431952664,0.7625827814569537,0.8614902308278969,0.935826494669907,0.7323454516877949,0.7237726920689014,0.908754386298829,0.9611140931241686,0.0599153451621532,0.0914820199432457,8,64,1024,0.3803242444992065,166.87582019998808,4076.272128,1476737,1259.85792,0.1411833136091725,False,
2,13,Qwen2.5 raw,3584,3584,0.9546826007217654,0.8255125284738041,0.8997361391349168,0.955604742249236,0.8007508566819833,0.7995407350685096,0.917020805144324,0.9682790268602164,0.0402616485953331,0.0700714859379993,0.9455147928994084,0.7955958089149352,0.882082019261258,0.9470828032455688,0.7666927652702237,0.7643316897464005,0.9061006590283188,0.9567021591449902,0.0480520240962505,0.0730209222162616,15,256,1024,0.3822665512561798,136.4480642999988,4041.02656,690305,587.933696,0.0698323597643833,False,
2,13,Qwen2.5+PCA-1024,1024,1024,0.9506004851209844,0.8168457995174381,0.8941479313858944,0.9523337577931814,0.7921815449838874,0.7885236814061394,0.924965785581461,0.970697890156616,0.0498824603855609,0.078598822559153,0.9457988165680472,0.7978817299205648,0.883292375142051,0.9474847923814136,0.7695613530641169,0.7667804247407126,0.9095332767114764,0.960408668170211,0.0530709810554981,0.0725441779243875,7,256,1024,0.3811968863010406,20.72746179997921,1179.35616,198785,167.981056,0.0281068970416204,False,
2,13,mBERT,768,768,0.9429095426847304,0.775842044134727,0.8715656442835595,0.943617431817938,0.7435745064214258,0.7431628871722566,0.8811255275900485,0.9419000573981796,0.0493647120893001,0.0804890076962775,0.9267218934911242,0.7218828602227811,0.8398423133302326,0.9284975671521026,0.6813183111029198,0.6798431879247794,0.8575976467488244,0.9275683413124672,0.0613840669393539,0.0836930565595097,18,256,1024,0.5169631838798523,41.51696280000033,893.252608,149633,251.971584,0.0177241656805261,False,
2,13,mBERT PCA-256,256,256,0.9375258829793528,0.7667844522968198,0.8653582074312844,0.9395553254917348,0.7338521423572849,0.7309621821041539,0.8916156020978598,0.9499844311071648,0.0503613799810409,0.0744964670287849,0.9209467455621302,0.7165648336727767,0.8353163570971287,0.9245669103472324,0.676728729093686,0.6712691424953026,0.8709798955330035,0.9336625858885677,0.0645143687725067,0.081623477075315,12,256,1024,0.4930356442928314,26.994191099976888,321.045504,51329,41.995264,0.0120823810651303,False,
2,13,mBERT PCA-512,512,512,0.9460450807548956,0.7910174152153987,0.880020629352146,0.9470139378454216,0.7609963330898589,0.7601044716092152,0.8944213943720067,0.9547080881044292,0.0469915680587291,0.0796713527910874,0.9288520710059172,0.7330847096430474,0.8460202215027548,0.9308996118836576,0.6943978044327832,0.6922593654985577,0.8678075740137976,0.9360425969064295,0.0598728321492672,0.0831451140524014,8,256,1024,0.4647366106510162,17.309498399990844,607.149056,100481,83.990528,0.0157610082836303,False,
2,13,mBERT+Qwen PCA-1024,1024,1024,0.9413713541974796,0.7917629754150032,0.8788229274431025,0.9443535296825576,0.7659117750848096,0.7582321801830663,0.9242207074672868,0.9703830399845992,0.0538435094058513,0.0876795543984856,0.936,0.7724671827667452,0.8676151050993581,0.9391258063005368,0.742680358180244,0.7358199819028224,0.9096622970116316,0.9605706361785324,0.058901559561491,0.0832262037124859,6,256,1024,0.3820194900035858,17.83255689998623,1179.35616,198785,167.981056,0.0260358295863571,False,
2,13,mBERT+Qwen PCA-1536,1536,1536,0.9498905519730224,0.8162291169451074,0.8936096435840377,0.9518544782540436,0.7921108110846125,0.7875098956970268,0.9284648619455884,0.9727254315926428,0.0472598709166049,0.0805953986969656,0.9410650887573964,0.7862660944206008,0.8760431364347342,0.9435172238221138,0.7574753218011846,0.7524746697961155,0.911736416521981,0.9628344702198036,0.0540436953306198,0.0786968934719379,6,256,1024,0.353702187538147,25.842710299999453,1752.771072,297089,251.971584,0.0365401562137981,False,
2,13,mBERT+Qwen PCA-2048,2048,2048,0.9446843755546352,0.8022001269303999,0.8850231694867274,0.9473646219179028,0.777583496889782,0.7705458045776448,0.9285767027992028,0.9723948994756644,0.0521078258752822,0.0836555541063288,0.9376094674556212,0.7775902801214984,0.8706528649809122,0.9405962808300442,0.7484857275632514,0.7418570000474884,0.912052875190662,0.9618435980223876,0.0574063137173652,0.0796049093745163,6,256,1024,0.3685648143291473,32.395531400019536,2324.294144,395393,335.962112,0.0427637633126361,False,
2,13,mBERT+Qwen PCA-768,768,768,0.9339170561438798,0.772921325472657,0.8671267062853298,0.9380357200745764,0.7468143767538913,0.7352708585594938,0.923460851825162,0.9706409441855192,0.0587494447827339,0.1001233251339241,0.9251597633136096,0.744133354911798,0.8501515655931837,0.9298320925038752,0.712561365231958,0.701464097322778,0.9041275352123352,0.958882042961422,0.0652521029114723,0.0966837517348002,6,256,1024,0.3792756795883178,14.954151800018735,893.252608,149633,125.985792,0.0214047857984547,False,
2,13,mBERT+Qwen RP-1024,1024,1024,0.9349819558658228,0.774841221061258,0.8684232034433342,0.9388629811068944,0.7483020219879928,0.7377591618117174,0.9220136231042372,0.971785403161648,0.0523532070219516,0.0820825869511849,0.9281420118343195,0.753411306042885,0.855677227244305,0.9325376310745984,0.7232015379481771,0.7124215282556391,0.9091006101680726,0.9604652323506572,0.0588629096746444,0.0816243462732734,12,256,1024,0.3967677652835846,34.589025900000706,1179.35616,198785,167.981056,0.0276104142013165,False,
2,13,mBERT+Qwen concat no PCA,4352,4352,0.9534993788084956,0.8260292164674635,0.8995961433334313,0.954970456207815,0.802357414002111,0.7993655086687428,0.9274416594501728,0.9715939413104422,0.0449247844517231,0.06895038843973,0.943715976331361,0.7921692011886033,0.8798098599772577,0.9456782973541792,0.7633675851046721,0.7598767871715122,0.9093252910851226,0.959850472815576,0.0516782999038696,0.0675633404002299,9,64,1024,0.3921487331390381,111.90510070000892,2320.3456,837761,713.919488,0.0878743147932147,False,
2,13,mBERT+Qwen+Char PCA-1024,1024,1024,0.9442110867893272,0.7983750267265342,0.8830008952164031,0.946699346662691,0.7722995221472205,0.7664252828744478,0.9223477405886528,0.970398625027738,0.0524484142661094,0.0871574093322619,0.935905325443787,0.7702748557855447,0.8665160173965681,0.9388483687763656,0.7395510610183116,0.733550945931054,0.9055201655217056,0.9604334072746232,0.0593105480074882,0.0854175164745404,6,256,1024,0.3767638802528381,17.727692900021793,1179.35616,198785,167.981056,0.0242497183426597,False,
2,13,mBERT+Qwen+Char PCA-1536,1536,1536,0.9567532390699875,0.8364287312597897,0.90575569569091,0.9579385607714958,0.8138914396755588,0.8116313905296275,0.929914577813294,0.97229389547588,0.0443443618714809,0.0768308808011838,0.9450414201183432,0.7965656211669879,0.8823974152957508,0.9469063570889988,0.7683545782198645,0.7650321983093613,0.9112266694384352,0.9624446284874516,0.052133459597826,0.0759871044169516,6,256,1024,0.356262058019638,26.42648079997161,1752.771072,297089,251.971584,0.0356717869810231,False,
2,13,mBERT+Qwen+Char PCA-2048,2048,2048,0.943087025971721,0.798238255033557,0.8825546258293344,0.9460201163123656,0.7736695227352601,0.7656943575241446,0.9291037033615566,0.974219205489036,0.0531032420694828,0.0876552358402808,0.9360473372781064,0.7730556022173694,0.8679174476359459,0.9392131408766908,0.743506694284617,0.7364411417622909,0.9106704618636304,0.9626452500589948,0.0586590804159641,0.0832835500029593,6,256,1024,0.356187641620636,32.84252380000544,2324.294144,395393,335.962112,0.0418272946751814,False,
2,13,mBERT+Qwen+Char PCA-768,768,768,0.9362834999704196,0.7769724580658521,0.869902524715709,0.9398516010918628,0.749803993045087,0.740585907912935,0.9196740093484418,0.9686683460829214,0.0578135773539543,0.0969646587728857,0.9287100591715975,0.7526281208935611,0.8554910971151064,0.9328002319538984,0.7212786292933102,0.71190554430136,0.9048462669618386,0.9603829918224592,0.062717467546463,0.0938238842602841,6,256,1024,0.3888915181159973,13.885412400006317,893.252608,149633,125.985792,0.0203022627220571,False,
2,13,mBERT+Qwen+Char concat no PCA,5376,5376,0.953795184286813,0.8266370699223086,0.8999913447628676,0.9552055930499426,0.8029242627570148,0.8001426120702647,0.9267885088650633,0.9711312997086162,0.0448017343878746,0.0684227261551014,0.9441420118343196,0.7907801418439716,0.8792742555709888,0.9457841274594552,0.7611769983691233,0.7587280672174168,0.9036816854659142,0.9577945935025264,0.0518294759094715,0.0662623836510985,9,64,1024,0.3918424546718597,137.7125762999931,2859.672064,1034369,881.900544,0.1053575337285826,False,
2,13,mBERT+Qwen2.5+Llama-2 PCA-1024,1024,1024,0.9365201443530734,0.7775243624300228,0.8702513300263836,0.9400475324004296,0.750341657697579,0.7412679246443639,0.9196035455730888,0.968064793080693,0.0586882457137107,0.0972077500203811,0.9306508875739644,0.7574101672462328,0.858476423823608,0.9344351909563412,0.7262425995694158,0.7177603901362268,0.9053002223182398,0.9592867054977912,0.0627656579017639,0.0919493437272733,6,256,1024,0.3996315002441406,17.153745699994033,1179.35616,198785,167.981056,0.0216910153856093,False,
2,13,mBERT+Qwen2.5+Llama-2 PCA-1536,1536,1536,0.9521978347038988,0.8208425720620842,0.8966310074947231,0.953677464573908,0.7962710793878377,0.7934322721880764,0.9236168637595904,0.9690768518665068,0.0480451732873916,0.0815372249092358,0.9448520710059172,0.7934030856534846,0.8807910241301757,0.946469523500326,0.7642053511818157,0.7617584721100166,0.9052317314588136,0.9595738830366454,0.0527424253523349,0.0770208380755764,6,256,1024,0.3823073804378509,25.718293799989624,1752.771072,297089,251.971584,0.0352126627212621,False,
2,13,mBERT+Qwen2.5+Llama-2 PCA-2048,2048,2048,0.947050819381175,0.807733619763695,0.8885157070037302,0.9493209188569496,0.7828839985497674,0.777401528638934,0.926639183156396,0.9708665639292008,0.053484346717596,0.0856579566178933,0.9415384615384615,0.7873256414671947,0.8767185516009793,0.9439039354681557,0.7585251620786135,0.7538006368326977,0.9113525793266284,0.9618765457305538,0.0568186901509761,0.0801460835417435,6,256,1024,0.3874434232711792,32.39870409999276,2324.294144,395393,335.962112,0.0422827739643274,False,
2,13,mBERT+Qwen2.5+Llama-2 concat no PCA,8448,8448,0.950068035260013,0.8142605633802817,0.8927088477485101,0.95175739073005,0.7890105878029581,0.7856313056059675,0.9221962345889764,0.9682968406452758,0.0546889714896678,0.0953194969718568,0.9404970414201184,0.7826387688051184,0.874084624208411,0.9428129482906868,0.7528356763009437,0.7485105780997083,0.9069969829415944,0.961759235822454,0.0601799525320529,0.0947125203970973,6,64,1024,0.3930430710315704,140.31480200000806,4481.657856,1624193,1385.843712,0.1559851834310781,False,
2,21,DistilBERT,768,768,0.936697627640064,0.769197584124245,0.8662580310062431,0.9393160719267698,0.7377207241433381,0.7329267199948588,0.9008006190088428,0.9560625171798856,0.054549291729927,0.0965461609417314,0.9214201183431951,0.7235176548967355,0.8388597489293588,0.925547863814848,0.685953395681894,0.6785636831180097,0.8812250672672934,0.9402006306349951,0.0656060725450515,0.102035804516994,13,256,1024,0.4466578662395477,31.74998930000584,893.252608,149633,251.971584,0.0219321136098333,False,
2,21,DistilBERT+mBERT PCA-1024,1024,1024,0.946222564041886,0.8007889546351085,0.8848522962827767,0.9481273300509412,0.7735999542873943,0.7699574835020677,0.9152761685794548,0.9623189349068466,0.0495021715760231,0.0830494031161977,0.9315502958579882,0.7512899896800825,0.8558019824347278,0.9343504751668228,0.7166060982373036,0.7120394367891366,0.8889708170026406,0.9512561573797594,0.0601128302514553,0.0853795066556986,7,256,1024,0.4134164154529571,20.79181530000642,1179.35616,198785,167.981056,0.025062134910992,False,
2,21,DistilBERT+mBERT PCA-128,128,128,0.9368751109270544,0.7696956615583855,0.8665603731985532,0.9394710829067618,0.7382651101434157,0.7335253306207208,0.9009018814134876,0.9577143056483748,0.0498708523809909,0.0671664428848881,0.92,0.7132677298948082,0.8333914840474151,0.9236733701861578,0.6728899298612095,0.6674306489095134,0.8689676752805715,0.9350627553421634,0.0633673369884491,0.0722901560137787,24,256,1024,0.4776716232299804,49.90120769999339,177.993728,26753,20.997632,0.0059221159768726,False,
2,21,DistilBERT+mBERT PCA-256,256,256,0.9316097734130036,0.7550847457627119,0.8576702694639042,0.9348870722829464,0.7223310885054554,0.7159438838554438,0.8976922830941527,0.9562138132256128,0.0561792217195034,0.0895299159132756,0.9141301775147928,0.7018408941485864,0.82584164377838,0.9190373787782488,0.6613075814554249,0.6527861463658964,0.871012771145528,0.9360587566295032,0.0685095265507698,0.0940163352598805,9,256,1024,0.4671747088432312,19.015803300018888,321.045504,51329,41.995264,0.0112507171589969,False,
2,21,DistilBERT+mBERT RP-256,256,256,0.9393007158492576,0.7745054945054946,0.8697178826095971,0.9413848774536188,0.742984075521124,0.7397034634454944,0.8979707143311659,0.9589082491552584,0.0497762486338615,0.0728341732533397,0.919621301775148,0.7136593591905565,0.8334541289344852,0.9234887589569402,0.673655851902813,0.6676260442302424,0.8710407957513173,0.9358209440063228,0.0638439208269119,0.0794895002182418,17,256,1024,0.4604098796844482,35.440531900007045,321.045504,51329,41.995264,0.0103473183437189,False,
2,21,DistilBERT+mBERT raw concat,1536,1536,0.9448026977459624,0.7917875474224504,0.8799858453224784,0.9463732880357278,0.7624232681876165,0.7601370707104644,0.9035756126536983,0.9576323590070404,0.0466459393501281,0.0674687970548891,0.9257278106508876,0.7314735581037138,0.8441887251061871,0.928902510029182,0.693740129313513,0.688895199921179,0.8779610812896073,0.9398005410221728,0.0600348860025405,0.0733946029902739,19,256,1024,0.4584300220012665,80.67469320000964,1752.771072,297089,251.971584,0.0351522556208514,False,
2,21,DistilBERT+mBERT standardized concat,1536,1536,0.9113766786960894,0.7120338331410996,0.8298317676403302,0.9184990527751412,0.6803684811382874,0.6620358663015296,0.9005319910062188,0.9568395244446152,0.0729798078536987,0.1241059540164593,0.890792899408284,0.6606853949110163,0.7978048282839756,0.9008602244336784,0.6225865046485034,0.5996057706112403,0.8758402438035651,0.9429351771196284,0.0863470509648323,0.1324283732898842,10,256,1024,0.4608306586742401,42.61701539999922,1752.771072,297089,251.971584,0.0336346082835728,False,
2,21,Llama-2 PCA-1024,1024,1024,0.9516062237472638,0.8129858253315043,0.8925964734159559,0.9525199352616922,0.7862761195131193,0.7852557275813374,0.9082792594245904,0.9630959098709688,0.0416993983089923,0.0669502117531399,0.9430532544378698,0.7839051553799173,0.8755553364610515,0.9444372264030714,0.7528744522665285,0.7512346339632631,0.8952109831571398,0.9506071936124746,0.0485500283539295,0.0677492248612571,9,256,1024,0.4216858744621277,26.535144599998603,1179.35616,198785,167.981056,0.0247166343198637,False,
2,21,Llama-2 raw,4096,4096,0.9472874637638288,0.804390779363337,0.8869651411431569,0.9491194099075568,0.7776893903757132,0.7741686336814968,0.9169111445817184,0.9669239840732164,0.0455735251307487,0.0741427358570918,0.9392189349112426,0.7756813417190775,0.8702641500250647,0.9413501262368592,0.7442528408523958,0.7408091871339608,0.8992357944395886,0.9523375199066366,0.0531050413846969,0.0728892220964093,9,256,1024,0.3962242305278778,95.17677829999592,4614.072832,788609,671.924224,0.0798257325442518,False,
2,21,Llama-2+Qwen PCA-1024,1024,1024,0.9489439744424066,0.8129200086711468,0.8916790636991194,0.95096152581359,0.7883171859158742,0.7836593251950887,0.9266919138982084,0.9702151575768988,0.0479053817689418,0.0768526884351576,0.9415384615384615,0.7857018913760194,0.8759271098012555,0.9437380349107218,0.7562161158644893,0.7521668182785349,0.90775506861198,0.9589335604469632,0.0533571913838386,0.0724859433715512,7,256,1024,0.3866804242134094,20.8586873000022,1179.35616,198785,167.981056,0.024404728994567,False,
2,21,Llama-2+Qwen PCA-1536,1536,1536,0.9440927645980004,0.7975144632526248,0.8825418501787679,0.946542527210142,0.7711447499782389,0.7654926801792296,0.9210473504296142,0.9700350816898514,0.0533538162708282,0.0868863736141618,0.9376568047337278,0.7771950600575199,0.8704765030329703,0.940584406944034,0.7478421942070229,0.7414820403837034,0.9109352382567324,0.9627980619208454,0.057355023920536,0.0835390411591565,6,256,1024,0.3852260112762451,25.89415989999543,1752.771072,297089,251.971584,0.0357661680469961,False,
2,21,Llama-2+Qwen PCA-2048,2048,2048,0.9519611903212448,0.8199556541019956,0.8961192798090535,0.9534481450916008,0.7952448080868111,0.7924096596741561,0.923070886590306,0.969545113774045,0.0490586012601852,0.0810450302726873,0.9462721893491124,0.7991505928154309,0.8840694082686953,0.9478921790592976,0.7709336063866892,0.7683207458640225,0.909476485944728,0.9593435374620488,0.0540181547403335,0.0778533014243788,6,256,1024,0.3840943276882171,32.612183799996274,2324.294144,395393,335.962112,0.0441525964501738,False,
2,21,Llama-2+Qwen concat no PCA,7680,7680,0.9511920960776192,0.8137277037706029,0.892822254717449,0.9523572468310812,0.7873946299951571,0.7857466065051687,0.9129745080375216,0.9680465593877354,0.0503434985876083,0.0776648210970543,0.9473136094674556,0.8004303388918773,0.8850405177948601,0.948631325389779,0.7719857386677106,0.7702026513128868,0.9058194448289544,0.95929797301662,0.0537630692124366,0.0733895675388313,6,64,1024,0.4027189314365387,126.41695829998936,4076.272128,1476737,1259.85792,0.1434092923073021,False,
2,21,Qwen2.5 raw,3584,3584,0.9456309530852512,0.8000870132695236,0.8843120540002998,0.947708799738788,0.7731852805866593,0.7689233599316885,0.9174043910091904,0.967467005736911,0.0519286580383777,0.0885725646319808,0.9353372781065088,0.7683175033921302,0.8653712730142145,0.9383143594184667,0.7372843971011721,0.7312689972124073,0.9043782426559672,0.9572160671769884,0.0593795552849769,0.0913724585990228,11,256,1024,0.3911720812320709,100.2999248999986,4041.02656,690305,587.933696,0.0704182390531403,False,
2,21,Qwen2.5+PCA-1024,1024,1024,0.946932497189848,0.8073867296542838,0.8883069021697609,0.9492160517239474,0.7825097072442163,0.7769876013887377,0.926571674886633,0.9725976988401176,0.0510408468544483,0.087705929006733,0.941301775147929,0.7856154910096819,0.8758056065260662,0.9435901492031614,0.7563091303023552,0.751949086449176,0.9089281264954696,0.9611649411501816,0.055618405342102,0.0824306285333704,7,256,1024,0.361087441444397,20.721149599994533,1179.35616,198785,167.981056,0.0271193041416579,False,
2,21,mBERT,768,768,0.8850499911258356,0.6461482425787652,0.7887636851248055,0.8961112728614955,0.6067612595897179,0.5821465132156409,0.8694839364233602,0.9385041491745416,0.0902498215436935,0.1631384037290918,0.8654201183431953,0.6062872178368647,0.7625629471810147,0.8800157166388641,0.5627899973667614,0.5323232810669305,0.8520337171128523,0.9202113209767172,0.1053128242492675,0.1709134723912682,13,256,1024,0.5332702994346619,30.21168190002209,893.252608,149633,251.971584,0.0221394698229238,False,
2,21,mBERT PCA-256,256,256,0.9394190380405844,0.7703005832211754,0.8677044690673139,0.9410210187697584,0.7374679752878592,0.7355651412610621,0.888791608431363,0.949240241259698,0.0515188686549663,0.0869763138371375,0.922224852071006,0.7165775401069518,0.8357529019493418,0.9253220011195964,0.6760469439094189,0.6719736648771619,0.8661497965337404,0.9326331013254392,0.0646589398384094,0.0922721252386739,9,256,1024,0.4940008223056793,19.869755300023822,321.045504,51329,41.995264,0.0118749491118181,False,
2,21,mBERT PCA-512,512,512,0.9502455185470036,0.8029060229669557,0.8872175938999443,0.9506794714944784,0.7746596326313082,0.7744487323737484,0.8941466938551648,0.9542178294831548,0.043204765766859,0.0709505903078985,0.9342958579881656,0.74745269286754,0.8548440479084394,0.9355565943692374,0.7107326826126125,0.7097764617075373,0.8692802819821209,0.936704609984826,0.055954210460186,0.0743322610255529,9,256,1024,0.4632050395011902,19.299232299992585,607.149056,100481,83.990528,0.0153589491131743,False,
2,21,mBERT+Qwen PCA-1024,1024,1024,0.957167366739632,0.8378862516793552,0.9066050208635358,0.9583300933554206,0.8155469676660856,0.8133265711894169,0.9305618173872232,0.9726430004421952,0.0421482324600219,0.0662886939946363,0.9472189349112426,0.8019889895222874,0.8857701576683776,0.948737902362128,0.7740865680831438,0.7717027229081117,0.9100169972684404,0.9611931202466314,0.0482133999466896,0.0620545695773684,7,256,1024,0.3627983033657074,20.69606710001244,1179.35616,198785,167.981056,0.0251394698214469,False,
2,21,mBERT+Qwen PCA-1536,1536,1536,0.9518428681299178,0.8236568457538995,0.8978852916676314,0.9537575343086072,0.8008507771997272,0.7960583093289899,0.9336883546942634,0.9758023228658907,0.0440175794064998,0.0686095123351879,0.9426272189349112,0.7906735751295336,0.878715833094114,0.944886101955825,0.7622541671282022,0.7577687466043773,0.912464736991804,0.9649106496056244,0.0505907498300075,0.0649495784182696,7,256,1024,0.3524600267410278,30.24619760000496,1752.771072,297089,251.971584,0.0355338745574141,False,
2,21,mBERT+Qwen PCA-2048,2048,2048,0.9575814944092764,0.8388401888064734,0.9072083561466028,0.958669528309442,0.8164987894988919,0.8145194734067263,0.9297706947569976,0.9728819280361846,0.0435221642255783,0.0710532169287463,0.9487810650887574,0.8065784769395781,0.8885303995348262,0.9501233308978914,0.7791711250649216,0.7771908811952116,0.9105817945239612,0.9602948394516578,0.0500126779079437,0.0671951524392211,6,256,1024,0.3592915832996368,32.5950606999977,2324.294144,395393,335.962112,0.0422869633136526,False,
2,21,mBERT+Qwen PCA-768,768,768,0.9516653848429272,0.8218102508178844,0.896925453255354,0.9534651634021876,0.7982718881438288,0.7941029791420768,0.9300939269366716,0.9724259080589048,0.0448935814201831,0.0741240529956506,0.9442840236686392,0.7944822769338222,0.8811280042774963,0.946248677083911,0.7661029193137345,0.7625165104112309,0.9111213068080696,0.963023628584348,0.0511024631559848,0.0708636786288322,7,256,1024,0.3605408668518066,17.29921359999571,893.252608,149633,125.985792,0.0219991431962808,False,
2,21,mBERT+Qwen RP-1024,1024,1024,0.9388274270839496,0.7817644575770367,0.8730963474069304,0.941842465510565,0.7538375550838466,0.7467652028302159,0.9161939095912456,0.9668219464539908,0.0565204583108425,0.0974037624163429,0.9331597633136096,0.7631667225763167,0.8621278939160243,0.9365045337910792,0.7320211534959615,0.7249040126801003,0.904770298754451,0.9581567608079192,0.0602678321301937,0.0927704221305145,7,256,1024,0.398783802986145,20.485398499993607,1179.35616,198785,167.981056,0.0268272378691334,False,
2,21,mBERT+Qwen concat no PCA,4352,4352,0.9353960835354672,0.7751235584843492,0.8687016756152316,0.9391385438786296,0.748140626432695,0.7382541872918152,0.9204005792144944,0.9688587258637748,0.0571587905287742,0.0994002888509082,0.9287100591715975,0.7531147540983607,0.8557275015305081,0.9328485709260208,0.7220228625088582,0.7124017356211851,0.9058274062476516,0.961937167865679,0.0626724883913993,0.0984429206579218,7,64,1024,0.3863357305526733,87.20082050000201,2320.3456,837761,713.919488,0.0867876923083708,False,
2,21,mBERT+Qwen+Char PCA-1024,1024,1024,0.9523753179908891,0.8224917309812569,0.8974950541073481,0.9539505519558515,0.79844814633392,0.7951845566956758,0.9265948505725444,0.972365021413688,0.0450009331107139,0.0737625318606098,0.9442366863905326,0.7920197740112994,0.8799108327225906,0.945967464162078,0.7627660617040766,0.760022075625701,0.905861538384214,0.9614102414207012,0.050455380231142,0.0689528429910276,7,256,1024,0.3639811277389526,20.484377799992217,1179.35616,198785,167.981056,0.0249869301763622,False,
2,21,mBERT+Qwen+Char PCA-1536,1536,1536,0.9556883393480448,0.8332219995546649,0.9038359699291318,0.9569875729034172,0.8103975681335092,0.8078131323273694,0.9297179640151852,0.9721227991577294,0.0448988676071167,0.072279518188617,0.94603550295858,0.7990126939351199,0.8839232095625624,0.9477397424201672,0.770921569619988,0.768047409269913,0.9106495438282176,0.9614957777496536,0.0517265871167182,0.0702531777525971,6,256,1024,0.3677939772605896,25.85721280000871,1752.771072,297089,251.971584,0.0356082130187692,False,
2,21,mBERT+Qwen+Char PCA-2048,2048,2048,0.9602437437141336,0.8461538461538461,0.9116631042033584,0.960972356416808,0.8243817964374179,0.8233747570994266,0.92759098515884,0.9724066891974172,0.0419057756662368,0.0660260656522038,0.9513372781065088,0.8132945877224845,0.892658615437554,0.952306552385822,0.7865295685096273,0.7853878416690488,0.9092612804548468,0.959698392209518,0.0484763644635677,0.0622188956142353,6,256,1024,0.3663382232189178,32.71125530000427,2324.294144,395393,335.962112,0.0421466982245621,False,
2,21,mBERT+Qwen+Char PCA-768,768,768,0.9549192451044192,0.82907133243607,0.9015535209270442,0.9561113440454648,0.8053011378611683,0.80322327894622,0.9245531130195028,0.9696765772467414,0.0434398204088211,0.0689214230169873,0.9463668639053254,0.7984344422700587,0.8837513334504079,0.9478732875933856,0.7699152398600371,0.7676596683355082,0.9072412120768688,0.9586192337493952,0.0491858944296836,0.0650290530859189,7,256,1024,0.3841637074947357,16.131872099998873,893.252608,149633,125.985792,0.0207255053245765,False,
2,21,mBERT+Qwen+Char concat no PCA,5376,5376,0.9542093119564574,0.8283052351375333,0.900943524797929,0.9556188462999828,0.8048852612100625,0.8020482941493643,0.9280521893836302,0.970907133492274,0.0467450246214866,0.0795917710833617,0.9401656804733728,0.7810876342223761,0.8732173558764036,0.94245965602793,0.7509486413258665,0.7467673767871359,0.9054996182638776,0.9616957504604232,0.0546759665012359,0.0809310670869766,7,64,1024,0.3763394057750702,107.8150375999976,2859.672064,1034369,881.900544,0.1043499692304599,False,
2,21,mBERT+Qwen2.5+Llama-2 PCA-1024,1024,1024,0.9501271963556766,0.816379873665868,0.8937624167234012,0.9520087691650384,0.7920425629456451,0.7877920922527963,0.9271615162809596,0.971005181986468,0.0478595197200775,0.0770545781700295,0.9418224852071004,0.7873334486935456,0.8768177210290683,0.94407177034841,0.7582609529930209,0.7539645863282107,0.9097159773664178,0.9608952725528348,0.0537171773612499,0.0738915496032089,7,256,1024,0.3823218643665313,20.21454970000196,1179.35616,198785,167.981056,0.0255207431960035,False,
2,21,mBERT+Qwen2.5+Llama-2 PCA-1536,1536,1536,0.9448618588416258,0.7993109388458226,0.883675769813831,0.9471777365893128,0.7729061863547285,0.7677208034488964,0.9204587526086778,0.9699428796056226,0.0515537448227405,0.0829306904312274,0.9371834319526628,0.7733561058923997,0.8684475267750225,0.939915762957432,0.7427290285936516,0.7373491911929614,0.905268716522904,0.95964284766743,0.0568772405385971,0.0791291392357391,6,256,1024,0.3855740129947662,25.69550539998454,1752.771072,297089,251.971584,0.0365492260350829,False,
2,21,mBERT+Qwen2.5+Llama-2 PCA-2048,2048,2048,0.9526119623735432,0.8221975582685904,0.8974303036556426,0.954058489158776,0.7977884834772992,0.7950246251834597,0.9240586230186404,0.9706031201740872,0.0484579727053642,0.0800042253492101,0.9447100591715976,0.794583186774534,0.8813195990759225,0.9465084283355272,0.7658924615879957,0.7628580227310686,0.9087481654749052,0.960537564877838,0.0533277727663517,0.0760935617631532,6,256,1024,0.3763496577739715,32.35312059998978,2324.294144,395393,335.962112,0.0424531786991889,False,
2,21,mBERT+Qwen2.5+Llama-2 concat no PCA,8448,8448,0.942850381589067,0.7977386934673367,0.8822313860033894,0.945829595027598,0.7732307544981525,0.7650646791263375,0.9293796474517888,0.9750423703219436,0.0500824935734272,0.0806908339198866,0.9358579881656804,0.773978315262719,0.8683020799868967,0.9391933657869332,0.7451356132053248,0.7372786561061486,0.9136693006706296,0.9652506320521896,0.0555584505200386,0.0806326543235567,9,64,1024,0.3708394765853882,210.7196654000145,4481.657856,1624193,1385.843712,0.1584565443794116,False,
2,42,DistilBERT,768,768,0.945867597467905,0.7898001378359751,0.8793668464958234,0.9467843010470424,0.759580334308111,0.7587900008888103,0.8928817697632074,0.9544866028385128,0.0494484193623065,0.0877038842202773,0.9305562130177516,0.742766964755392,0.8513134355886298,0.9328941370049292,0.7059249614518112,0.7029219501431991,0.877610747968798,0.9393342779098296,0.0601910464465618,0.0945860870550193,13,256,1024,0.473279595375061,85.25717560001067,893.252608,149633,251.971584,0.0431100449706675,True,
2,42,DistilBERT+mBERT PCA-1024,1536,1024,0.9482932023901084,0.8049977688531905,0.8875964154591965,0.9497689635730352,0.7776953510961996,0.7753487243122738,0.9117315160580856,0.9624280948100354,0.0475349724292755,0.0758518137384651,0.933680473372781,0.7548556430446194,0.8582544261480111,0.9359662594891968,0.720019901605904,0.7168046498191278,0.8857718406948338,0.948191742437126,0.0589238964021205,0.0780886071821641,7,256,1024,0.4219318628311157,54.93833699999959,1179.35616,198785,167.981056,0.0596248757399993,True,
2,42,DistilBERT+mBERT PCA-128,1536,128,0.9402472933798736,0.7762516614975631,0.8708856286458182,0.9421172422071536,0.7447045861703074,0.7419889383694691,0.8964559773404779,0.9579003086969065,0.0500813089311122,0.0769469703279384,0.9223195266272188,0.7169225461445575,0.8359528375525684,0.9254129055613252,0.6764486660284372,0.6723729665632519,0.8663673708804138,0.9319843641444562,0.063363179564476,0.0823330592322632,18,256,1024,0.4680116772651672,39.74013659998309,177.993728,26753,20.997632,0.0152723313606834,True,
2,42,DistilBERT+mBERT PCA-256,1536,256,0.9388865881796132,0.7735145801359351,0.869096151411787,0.9410410328732236,0.7419364631940504,0.7384769116009884,0.8981453960167537,0.958429198844801,0.052053578197956,0.0816346937508961,0.9208047337278108,0.7170640960595298,0.8355114354310363,0.924533371866606,0.6774919578692504,0.6716985789313963,0.8723705277631664,0.9363880483223715,0.0651270449161529,0.0858765434381171,10,256,1024,0.4588738977909088,29.400054500001715,321.045504,51329,41.995264,0.0218891692306493,True,
2,42,DistilBERT+mBERT RP-256,1536,256,0.9270543690469149,0.7422120008362952,0.8498642266525135,0.9308947696957453,0.7081496482079965,0.7005129119343327,0.8936548525041208,0.954722494175393,0.0592490211129188,0.0973058532346473,0.9053254437869822,0.6836444163239481,0.813988763494862,0.9119521812478844,0.642680744906783,0.6298572345774562,0.8702376194068613,0.9364839355255682,0.0729442983865737,0.1044257339393422,13,256,1024,0.4706030488014221,36.23826449998887,321.045504,51329,41.995264,0.0216938319516825,True,
2,42,DistilBERT+mBERT raw concat,1536,1536,0.945512630893924,0.7880322209436134,0.8783852764878958,0.946394619544744,0.7575415208553282,0.7568222724878856,0.8912408827497637,0.9515325669260514,0.0464213341474533,0.0759671199838699,0.9318343195266272,0.7447713576745835,0.8527178466694596,0.9338476173568748,0.7079565481982842,0.7056569198597069,0.8755605436126722,0.9393180563904918,0.0571694783866405,0.0826543831491964,14,256,1024,0.4801868796348572,148.319548200001,1752.771072,297089,251.971584,0.0790889940828018,True,
2,42,DistilBERT+mBERT standardized concat,1536,1536,0.9402472933798736,0.7817631806395852,0.8735740298290118,0.9426806638133386,0.7522554754830749,0.7475233163404835,0.9081683552885946,0.96104210804101,0.0499877594411373,0.0788994690704508,0.9242603550295858,0.7311827956989247,0.8435516160433023,0.928005095835382,0.6944014321550146,0.6878193847832602,0.8835006940956389,0.9476610464200352,0.0609440878033638,0.0824398562894064,13,256,1024,0.441796600818634,136.7961893999891,1752.771072,297089,251.971584,0.0768311147939017,True,
2,42,Llama-2 PCA-1024,4096,1024,0.9491214577293972,0.8065677013045434,0.8886380740855142,0.9504129869940092,0.7792460331029631,0.7773968097898863,0.9099437904827552,0.9636519002285914,0.0417796485126018,0.0585089114934359,0.94101775147929,0.7804018329221009,0.8731678893394406,0.9428884421317768,0.7493759760496451,0.7465574008840052,0.8992816266688287,0.9504910372346388,0.0497556924819946,0.0605454304744682,10,256,1024,0.4307001531124115,71.21536219999689,1179.35616,198785,167.981056,0.0480765065089758,True,0.7032098787150117
2,42,Llama-2 raw,4096,4096,0.9574631722179496,0.8329072739948873,0.904268435492512,0.9579824541716978,0.8089936463829702,0.8085596852298201,0.9144976431861708,0.9665486510135768,0.0373191237449646,0.0537855909467413,0.9507218934911242,0.8066134125952071,0.8891883891033648,0.9512495915658512,0.7787187594387751,0.7783971289718052,0.8977903695218847,0.95326125046306,0.0429126732051372,0.0506097513672691,10,256,1024,0.4068886637687683,253.71649350000007,4614.072832,788609,671.924224,0.2075648710060005,True,
2,42,Llama-2+Qwen PCA-1024,7680,1024,0.939478199136248,0.7844954708236781,0.8746456155866558,0.9425022263551208,0.757185667604353,0.749874172385546,0.9186200082237348,0.9683119734799092,0.0576169118285179,0.1003585645796412,0.9332544378698224,0.7642928786359077,0.8627078157379384,0.9366739201814384,0.7335912931090199,0.7260958066637004,0.9066231052441464,0.9606652771570686,0.0626727640628814,0.0977808310791585,6,256,1024,0.388139009475708,43.075481100000616,1179.35616,198785,167.981056,0.0480686958580272,True,0.6826251252814347
2,42,Llama-2+Qwen PCA-1536,7680,1536,0.9516653848429272,0.8196866033988082,0.8958894161315134,0.9532477777476884,0.7951540818494836,0.7919720490955419,0.9245459584349324,0.968895613157588,0.0476329959928989,0.0789344762297396,0.941775147928994,0.7854900592954308,0.8759030973440677,0.9438551827925036,0.7557203307705349,0.7520858563639335,0.9059279178712818,0.9605251644274996,0.0531103461980819,0.0762079915400793,6,256,1024,0.3868041336536407,62.32408039999791,1752.480256,297089,251.971584,0.0707264142012783,True,0.7597358888669195
2,42,Llama-2+Qwen PCA-2048,7680,2048,0.946340886233213,0.8055734190782422,0.8872244433162736,0.9486837098003577,0.7805164422251137,0.7748384889511146,0.9260286532229384,0.9701935969213644,0.0523661561310291,0.086499688232028,0.9372307692307692,0.774949083503055,0.8692392152759238,0.9401052234254073,0.744994087447235,0.7389837622447731,0.9084026831608312,0.9614957880490308,0.0576380603015422,0.0836949915054457,6,256,1024,0.3820478916168213,79.19456160000118,2324.294144,395393,335.962112,0.0904623053254306,True,0.8110306803243649
2,42,Llama-2+Qwen concat no PCA,7680,7680,0.950423001833994,0.8158241758241759,0.8935902394023805,0.9521252702788816,0.790891269204306,0.7873991251143513,0.9236316412875408,0.9703071497071788,0.0470233149826526,0.074673628399276,0.9434792899408284,0.7913317022020273,0.8793222242941805,0.9454536098211448,0.7624037284729491,0.7589036119710095,0.9088631168255902,0.9624170776530208,0.0526039935648441,0.0725612651196986,7,64,1024,0.3891357481479645,361.7456880999998,4075.977216,1476737,1259.85792,0.3354731076922248,True,
2,42,Qwen2.5 raw,3584,3584,0.93527776134414,0.7734989648033126,0.8678717905187188,0.9389068411947592,0.7457320509585977,0.7365389297844412,0.917456346536422,0.9686001918010076,0.052456796169281,0.0946750870271031,0.9288047337278108,0.7529566360052562,0.8556830080087119,0.9328894746737468,0.7216662621785427,0.7122881398600567,0.905063841308512,0.9576936184069154,0.0581505745649337,0.0923670911603777,15,256,1024,0.3782576620578766,354.0260319999943,4041.02656,690305,587.933696,0.1590863810645515,True,
2,42,Qwen2.5+PCA-1024,3584,1024,0.953321895521505,0.8270116202587152,0.900016324747241,0.9549674491161408,0.8039989730585267,0.8002500321908808,0.9314500033431128,0.9741075745893704,0.0454770140349864,0.0695317633178287,0.9454201183431952,0.7997916304914048,0.8840973991979098,0.9474594200146284,0.7725600315022116,0.768482467249258,0.9163485703969858,0.963242315263776,0.0504782497882843,0.0689528001394321,10,256,1024,0.3720446527004242,79.3514567000093,1179.35616,198785,167.981056,0.0552510011833734,True,
2,42,mBERT,768,768,0.918771815654026,0.7073118738008953,0.8300770256862968,0.9224831682312868,0.6661319372152962,0.6608025546057996,0.8650935570947154,0.92933935244388,0.0711435973644256,0.1275084237389287,0.9020591715976332,0.6620937448962927,0.8024117795813155,0.9078711611999714,0.6147728687528873,0.6061866049082771,0.8464607446235602,0.9156754442904208,0.0832945927977562,0.133650430320988,10,256,1024,0.5688489675521851,65.94196579998243,893.252608,149633,251.971584,0.0438930698224073,True,
2,42,mBERT PCA-256,768,256,0.9352186002484766,0.7619047619047619,0.8622068747381173,0.9377049390804696,0.7288265397189105,0.7247734722858061,0.8935868758755483,0.9493694113892588,0.0561831295490264,0.1015958908808899,0.9176331360946746,0.707169303264894,0.829622990290594,0.9216559933157792,0.6661585259051845,0.6600050062950525,0.8674528737569887,0.9318732750602804,0.068972110748291,0.1053845169258541,10,256,1024,0.4778253138065338,28.94996459997492,321.045504,51329,41.995264,0.0184051076931184,True,
2,42,mBERT PCA-512,768,512,0.947050819381175,0.7969140004538234,0.8832353940498309,0.9482100784681,0.7679107447016233,0.7665636301294094,0.90115962411137,0.9554738386074304,0.0448778420686721,0.069534295804687,0.929846153846154,0.7383474576271186,0.8489200798768075,0.93202358394584,0.7006126832723722,0.6980922886903982,0.8727902376898546,0.937081278813538,0.058762677013874,0.0724324358228219,10,256,1024,0.4590039849281311,47.013548499991884,607.149056,100481,83.990528,0.0306255668649703,True,
2,42,mBERT+Qwen PCA-1024,4352,1024,0.9466366917115304,0.8050993949870354,0.8870928464413551,0.9488098601580508,0.7794238886232908,0.7745208231080358,0.9229097388592782,0.9694711615330772,0.0520218722522258,0.0897919904875475,0.9381301775147928,0.7778344382117967,0.8709476312927711,0.9409290829636172,0.7482650198067633,0.7423807962635516,0.9097337849898688,0.9610990972307364,0.0583573803305625,0.0880996264113917,6,256,1024,0.3722532987594604,43.34250329999486,1179.35616,198785,167.981056,0.0495822295855135,True,
2,42,mBERT+Qwen PCA-1536,4352,1536,0.9553925338697272,0.8317715305667113,0.9030294018950048,0.9566656733799412,0.8086332722752071,0.8061932930565839,0.9281108311366228,0.9720762216816536,0.0434730537235736,0.0694053674353432,0.9467455621301776,0.7994294883223391,0.8843630889115857,0.948196971825454,0.7709961396964616,0.768872736934347,0.9071303701777492,0.9614588029849408,0.0497887171804904,0.0652775672854051,6,256,1024,0.3651461899280548,63.42768520000391,1752.771072,297089,251.971584,0.0714430911232271,True,
2,42,mBERT+Qwen PCA-2048,4352,2048,0.9523161568952258,0.8242477104230266,0.8983319318713353,0.9540956158024028,0.8011165856767598,0.7969136787232247,0.931698104309644,0.9740092192394048,0.0468766540288925,0.0789864518965802,0.9449940828402368,0.7981938172976728,0.8831756108301364,0.947045714305399,0.7706930781123428,0.7666400882254425,0.9152877242298044,0.964368088705818,0.0529807806015014,0.0751443096817245,6,256,1024,0.347009003162384,80.00494320000871,2324.556288,395393,335.962112,0.1052264378698179,True,
2,42,mBERT+Qwen PCA-768,4352,768,0.9487664911554162,0.8106689986882378,0.8905219651350329,0.9506278216162832,0.7851944749774428,0.7812978467053378,0.9222755648811,0.969856992290168,0.0494119189679622,0.0792760680778022,0.94101775147929,0.7841302841302842,0.8749863548509308,0.9432714121210708,0.754469756781604,0.750298341389218,0.9072942641696362,0.9606520321577872,0.0552392192184925,0.0766570481703831,6,256,1024,0.3782807290554046,35.26005709997844,893.252608,149633,125.985792,0.0380877443787658,True,
2,42,mBERT+Qwen RP-1024,4352,1024,0.939951487901556,0.7866302291360101,0.8758446336564418,0.9429969065496238,0.7598577527526293,0.7522860795248756,0.9207393641367,0.967763218458376,0.0543294325470924,0.0898036887074835,0.9315976331360948,0.7592067988668555,0.8596718151138603,0.9351787056678814,0.7278588263389095,0.7200732803344094,0.9043690247132324,0.9557990582414134,0.0602555833756923,0.0857048124160022,8,256,1024,0.4028315544128418,59.50604340000427,1179.35616,198785,167.981056,0.0491677491123837,True,
2,42,mBERT+Qwen concat no PCA,4352,4352,0.9347453114831686,0.7751274209989807,0.8684813258069192,0.9387494279705232,0.7491321283422572,0.7379343561300862,0.9239334097135032,0.971497653199359,0.0587095208466053,0.0965957977703609,0.922887573964497,0.7379765160045038,0.8463839785917115,0.927860205029444,0.7058378403813256,0.6940503357361397,0.9020126919639148,0.960662084350088,0.0656985789537429,0.0947801269550295,8,256,1024,0.3883938491344452,220.1921855999972,4899.875328,837761,713.919488,0.2205069443781325,True,
2,42,mBERT+Qwen+Char PCA-1024,5376,1024,0.9453943087025972,0.8032402472820294,0.885769187697343,0.9478892674999836,0.7782003167255023,0.771974332047453,0.9265159886392302,0.9705838044107772,0.053701065480709,0.096759922433732,0.9374674556213016,0.7754546999830019,0.8695652799829767,0.9402963416946738,0.7454836457743794,0.7396212944637732,0.9082107645631547,0.9611228372955448,0.0599258206784725,0.0935744321947619,6,256,1024,0.3676655888557434,49.366365900001256,1179.35616,198785,167.981056,0.0593151147931968,True,
2,42,mBERT+Qwen+Char PCA-1536,5376,1536,0.954386795243448,0.8295379173115189,0.901604323884732,0.9558491852011248,0.8064744035778468,0.8033832969266967,0.9300027746221878,0.972519644421992,0.0444884225726127,0.0741717563179517,0.9452307692307692,0.7966250659166814,0.8824896615926778,0.947023256174822,0.7682818691730158,0.7651988680917015,0.9101901092030622,0.962377631037742,0.0511091835796833,0.0711175841128332,6,256,1024,0.3592486381530761,69.09324180000112,1752.771072,297089,251.971584,0.0812325396453796,True,
2,42,mBERT+Qwen+Char PCA-2048,5376,2048,0.9514879015559368,0.8220486111111112,0.8969822478803724,0.9533852923467576,0.7988648600747027,0.7942446344759968,0.9320474676808196,0.9739703131576202,0.0477894507348537,0.0816943614516039,0.9397396449704142,0.7827274278887182,0.8738731256120791,0.9423758589968744,0.7537124024197627,0.7481871539807514,0.9114702703116904,0.9642711818642632,0.0558689832687377,0.0805965309203464,6,256,1024,0.3485240340232849,85.80380140000489,2324.294144,395393,335.962112,0.1093564828397629,True,
2,42,mBERT+Qwen+Char PCA-768,5376,768,0.9495947464947052,0.8134851138353766,0.8921724768848542,0.9514009759725016,0.7883903980607456,0.7845877601366447,0.923570044028958,0.9689688870857972,0.0501589402556419,0.080209989330729,0.9387455621301776,0.7755031228313671,0.8700187323853705,0.9410542037647274,0.744366344655007,0.7403661729057808,0.9014183869922654,0.9592801138962824,0.0566263049840927,0.0779745358312447,6,256,1024,0.3870675265789032,37.104402400000254,893.252608,149633,125.985792,0.0523032710058118,True,
2,42,mBERT+Qwen+Char concat no PCA,5376,5376,0.9497722297816956,0.8136114160263447,0.8922933836481934,0.951517821561746,0.788383052330571,0.784813883272268,0.9226439048592066,0.9700597270534064,0.0488381087779998,0.0804126174485853,0.9405443786982248,0.7825484764542936,0.8740564940806315,0.9428315376713232,0.7526661673102764,0.7484458689413311,0.9065334388648736,0.9611162765921686,0.0553231202065944,0.0797588152969201,7,64,1024,0.3819823563098907,619.0137940999994,2859.7376,1034369,881.900544,0.2927350343202279,True,
2,42,mBERT+Qwen2.5+Llama-2 PCA-1024,8448,1024,0.9413713541974796,0.790884152774847,0.8783952535298875,0.9442654384027728,0.764536895864618,0.7573409764093108,0.9221659043184944,0.9686997261231488,0.0557183474302291,0.0979557232264018,0.9333491124260356,0.7645484949832776,0.8628642667913355,0.936755841181704,0.7338660907134682,0.7264044336316062,0.9066771563765176,0.959891309846798,0.061832919716835,0.0958829195819486,6,256,1024,0.3810925781726837,47.50139199999831,1179.35616,198785,167.981056,0.0537380118342529,True,0.6788286529858619
2,42,mBERT+Qwen2.5+Llama-2 PCA-1536,8448,1536,0.9534993788084956,0.8235294117647058,0.8983754990139965,0.9547126443771108,0.7988730798505839,0.796867650059609,0.9208662893740368,0.9687668306353172,0.0453448556363582,0.0709547028610552,0.9459881656804734,0.7972276523902613,0.8830361837300131,0.947527641816699,0.7685557261417166,0.7662353070072863,0.9068614843330816,0.9582235831682138,0.050748236477375,0.0682726253510932,6,256,1024,0.3926683068275451,64.05626449999909,1752.771072,297089,251.971584,0.0790419124260396,True,0.7540615809619634
2,42,mBERT+Qwen2.5+Llama-2 PCA-2048,8448,2048,0.946577530615867,0.8055136765022615,0.8872748919493099,0.9488171000859008,0.7801192752058619,0.7749061486432888,0.9243143469285512,0.9709121885373544,0.0513655506074428,0.0853284270381025,0.9394556213017752,0.781330141904599,0.873096872276439,0.9420663576309336,0.7519724358221506,0.7466235977618112,0.9099999312001592,0.9620499357483644,0.0566582940518856,0.0828310425280643,6,256,1024,0.3773696422576904,81.50218769999992,2324.556288,395393,335.962112,0.0986935195265773,True,0.804300190561469
2,42,mBERT+Qwen2.5+Llama-2 concat no PCA,8448,8448,0.945512630893924,0.8011228676311811,0.8847773721189325,0.9477446714502736,0.7748354669940807,0.7699011474344641,0.9206245677774954,0.9685606235567684,0.0549411587417125,0.0976082242107148,0.9360473372781064,0.771288302014559,0.8670573529994101,0.9390348783242136,0.7408837273491453,0.7346514902150078,0.90690942793468,0.9598155270282028,0.06039709597826,0.0961922340625841,6,64,1024,0.3909552991390228,396.0713147999995,4481.657856,1624193,1385.843712,0.3975444923076826,True,
2,87,DistilBERT,768,768,0.9204874874282672,0.7292506043513296,0.8413259470685294,0.9256857994847236,0.6959335087332685,0.6840084897074787,0.8970999545530451,0.9545543210622248,0.0651690438389778,0.1110518702793415,0.8998816568047338,0.6756632418340746,0.8082338152129873,0.9078704066230228,0.6360565898446335,0.6191168230481943,0.8739976542962081,0.9374016718443696,0.0807669535279274,0.1222557200907602,12,256,1024,0.4604916274547577,30.968650499999058,893.252608,149633,251.971584,0.0223492402362929,False,
2,87,DistilBERT+mBERT PCA-1024,1024,1024,0.950659646216648,0.8127525819488101,0.8921694226179047,0.951947004339072,0.7864368318421289,0.7844626210556157,0.914314563342622,0.96425164175913,0.043409526348114,0.0606965730076404,0.9362366863905326,0.7633936413138943,0.863273536470608,0.938340665247088,0.7297853688625724,0.7268070157645203,0.8898475926976921,0.9503071315525462,0.0546717494726181,0.0624836614595274,8,256,1024,0.430273562669754,23.471799699997064,1179.35616,198785,167.981056,0.0248925585792945,False,
2,87,DistilBERT+mBERT PCA-128,128,128,0.928296752055848,0.749793559042114,0.853972810181923,0.9323892221946892,0.7180534025052598,0.7088605853599583,0.9027883822466816,0.9575841665005876,0.0554241985082626,0.0834198658472104,0.9098698224852072,0.69536,0.8212355555555555,0.915840345877712,0.6556650511712578,0.644059403478533,0.8747943523323063,0.9368643636270158,0.0689910799264907,0.0905753317704567,24,256,1024,0.4679802358150482,49.855673600017326,177.993728,26753,20.997632,0.0065491455620893,False,
2,87,DistilBERT+mBERT PCA-256,256,256,0.9421404484411052,0.7826666666666666,0.8746473304670261,0.9438817850331962,0.7520196743519069,0.7494891778565442,0.8993854324905997,0.9591562370696632,0.0479631274938583,0.0655058556229329,0.9258224852071006,0.7284699358863282,0.8427568572493402,0.9286519318283007,0.689721790576668,0.6859217962528867,0.8722918199214017,0.9384845998766052,0.0600651577115058,0.0683071320129657,12,256,1024,0.469828724861145,27.05082949998905,321.045504,51329,41.995264,0.0099651928999345,False,
2,87,DistilBERT+mBERT RP-256,256,256,0.9309590013607052,0.7529112852000847,0.8563923753992722,0.9342832770501188,0.7198291057356284,0.7133999542533708,0.896499066350939,0.9564455700847276,0.0562251843512058,0.0857147523470054,0.9103431952662722,0.691932335718933,0.8197349341328031,0.9157880396957389,0.650325081025263,0.6407807980833766,0.8675425401362615,0.9360984298310836,0.0700751021504402,0.0917322320327074,14,256,1024,0.4687661826610565,29.421397900005104,321.045504,51329,41.995264,0.0122189207096203,False,
2,87,DistilBERT+mBERT raw concat,1536,1536,0.93900491037094,0.7745462497266564,0.8696389443139491,0.9412158450554816,0.7432498902555774,0.7395787641855995,0.8996512664906714,0.95503576161764,0.051090370863676,0.0847037849720916,0.9215621301775148,0.720337552742616,0.8373607928888579,0.9253124134238584,0.681431598709316,0.67541280330942,0.8750922618223669,0.9359655266656646,0.0640398114919662,0.090419434410845,13,256,1024,0.4539945423603058,55.22944719999214,1752.771072,297089,251.971584,0.0337866177512387,False,
2,87,DistilBERT+mBERT standardized concat,1536,1536,0.9074128852866356,0.7054394880481837,0.8252568584030622,0.9154441862753404,0.6750426921758392,0.6534523460008037,0.9027910308965,0.961161620288916,0.0741992741823196,0.1350368011918262,0.8898934911242603,0.6601402688486265,0.7972225944593356,0.9002501013810504,0.6227418816760182,0.5986639706601834,0.8774525598319669,0.9430253172702596,0.0866668820381164,0.1405384838143749,10,256,1024,0.4381434023380279,42.97342049999861,1752.771072,297089,251.971584,0.0346728331359797,False,
2,87,Llama-2 PCA-1024,1024,1024,0.9531444122345146,0.818348623853211,0.8957259658014951,0.9539684033337686,0.7923946582592708,0.7915045489318545,0.9103897488207856,0.9632565730928834,0.04074427485466,0.0601107338511169,0.9427218934911242,0.7829207032651597,0.874964550563761,0.944142309785531,0.7517654512927615,0.7500590353982604,0.8950218041938405,0.9510003002474487,0.0481372773647308,0.062139313169485,9,256,1024,0.4300471544265747,26.50725590001093,1179.35616,198785,167.981056,0.0258005349111561,False,
2,87,Llama-2 raw,4096,4096,0.9555700171567176,0.8266789753057927,0.9005990133204564,0.9562391152941042,0.8018921934872877,0.8012344609819604,0.9132120305550828,0.9659535284699172,0.0395965874195098,0.0599785859937951,0.946603550295858,0.7947598253275109,0.882034644121556,0.9476281256833572,0.7651705631632674,0.7641411014453184,0.897564947049665,0.9512638201165132,0.0473900474607944,0.0597359193374331,9,256,1024,0.412506490945816,95.25752670000657,4614.072832,788609,671.924224,0.0783621917159114,False,
2,87,Llama-2+Qwen PCA-1024,1024,1024,0.9384132994143052,0.782989368355222,0.8735519767419876,0.9417190516106392,0.7562913070075894,0.7477939126938371,0.9213001188339353,0.9689169315585656,0.0594174973666667,0.1024590076789738,0.933396449704142,0.7658512231652521,0.8635138955703747,0.9369146174532686,0.7357722191584105,0.727751780170385,0.909157030157236,0.959465409994318,0.0626433864235878,0.0971270055827304,6,256,1024,0.3878872394561767,17.68826570000965,1179.35616,198785,167.981056,0.0245452118340394,False,
2,87,Llama-2+Qwen PCA-1536,1536,1536,0.94273205939774,0.7950889077053345,0.8809018570573988,0.9454938321272864,0.7692087752896556,0.7623157072322213,0.9237641706802864,0.9701506855642448,0.0555966831743717,0.0964509826924338,0.9357633136094674,0.7715872748695506,0.8671068104772717,0.9388968065408828,0.7416369729451153,0.7348040388799183,0.9090365995377968,0.9611785157295388,0.0593081787228584,0.0921118976815035,6,256,1024,0.3753238320350647,25.331258099991828,1752.771072,297089,251.971584,0.0311397680469937,False,
2,87,Llama-2+Qwen PCA-2048,2048,2048,0.9488848133467432,0.8126626192541196,0.8915337484843593,0.9509005695928217,0.7880039842643404,0.7833677640162507,0.9264526794484478,0.9706017150976592,0.0526584647595882,0.0846376000416865,0.9439526627218936,0.7940153096729298,0.8807893654276654,0.9460064865267394,0.7657444154807207,0.7618624799046475,0.9120767903448858,0.960509869852124,0.0561380609869957,0.0799062733061214,6,256,1024,0.3835649192333221,32.55642130001797,2324.294144,395393,335.962112,0.043627190531766,False,
2,87,Llama-2+Qwen concat no PCA,7680,7680,0.9511920960776192,0.8178405829101347,0.8948307330986784,0.9527817288301368,0.7929941718376592,0.789854503858554,0.9232485237814838,0.971235081560649,0.0496258176863193,0.0828787726035243,0.945846153846154,0.7984496124031008,0.8835852808556763,0.9475710327146842,0.7702986320326991,0.7673758326755454,0.9105414415634752,0.9602043388228192,0.0542842783033847,0.0791152232248754,6,64,1024,0.3757513165473938,125.95923990002484,4076.272128,1476737,1259.85792,0.1427538745565417,False,
2,87,Qwen2.5 raw,3584,3584,0.9451576643199432,0.7986096024331958,0.883433144195059,0.947280385621799,0.771542733634478,0.7671762012960175,0.9169288776152592,0.9683551593921932,0.0483304075896739,0.0938287254585772,0.9365207100591716,0.7718223583460949,0.8674771759288828,0.93936884640282,0.741172619100698,0.7354439999797908,0.905544451453514,0.9559505826810945,0.0548928044736385,0.0950583405410044,12,256,1024,0.3763190507888794,109.36963950001518,4041.02656,690305,587.933696,0.0712284828403953,False,
2,87,Qwen2.5+PCA-1024,1024,1024,0.9492397799207242,0.814526588845655,0.8925614438402367,0.951298795795278,0.7903702795874008,0.7854390640849044,0.9287100074065292,0.972368041520493,0.0498518720269203,0.0796705956510141,0.9431479289940828,0.7923941227312014,0.8797292154859901,0.9453679973874234,0.7642075488810411,0.7597868027722271,0.9132525878627524,0.962046732642006,0.0538668297231197,0.0749528838717902,8,256,1024,0.37330162525177,23.420370700012427,1179.35616,198785,167.981056,0.0274474414206005,False,
2,87,mBERT,768,768,0.9176477548364196,0.71,0.8310049644901054,0.9220862023299924,0.6705399476648641,0.6629405242484235,0.8736988427015324,0.9382804190164012,0.0679190158843994,0.1209304730902619,0.8971834319526627,0.6570887275023681,0.7983071435707632,0.9044432283952792,0.6111235410198087,0.5986947905233774,0.8525073648787607,0.9195488959232264,0.0836547762155532,0.1295924195523798,11,256,1024,0.5272944569587708,26.24089149999781,893.252608,149633,251.971584,0.020891573964811,False,
2,87,mBERT PCA-256,256,256,0.9443294089806544,0.7853068674423911,0.8766625422417407,0.9454265634493444,0.7544722150944438,0.7534038833347811,0.8924151228860464,0.949564313255168,0.0484331361949443,0.0762130431087059,0.9277633136094676,0.7282763532763533,0.8433105301895224,0.9297672225848068,0.688794341096453,0.6868272032062179,0.8640790449197868,0.9324480318137056,0.060921274125576,0.0791859618837135,12,256,1024,0.4921313524246216,25.668138499982888,321.045504,51329,41.995264,0.0136710674565329,False,
2,87,mBERT PCA-512,512,512,0.9438561202153464,0.787838139950816,0.8777427497899513,0.945414544795768,0.7578050684346086,0.7556453818888682,0.9005697827170431,0.955706241478696,0.0458968505263328,0.0648826676983033,0.9277633136094676,0.7347931873479319,0.8464901929725193,0.9304387543122388,0.6969664814814612,0.6933542578638925,0.8753621467066381,0.9377419014759912,0.0593463853001594,0.0682621587609222,12,256,1024,0.4694051146507263,25.94634130000486,607.149056,100481,83.990528,0.0151195881665083,False,
2,87,mBERT+Qwen PCA-1024,1024,1024,0.9479382358161274,0.8094413165872673,0.8896459700655948,0.950016543703692,0.7843389893134711,0.7796056227574237,0.9248852117159472,0.9701144442825824,0.0511305890977382,0.0853457992773789,0.9418224852071004,0.7871124198856747,0.8767099780706987,0.9440491700850716,0.7579477056080504,0.7537422765436875,0.9092254077235112,0.9594005960126084,0.0559575855731964,0.0817008019822412,6,256,1024,0.3727404773235321,17.79735820001224,1179.35616,198785,167.981056,0.0258258508873783,False,
2,87,mBERT+Qwen PCA-1536,1536,1536,0.949831390877359,0.8153310104529616,0.8931519158515235,0.9517282265292674,0.7908369990091288,0.786573884753438,0.9265817849767936,0.9716199756001213,0.0488682053983211,0.0820209722937194,0.9434319526627218,0.7928583810019068,0.880050801750645,0.9455823550868682,0.7645933943746258,0.7604106157855872,0.912597125188355,0.9612007623846304,0.0544967055320739,0.0785027775313021,6,256,1024,0.363543689250946,26.05399089999264,1752.771072,297089,251.971584,0.035737926628132,False,
2,87,mBERT+Qwen PCA-2048,2048,2048,0.9487664911554162,0.8130397236614854,0.8916778792435074,0.9508693395446416,0.7887260454942967,0.7836828003833239,0.928234494012598,0.9721333130054844,0.0512654446065425,0.0826503108822249,0.9418698224852072,0.7895819054146676,0.8779293060879017,0.9443289122648928,0.7614591052481137,0.7562551698822023,0.9144851761473672,0.964173378976878,0.0560181550681591,0.078567902199924,6,256,1024,0.3664018213748932,32.54720349999843,2324.294144,395393,335.962112,0.0419481798810829,False,
2,87,mBERT+Qwen PCA-768,768,768,0.9452168254156068,0.8025586353944563,0.8853774080942607,0.947715646576164,0.7773880221916131,0.7711906386284342,0.9260037656048272,0.96987871444874,0.0520599596202373,0.0907043140758004,0.9404970414201184,0.7846496487921878,0.8750645052792949,0.9430179574187412,0.7557169799337095,0.7505361957508849,0.9114121097277535,0.960462080741186,0.0564010366797447,0.0862229544336097,6,256,1024,0.3714531362056732,15.483975399984049,893.252608,149633,125.985792,0.021708033135789,False,
2,87,mBERT+Qwen RP-1024,1024,1024,0.9413121931018162,0.7898305084745763,0.8778623765641809,0.944124546457338,0.7629892261910152,0.7562425024088237,0.9200773470348204,0.9686851746994508,0.0515571311116218,0.0839775962561028,0.9324970414201184,0.760657938905673,0.8606827664328872,0.9358588226056482,0.7290303526642183,0.7220136131731012,0.9029202318991328,0.9554163436781928,0.0585846081376075,0.0811619780061865,9,256,1024,0.4009232223033905,26.265152799984207,1179.35616,198785,167.981056,0.0269603929000206,False,
2,87,mBERT+Qwen concat no PCA,4352,4352,0.9377625273620068,0.7823748448489863,0.873031961979926,0.9412701742059774,0.7562620825989173,0.7468370858874751,0.9236000674436686,0.9706926897588016,0.0592892840504646,0.1056780829615302,0.927810650887574,0.7504500081819669,0.8541259144648179,0.932046026372644,0.719033230456147,0.7092324002526502,0.9046598276329164,0.9609541128956772,0.0651441365480423,0.1039717080579001,7,64,1024,0.3813369870185852,87.01024999999208,2320.3456,837761,713.919488,0.0851913420125269,False,
2,87,mBERT+Qwen+Char PCA-1024,1024,1024,0.946577530615867,0.8063478447351491,0.8876813512527271,0.9489016200466184,0.7813892563449847,0.7757476766308498,0.926369150077344,0.9708529815237296,0.0530839152634143,0.0920776395690389,0.9387455621301776,0.7776632302405498,0.8710715272805823,0.9412747714038768,0.7473963244133199,0.7425403550210345,0.9059970369927268,0.9600699216489286,0.058669701218605,0.0883587846166988,6,256,1024,0.3720871210098266,17.723875199997565,1179.35616,198785,167.981056,0.0277765159765203,False,
2,87,mBERT+Qwen+Char PCA-1536,1536,1536,0.9524936401822162,0.8237102085620197,0.8981290778203761,0.9541446533734772,0.8000951582811298,0.7964729661573984,0.9289226423059792,0.9726835700052684,0.0478859469294548,0.082534045828411,0.9436686390532544,0.7930434782608695,0.8802203692674211,0.9457402508537416,0.7646331269468699,0.7607280404569039,0.9115875905191676,0.9641034153064896,0.0538181215524673,0.0798590484980119,6,256,1024,0.3535485863685608,25.789953700004844,1752.771072,297089,251.971584,0.0349678343200516,False,
2,87,mBERT+Qwen+Char PCA-2048,2048,2048,0.9535585399041592,0.8273586980426655,0.9002646731950912,0.955141483339108,0.8042286578965033,0.8007310841775673,0.9305576183082428,0.9738119109782336,0.0480516143143177,0.0779608531570685,0.9475976331360948,0.8041054680587507,0.8869293700030358,0.9491776583424164,0.7766684784512387,0.7740361812083463,0.912522526798156,0.960650652041221,0.0533321574330329,0.0726472274706914,6,256,1024,0.3551379740238189,32.545802299981005,2324.294144,395393,335.962112,0.041973457988572,False,
2,87,mBERT+Qwen+Char PCA-768,768,768,0.9442110867893272,0.7981160351102548,0.8828747328460147,0.9466731657450308,0.7719064100906096,0.7661637037700674,0.921731299644015,0.9681106114924916,0.0538865774869918,0.0933601798665783,0.936378698224852,0.7708830548926014,0.8669718704542163,0.939189722509684,0.7399573023447779,0.7344189901871409,0.904318712254842,0.958588871184946,0.0587472505867481,0.0890678898515786,6,256,1024,0.385272353887558,14.073677100008354,893.252608,149633,125.985792,0.0205772828404411,False,
2,87,mBERT+Qwen+Char concat no PCA,5376,5376,0.949831390877359,0.8129686810763123,0.8919995086168662,0.9514865357007252,0.7874043110286435,0.7842027770138942,0.9206228558452956,0.9668666827954366,0.0546203441917896,0.0948817682587655,0.9391242603550296,0.7775856105153925,0.8711609088005283,0.9414896667116812,0.7469463005177426,0.7426698207735215,0.9037603933076788,0.9588072591824306,0.0605195499956607,0.0946699968568054,6,64,1024,0.403195172548294,92.93080790000386,2859.672064,1034369,881.900544,0.1047884023668431,False,
2,87,mBERT+Qwen2.5+Llama-2 PCA-1024,1024,1024,0.9425545761107496,0.7945843029405543,0.880596254087286,0.945338019125437,0.7686682070392772,0.7617112045399926,0.9236629082756418,0.9691318436508471,0.0564962327480316,0.0952316382419976,0.9353846153846154,0.7699308949941008,0.8661725956645753,0.9385053521874216,0.7395995733758047,0.7329267950104897,0.9075122092938944,0.9600782435458334,0.0611362271010875,0.0917072309188589,6,256,1024,0.3853379189968109,17.684399999998277,1179.35616,198785,167.981056,0.0265750153852659,False,
2,87,mBERT+Qwen2.5+Llama-2 PCA-1536,1536,1536,0.9465183695202036,0.8062580368624089,0.8876176937915339,0.9488576461733158,0.7813304449432347,0.7756251611743481,0.9265408762573416,0.9713875727288556,0.05229102820158,0.0888629031247982,0.9381301775147928,0.7788119817227958,0.8714235467899634,0.9410279879057702,0.7497104770188262,0.7433692501515853,0.9118595867757971,0.9633477499897828,0.0577778182923793,0.0868798978764277,6,256,1024,0.3685310482978821,25.59626630001003,1752.771072,297089,251.971584,0.0338953041413677,False,
2,87,mBERT+Qwen2.5+Llama-2 PCA-2048,2048,2048,0.9489439744424066,0.8124320799826125,0.8914411726740661,0.9509118397931196,0.7875868680997173,0.7831683528447972,0.9254590320089332,0.9703023853675664,0.0523408614099025,0.0823168135279805,0.9449940828402368,0.7954225352112676,0.8818239282564404,0.9467609657654682,0.7668207368446184,0.7638600166199605,0.9089103188720188,0.9597045100396684,0.0556820333003997,0.0762284696487456,6,256,1024,0.3874707520008087,32.38895729999058,2324.294144,395393,335.962112,0.0424442177517174,False,
2,87,mBERT+Qwen2.5+Llama-2 concat no PCA,8448,8448,0.9490622966337336,0.8122137404580153,0.8913743148749814,0.9509590032916564,0.7871249730547526,0.7830142778963625,0.9240881780745414,0.9714872524037304,0.0493483133614063,0.0815299641047188,0.9416331360946746,0.7850043591979076,0.8756187070534245,0.9437220917115094,0.7551645201635991,0.751518828742823,0.9056833179584228,0.9593822322227804,0.0544534549117088,0.0777389857261579,7,64,1024,0.3807692229747772,164.18025949998992,4481.657856,1624193,1385.843712,0.1580597443792682,False,
2,101,DistilBERT,768,768,0.9337395728568894,0.7606837606837606,0.8611150726786241,0.9367103860851584,0.7283395819615284,0.7227386590243914,0.8984964713201291,0.9561951596247574,0.0547299534082412,0.084070722643637,0.9165917159763314,0.7140538786108407,0.8326143921983488,0.9217213874281176,0.6766855552628591,0.6664817164806116,0.8830471095168224,0.9404962845614148,0.067888006567955,0.0935907156125328,16,256,1024,0.4600589871406555,41.38983830000507,893.252608,149633,251.971584,0.0219473940838326,False,
2,101,DistilBERT+mBERT PCA-1024,1024,1024,0.945985919659232,0.80121924667973,0.8849830187460198,0.9480325645070922,0.7744516337339162,0.7702580945579887,0.9178123961333589,0.9640525246639364,0.0468709133565425,0.0721923784102528,0.9294201183431952,0.7448228649666268,0.8519346011047324,0.9324369932782092,0.7093149132049626,0.7043612129270095,0.8864464808098704,0.9479521068241532,0.0591493509709835,0.0742157538406242,8,256,1024,0.4156709313392639,23.38244039998972,1179.35616,198785,167.981056,0.0249573112432376,False,
2,101,DistilBERT+mBERT PCA-128,128,128,0.936342661066083,0.766897746967071,0.8650179039734294,0.9388735957199772,0.7348134293363441,0.730416143535618,0.8979268501061236,0.95643200382956,0.0510784685611724,0.0746339629167049,0.9185798816568048,0.7112155809267965,0.8319124138171206,0.9226250110147384,0.6710283292073055,0.6646025717242808,0.8707732797238382,0.9335631968970696,0.0645745545625686,0.081836439766651,20,256,1024,0.478600263595581,41.27246609999565,177.993728,26753,20.997632,0.0097563408284872,False,
2,101,DistilBERT+mBERT PCA-256,256,256,0.935514405726794,0.7660944206008584,0.864348246463196,0.938304551642544,0.7343982498653597,0.7291559415030096,0.9005364969409709,0.9591949977987136,0.0519863031804561,0.0800899232185141,0.9175384615384616,0.7117802779616148,0.8318333528127689,0.9220621182287108,0.6725818611664834,0.6646377415968856,0.8755749833397272,0.937609389686912,0.0654444247484207,0.0858502055418032,11,256,1024,0.4511826932430267,24.6403724999982,321.045504,51329,41.995264,0.0120261159764062,False,
2,101,DistilBERT+mBERT RP-256,256,256,0.9314914512216766,0.7563131313131313,0.8582281564874323,0.934940270626498,0.7242312968262768,0.7171266631188646,0.9007069795475783,0.9609648611380732,0.054991777986288,0.0871555413398456,0.9156923076923076,0.7121383546145144,0.8313762787685888,0.920992398143464,0.6747467815165178,0.6640800285345538,0.8830241934022024,0.944281645619683,0.0668455138802528,0.0939962236288736,17,256,1024,0.4408884048461914,36.33183790001203,321.045504,51329,41.995264,0.0089253207101051,False,
2,101,DistilBERT+mBERT raw concat,1536,1536,0.9271726912382418,0.735325736400774,0.8465515665368645,0.9302719852093768,0.6984202961013813,0.6936043952784998,0.8803661403067331,0.944174052469753,0.0648852661252021,0.1126268444917706,0.9110059171597632,0.6927100359594639,0.8203392978424575,0.91626212818169,0.6509042536495678,0.6419047231590346,0.8666127123484426,0.9330022104111708,0.0768382400274276,0.1215282917788042,9,256,1024,0.5108293294906616,38.42143260000739,1752.771072,297089,251.971584,0.0346546556205439,False,
2,101,DistilBERT+mBERT standardized concat,1536,1536,0.932142223273975,0.7574540071896807,0.8590035107998477,0.9354404944377912,0.725231044788591,0.7186237773021706,0.8998453931419996,0.9562420601069086,0.0575390085577964,0.0891297100172339,0.9199526627218936,0.7202646815550041,0.8367792127565105,0.9243485008931408,0.6825834261743354,0.6745031356922699,0.8812048907870504,0.941010975346092,0.0678516030311584,0.0925064413253019,11,256,1024,0.4685191512107849,46.82649059998221,1752.771072,297089,251.971584,0.0357500449699189,False,
2,101,Llama-2 PCA-1024,1024,1024,0.9511920960776192,0.8112560054907344,0.8916140737492741,0.9521001237080624,0.7842773094809127,0.7832895946355057,0.9070155789060236,0.9635860392898128,0.041215319186449,0.0618718568574378,0.9431005917159764,0.7842010771992819,0.8757155876727053,0.944495511118222,0.7532273219393416,0.7515572574750815,0.8955650551519299,0.9514660277921696,0.0485994145274162,0.064228188323904,9,256,1024,0.4303106367588043,26.20067259998177,1179.35616,198785,167.981056,0.0254722130168008,False,
2,101,Llama-2 raw,4096,4096,0.9478199136248004,0.8032128514056225,0.8865675496968093,0.9493091829192416,0.7756328230175991,0.7732924197293197,0.9106395617195164,0.9638250637856248,0.0461651198565959,0.0740429473912928,0.9397396449704142,0.7763134774204885,0.8707465250829569,0.9417199450941764,0.7447506105546425,0.7417366558004557,0.8977343203103062,0.951975476193772,0.0531787388026714,0.0749555095023304,8,256,1024,0.4232884645462036,84.86148970000795,4614.072832,788609,671.924224,0.0783149491122113,False,
2,101,Llama-2+Qwen PCA-1024,1024,1024,0.9446843755546352,0.8003416613282084,0.8841182261934108,0.9471774011789148,0.774688174326174,0.7686656090929114,0.9240561358718596,0.9680304090839644,0.0541737899184227,0.094368156866416,0.9359526627218936,0.7706390913714188,0.8667093286352844,0.9389132177258592,0.740033149477538,0.7339444801656534,0.9060377607307976,0.9592741196586604,0.0593345463275909,0.0904013025553886,6,256,1024,0.3851605057716369,17.621416599984514,1179.35616,198785,167.981056,0.0246309207107585,False,
2,101,Llama-2+Qwen PCA-1536,1536,1536,0.935514405726794,0.7775510204081633,0.8699212930865281,0.939449008834433,0.75189470995639,0.740791289679497,0.92519413472648,0.9705481768406584,0.0612679310142993,0.1021225024837876,0.9276686390532544,0.7507340946166394,0.854215330807766,0.9319891337429858,0.7196444871675921,0.7094514779827696,0.9058869366487772,0.9604752742435808,0.0650054365396499,0.0959997383845452,6,256,1024,0.3859219253063202,25.78979580002488,1752.771072,297089,251.971584,0.0347622579883938,False,
2,101,Llama-2+Qwen PCA-2048,2048,2048,0.9423770928237593,0.7946014339940953,0.8805445925819637,0.9452345770056428,0.7689429751966883,0.7616354426187991,0.9247945277602728,0.970562857466786,0.0534331649541854,0.0879587053751011,0.9360473372781064,0.773512154233026,0.8681395689175326,0.9392590701220728,0.7441943335599871,0.7369040441427167,0.9116516011494434,0.96103423175214,0.0576451942324638,0.0833215462307958,6,256,1024,0.380540132522583,32.52955509998719,2324.294144,395393,335.962112,0.0426160284034224,False,
2,101,Llama-2+Qwen concat no PCA,7680,7680,0.9408980654321718,0.7915710411016065,0.878569100325387,0.9440531154412932,0.7663031652914135,0.7577926983337723,0.9266219184816646,0.973801171026226,0.0533997155725955,0.0881608718942156,0.9343905325443786,0.7714379947229552,0.8665679444680934,0.9380651379404512,0.7431163683642353,0.7339432259555936,0.9159384491906172,0.9645273685766492,0.0584772266447544,0.0875175345059506,9,64,1024,0.3877044320106506,187.6577248999965,4076.272128,1476737,1259.85792,0.1440074177508479,False,
2,101,Qwen2.5 raw,3584,3584,0.953203573330178,0.8208380520951303,0.8969625257583609,0.954261921038328,0.7955037358575604,0.794012717490667,0.916176951772286,0.9663630840232474,0.0502011887729167,0.0975121215977833,0.9442840236686392,0.7923796083965426,0.880102217746288,0.9460322470313016,0.7632170277039892,0.7604092082997017,0.906379133593306,0.9581889669609158,0.055997110903263,0.0982270696466491,21,256,1024,0.381758451461792,190.38295719999587,4041.02656,690305,587.933696,0.0707289893497002,False,
2,101,Qwen2.5+PCA-1024,1024,1024,0.9543276341477844,0.8281389136242209,0.9009016871457394,0.9556707084741592,0.8045310650943636,0.8019497839330659,0.9266813354492384,0.9715079247925572,0.0457888171076774,0.0704222124776066,0.9504378698224852,0.8125335720680394,0.891988864310305,0.9517053933010956,0.7859976657728318,0.7840974695617735,0.913653491126386,0.961885166309402,0.0490644946694374,0.0651117337204119,8,256,1024,0.3784202635288238,23.443355299998075,1179.35616,198785,167.981056,0.0273465609464507,False,
2,101,mBERT,768,768,0.9160504052535052,0.7078443483631871,0.8294135555764603,0.9209195026494342,0.6687966718047643,0.6599356140167733,0.8758696857829199,0.9407698752905842,0.0672041624784469,0.1135081149527943,0.8970414201183432,0.6612677153091419,0.8002813499094483,0.9047603783851436,0.6172559390829367,0.6029374481801368,0.859294263180896,0.9228151065664216,0.0814747363328933,0.1218013507461054,14,256,1024,0.5221986174583435,33.67337580001913,893.252608,149633,251.971584,0.0214547076918317,False,
2,101,mBERT PCA-256,256,256,0.9421996095367686,0.7780049988638945,0.8723896784831291,0.9434336516710556,0.7461191251026473,0.7448756431375853,0.8893506511963984,0.94860645488881,0.0495963394641876,0.0798741192506502,0.9241183431952664,0.7213627672518685,0.8387206745265563,0.9269238221620696,0.6813510291805518,0.6778326516564139,0.8669037727525606,0.9317690247626694,0.0634297206997871,0.0855533740173077,11,256,1024,0.4939244389533996,23.668638200004352,321.045504,51329,41.995264,0.0119942958582435,False,
2,101,mBERT PCA-512,512,512,0.9365201443530734,0.765464480874317,0.864378437967178,0.9388316282938935,0.7327263504399337,0.729072966665758,0.8941239865280626,0.9535414870618302,0.0527932420372962,0.0901452213656244,0.9192899408284024,0.7123333895731399,0.8326967170864901,0.9231586603257546,0.6720763874641823,0.6661084708380023,0.870034000716507,0.9343421079084716,0.0660306364297866,0.0942801507908917,8,256,1024,0.4678954780101776,17.19832550000865,607.149056,100481,83.990528,0.0161851124270383,False,
2,101,mBERT+Qwen PCA-1024,1024,1024,0.9493581021120512,0.8137510879025239,0.8922230276897076,0.9512893762616972,0.789053701399004,0.7847235608733009,0.925900791267983,0.9702034970575762,0.049425832927227,0.0843462879596881,0.9429585798816568,0.7902523933855526,0.8786216082802301,0.9450376094581138,0.761345611048554,0.7575287983800445,0.9095469748833616,0.9575391792434425,0.0546773709356784,0.0801004059036102,6,256,1024,0.3704139590263366,17.727803899993887,1179.35616,198785,167.981056,0.0252175195261108,False,
2,101,mBERT+Qwen PCA-1536,1536,1536,0.9490622966337336,0.8136766933564163,0.8920876185644511,0.9511080410587908,0.789309585601186,0.784486019918233,0.9277868237423678,0.971906675792665,0.050699908286333,0.0825227732465287,0.9422485207100592,0.7883414295628036,0.8774519733463308,0.9444251380162036,0.7592942502412131,0.7552138569899942,0.909468637819182,0.9601188230926212,0.0565975569188594,0.0779550483865145,6,256,1024,0.3671650886535644,25.7972191000008,1752.771072,297089,251.971584,0.037854802366291,False,
2,101,mBERT+Qwen PCA-2048,2048,2048,0.9544459563391114,0.8297966401414677,0.9017503110549564,0.95591031549395,0.8067851907343616,0.8036759968149659,0.9302420090719484,0.9722255796909286,0.0442843548953533,0.0732224410175986,0.9456094674556214,0.7973187511024872,0.8829545014362659,0.9473161018173027,0.7689377698736517,0.7661089042789782,0.909425174446734,0.9613513083834624,0.0506399534642696,0.0686118427656106,6,256,1024,0.3587672710418701,32.50252740000724,2324.294144,395393,335.962112,0.0415697372780242,False,
2,101,mBERT+Qwen PCA-768,768,768,0.949476424303378,0.8151515151515152,0.8929454553760728,0.9515014691888308,0.7910117061208051,0.7861978841900182,0.9286395436311762,0.9723026004896126,0.0465220138430595,0.0722617922945382,0.9434319526627218,0.7924266110821608,0.8798403024994013,0.9455381571091775,0.7639797142409108,0.7599765993021075,0.911615985902542,0.9603043972738454,0.0517635345458984,0.0674501756977664,8,256,1024,0.3737103044986725,19.22788120000041,893.252608,149633,125.985792,0.021351422484931,False,
2,101,mBERT+Qwen RP-1024,1024,1024,0.945512630893924,0.8032471694082461,0.8858124259058398,0.9479598410640298,0.7780495292835681,0.7720445343367769,0.9257615756494764,0.9714064685842676,0.0447483658790588,0.0678597119414953,0.9371360946745562,0.773995915588836,0.868743160411672,0.9399527228283427,0.7437013589252252,0.737969822238294,0.9068769230997402,0.9603920758732882,0.0516805499792099,0.0674643930565323,13,256,1024,0.4019438922405243,38.23034929999267,1179.35616,198785,167.981056,0.0265961514796907,False,
2,101,mBERT+Qwen concat no PCA,4352,4352,0.9327929953262736,0.7706903512313282,0.865658498782169,0.9371416521448472,0.7449210895043049,0.7324384315891792,0.9244633657814468,0.971489529596562,0.0588123835623264,0.0963601126245586,0.9230295857988166,0.7396733909702209,0.8472558711322608,0.9281120622580692,0.7083096017340849,0.6958587919544952,0.9047101400913068,0.9601581873128808,0.0652251094579696,0.0939171557138128,9,64,1024,0.3977893590927124,112.04378290000022,2320.3456,837761,713.919488,0.0848856568060947,False,
2,101,mBERT+Qwen+Char PCA-1024,1024,1024,0.946222564041886,0.8040525975425739,0.8864436197161905,0.9484598875452694,0.7783596154491955,0.7732403210197579,0.923084420544866,0.9699337869845992,0.0510876253247261,0.0882164542751419,0.9400710059171598,0.7808930425752856,0.873090741511376,0.9423841316182784,0.7507584442220842,0.7465193606349954,0.9056090903458086,0.959874017192215,0.0557655394077301,0.0833423706130868,6,256,1024,0.3717453479766845,17.66859079999267,1179.35616,198785,167.981056,0.0239641420121618,False,
2,101,mBERT+Qwen+Char PCA-1536,1536,1536,0.9552742116784004,0.8322237017310253,0.9032108269747277,0.9566433060894188,0.8093976534458734,0.8065773521941788,0.9303036063305314,0.9719575977004552,0.0469367168843746,0.0765269855606494,0.9442840236686392,0.7916445388564348,0.8797434737668967,0.9459563395455194,0.7622331793784177,0.7596738543933799,0.9047439014502842,0.9588516803969728,0.0538963340222835,0.0722652942155592,6,256,1024,0.3658502399921417,25.7091497000074,1752.771072,297089,251.971584,0.0332014769227547,False,
2,101,mBERT+Qwen+Char PCA-2048,2048,2048,0.9556883393480448,0.8331476943640009,0.9037996888438348,0.9569799128139542,0.8102917583889644,0.8077388664834202,0.929512483700306,0.9727573930438058,0.0433275066316127,0.0706513093636017,0.9463668639053254,0.7994335280580633,0.8842390448410313,0.947976663300827,0.7712476017805339,0.7686580093693283,0.9095305370770992,0.96167308153086,0.0505052581429481,0.067857758987232,6,256,1024,0.3584465980529785,32.73835400000098,2324.294144,395393,335.962112,0.0421554461540378,False,
2,101,mBERT+Qwen+Char PCA-768,768,768,0.9526119623735432,0.8233737596471885,0.8980043954533985,0.9541793690889904,0.799470039725673,0.7962022731841445,0.9271408277418288,0.9722233186484004,0.0452842079102993,0.0724716987807969,0.9430059171597632,0.7895104895104895,0.8782756389517956,0.9449892142265702,0.7602735505991745,0.756810566249833,0.9076117218779208,0.9607598048424542,0.0514099076390266,0.0693063782730398,8,256,1024,0.3728008568286896,18.51151030001347,893.252608,149633,125.985792,0.0210586508884805,False,
2,101,mBERT+Qwen+Char concat no PCA,5376,5376,0.9502455185470036,0.8152866242038217,0.8932687180431818,0.9519663563274022,0.7903026066149259,0.7867601861807942,0.9235303788828964,0.9689343254357272,0.0518661551177501,0.0892001550257517,0.9398816568047336,0.7801246537396122,0.8726526651929951,0.942194309588042,0.7498464092345057,0.7456419216206135,0.9050104184381595,0.9589119523532676,0.0584752894937992,0.0872474327105477,7,64,1024,0.3821749091148376,108.07214979999117,2859.672064,1034369,881.900544,0.1045526295856258,False,
2,101,mBERT+Qwen2.5+Llama-2 PCA-1024,1024,1024,0.9433236703543748,0.7955612462654716,0.8813314473085601,0.9458912454432824,0.7691519469282794,0.7631073814571669,0.921224987620792,0.9681452215934728,0.0543374307453632,0.0930877317368278,0.9376568047337278,0.7743703957512421,0.869100997178068,0.9402980508516166,0.7437272044051362,0.738628615595796,0.9048848793275512,0.9580645504824394,0.05934764072299,0.0876306790760194,6,256,1024,0.3871874809265136,17.892459399998188,1179.35616,198785,167.981056,0.0250570366872728,False,
2,101,mBERT+Qwen2.5+Llama-2 PCA-1536,1536,1536,0.9438561202153464,0.7995776135163675,0.8834666988155605,0.9466105686766286,0.7746510862259655,0.7674537712995022,0.927487703966224,0.9701560636154004,0.0557560101151466,0.0918447288743446,0.9350059171597632,0.7685825046350918,0.8653882592289097,0.9381449439951132,0.7380200585509017,0.731361530805423,0.9066419119072008,0.9604290506380012,0.0615858100354671,0.0879190985951021,6,256,1024,0.3857624530792236,25.68384509999305,1752.771072,297089,251.971584,0.0365160142013681,False,
2,101,mBERT+Qwen2.5+Llama-2 PCA-2048,2048,2048,0.9433236703543748,0.7977195945945946,0.8823823291170427,0.9461085298701108,0.7724922686688117,0.7652916712710434,0.9263619954927732,0.9712703215234776,0.052049171179533,0.0869259155078085,0.9374201183431952,0.7739398084815321,0.8688115612925764,0.9401147006715562,0.7433374279070691,0.7380660796518099,0.9052403211395296,0.960537770865385,0.0559792220592498,0.0799572469435588,6,256,1024,0.3755717873573303,32.468268600001466,2324.294144,395393,335.962112,0.0425716591723395,False,
2,101,mBERT+Qwen2.5+Llama-2 concat no PCA,8448,8448,0.9483523634857718,0.8081740276862228,0.8891664874373688,0.950130048072394,0.7820323311202427,0.7785618998774179,0.9189570812137406,0.9690077447166704,0.0533725582063198,0.0977117514748741,0.9406863905325444,0.7834802142733713,0.874558306407179,0.9430102291910116,0.753852389499042,0.7494615547757824,0.9077591780635456,0.9612504465810024,0.0579821579158306,0.0948731157620983,6,64,1024,0.3826006948947906,142.34390279999934,4481.657856,1624193,1385.843712,0.1549836260352019,False,
3,13,DistilBERT,768,768,0.9428012565941556,0.7735273409997653,0.8703971971780822,0.9433237601157148,0.7410328572880608,0.7408114805292138,0.8773491094855753,0.9399988355048412,0.0502312108874321,0.071404754771597,0.9447739241827584,0.7813673929376409,0.8748813614158745,0.945297463978765,0.7500218227000086,0.7497804911128503,0.8821902871791532,0.9450469913151816,0.049636997282505,0.0731442451613852,12,256,1024,0.5468882918357849,27.44517530000303,893.659648,149633,252.337152,0.0204517388614799,False,
3,13,DistilBERT+mBERT PCA-1024,1024,1024,0.9337917135913698,0.7542354235423543,0.8579890341673138,0.9360978960336886,0.7195503282956516,0.7162787329422944,0.8858046093897234,0.9464108572468416,0.0593295581638813,0.0847977287857571,0.937040375765052,0.7658373036880184,0.8647340929600231,0.9392034644330028,0.7329835967025442,0.7297459542231092,0.8926305707919149,0.945960195493986,0.05763391405344,0.0833267700965478,6,256,1024,0.5226503014564514,17.541673600004287,1179.885056,198785,168.224768,0.02611459885156,False,
3,13,DistilBERT+mBERT PCA-128,128,128,0.9141129749273902,0.7004341534008683,0.8251522090304808,0.919043740329853,0.6599652715300918,0.6514136261126199,0.8704579255572953,0.9346107910100974,0.0671450272202491,0.099460300290198,0.9155003083930352,0.7044964327194292,0.8275990619876383,0.920295452798273,0.6646594150318599,0.6562622191957226,0.8725870450111048,0.9386637327845706,0.0660380721092224,0.0994330369256503,11,256,1024,0.5742502212524414,24.186980700003915,178.358272,26753,21.028096,0.009870773830079,False,
3,13,DistilBERT+mBERT PCA-256,256,256,0.9224112382194298,0.724479057040623,0.8396635566669777,0.9263779381354342,0.6870717258161863,0.6801110901545248,0.880753927900558,0.9420120659863293,0.0603097081184387,0.0812176064722879,0.9244674289509892,0.7301694915254238,0.8431285478259325,0.9281868190478983,0.6934490210425734,0.686961964161659,0.8828179928797772,0.9424473102566384,0.057835716754198,0.0792055669489733,10,256,1024,0.5592411160469055,21.94544529999257,321.208832,51329,42.056192,0.0130104284290054,False,
3,13,DistilBERT+mBERT RP-256,256,256,0.8997095607847786,0.6736111111111112,0.807181632311631,0.9077375679270538,0.6339461479651906,0.6170231057740165,0.8729522968937172,0.9409490181424456,0.0761222839355468,0.1222613656737811,0.9038288181429994,0.6864655839133798,0.8148346860977418,0.9114967357617362,0.6493680223902214,0.6321961371101187,0.8817710542182593,0.945579475402317,0.0733232572674751,0.1220134680721046,11,256,1024,0.5289716720581055,25.33115089999046,321.208832,51329,42.056192,0.0127785121222916,False,
3,13,DistilBERT+mBERT raw concat,1536,1536,0.9425641633572402,0.7739678096571029,0.8705350845942958,0.9432338552052428,0.7414606112313914,0.7410982360740481,0.8794797625986861,0.9406714368799832,0.0483533404767513,0.0624355579214725,0.945295820088248,0.7843650645221619,0.8765197507249601,0.945912312509114,0.753408040782403,0.7530644463198655,0.8852933597200555,0.94251101661456,0.0463405773043632,0.0625458885451396,14,256,1024,0.5484127402305603,59.07777069997974,1753.992192,297089,252.337152,0.0368039758985814,False,
3,13,DistilBERT+mBERT standardized concat,1536,1536,0.9314800545314444,0.7485863418877773,0.8544606153578331,0.9341659764711744,0.7134625057406605,0.7093185930209072,0.8859277409669721,0.9453871881529,0.0558117777109146,0.0689911377938002,0.9319637519571096,0.7513869625520111,0.8559881000854377,0.93475285094149,0.7169776356854707,0.7124090012682412,0.8892395459291128,0.9467419110809384,0.0544602088630199,0.0695648099574922,11,256,1024,0.571700930595398,46.74274650000734,1753.992192,297089,252.337152,0.0361238079433625,False,
3,13,Llama-2 PCA-1024,1024,1024,0.945883468674056,0.7915049097967573,0.8802056783428496,0.9469823045833758,0.7616383239449115,0.7604927213652031,0.8966168820658338,0.9547202762610688,0.0459810011088848,0.0684851410531934,0.9486644209327704,0.7992578849721707,0.8849134599488206,0.9494121851210182,0.7704564758928149,0.769866239078207,0.8966211757313525,0.9550163968748676,0.0438147485256195,0.0631175340989421,8,256,1024,0.4773198068141937,23.466911900002746,1179.885056,198785,168.224768,0.0270048204201683,False,
3,13,Llama-2 raw,4096,4096,0.9408452373896036,0.7788120567375887,0.8723345264871658,0.9427410754937084,0.7477580969492252,0.7448952947364935,0.898686358636613,0.9516613193957212,0.0531403794884681,0.088441095071311,0.9436826872894624,0.7873902919577288,0.8774664401737182,0.9452938609800936,0.7573979153662891,0.7551033554935257,0.9010402675338468,0.9542031452370624,0.050408512353897,0.0831683221823557,7,256,1024,0.4768271148204803,74.21421770000597,4616.211456,788609,672.899072,0.0808601034308078,False,
3,13,Llama-2+Qwen PCA-1024,1024,1024,0.9268567364115938,0.7459860024701523,0.851631693936918,0.9311649715920296,0.7140341817422597,0.7042610203990833,0.9020354175201702,0.957937899646467,0.0694334432482719,0.119902547697285,0.935949138871756,0.7700953678474114,0.8664434173452371,0.9389935854706816,0.7398668753479182,0.7334417966882609,0.9070249844128936,0.956855594333218,0.0645899325609207,0.1122287584984557,5,256,1024,0.4479475915431976,14.96067870000843,1179.885056,198785,168.224768,0.0351258243589491,False,
3,13,Llama-2+Qwen PCA-1536,1536,1536,0.9380001185466184,0.7757289879931389,0.8698783876618834,0.9407569085078752,0.7458587527658628,0.7402242192086623,0.9077748054498374,0.9608362113231098,0.0609126947820186,0.1087028292068964,0.94577027091142,0.7973763517106895,0.8830362162793033,0.9475381715181168,0.7693364376404153,0.7662871451420776,0.9106472008651172,0.960740995922003,0.0568647310137748,0.101775236664271,5,256,1024,0.4239627420902252,21.43602279998595,1753.992192,297089,252.337152,0.0364932627984393,False,
3,13,Llama-2+Qwen PCA-2048,2048,2048,0.888981091814356,0.6617301787971825,0.7976617566561697,0.8999951672653212,0.6274257222397992,0.6001084764902282,0.8845469870552902,0.9578610072850688,0.0611662343144416,0.0984692690106487,0.8913033164112539,0.6642239484097904,0.7996900218118126,0.9016960972003164,0.6287796333291782,0.6036787335121315,0.8823818637492045,0.9578724214209576,0.0575131699442863,0.0918266228349135,5,256,1024,0.455299824476242,27.333631099987542,2325.597184,395393,336.449536,0.0554903259474857,False,
3,13,Llama-2+Qwen concat no PCA,7680,7680,0.9291683954715192,0.7540646223502778,0.8563454019205601,0.9333454719414336,0.723588716851493,0.7136593765117558,0.9074740802515568,0.9609253000683452,0.0645275563001632,0.1093577988467066,0.9361389192010248,0.7727119216480919,0.8677812202632158,0.9393684878212472,0.743550479036646,0.7361927474314502,0.9115888114042678,0.9618156339041516,0.0588463172316551,0.1022745800684575,6,64,1024,0.4379606246948242,126.44440919999032,4079.936,1476737,1261.68576,0.1458620391899216,False,
3,13,Qwen2.5 raw,3584,3584,0.9439867227787327,0.7894854087770105,0.8785905148694815,0.9456715386665578,0.7599222197028376,0.7573690512532035,0.9035684802624556,0.9579346234901704,0.0504495613276958,0.0788089050693592,0.9525549176827822,0.8177178271965002,0.8952230458116242,0.9535845452964004,0.7918909904656319,0.7905277309799239,0.9135273791356155,0.9610859897127384,0.0452705472707748,0.0748203220142383,11,256,1024,0.4516820311546325,100.67070829999284,4043.165184,690305,588.786688,0.0688546140343932,False,
3,13,Qwen2.5+PCA-1024,1024,1024,0.9409637840080612,0.7869062901155327,0.8763209034174746,0.9436349336200688,0.7590506894493443,0.7531034137418923,0.9156453654876722,0.9664460288931036,0.0554640218615531,0.083720505660431,0.9489490914266736,0.8105633802816902,0.8905314570981298,0.9507474910286566,0.7849514413264139,0.7813000917332477,0.9212066726582044,0.9664797773540256,0.0493246056139469,0.0746126903843424,7,256,1024,0.4204345643520355,21.082725800020853,1179.885056,198785,168.224768,0.0257774256291309,False,
3,13,mBERT,768,768,0.9187955663564696,0.7029488291413704,0.8279591382232769,0.9220706867769664,0.6604883290775165,0.6564179027356356,0.8580919276481966,0.916587276641557,0.0703868642449379,0.1203449140949535,0.9186791289082886,0.7041767345529858,0.8285185102907944,0.922147979510074,0.6621830893964923,0.6575989572409969,0.8607036621454804,0.9253472220056048,0.0699108764529228,0.1235839787119648,12,256,1024,0.6036596298217773,27.47938619999332,893.659648,149633,252.337152,0.017242249845758,False,
3,13,mBERT PCA-256,256,256,0.9339695335190564,0.7460100319197447,0.8540310413039247,0.9353525302606236,0.7093042911785457,0.7081678313373716,0.8698386509242491,0.9305469786216204,0.054905142635107,0.0760548179830633,0.934620676566874,0.7469702533969886,0.8547153762353801,0.935847550860237,0.710424234842525,0.7095144492330445,0.8688073978480455,0.936681214216772,0.0533597692847251,0.075325140357583,9,256,1024,0.5890598297119141,19.679671300022164,321.208832,51329,42.056192,0.012096085780528,False,
3,13,mBERT PCA-512,512,512,0.9360440993420662,0.7532586325177224,0.8582596067011643,0.9373075216501238,0.7176308428987287,0.7166101435173586,0.8732881191327203,0.9360120938823132,0.0537338331341743,0.0753309900406665,0.937894387246762,0.7610877897426538,0.862697950767714,0.939210493616731,0.7266895404944788,0.7254977137389684,0.8790909577896874,0.9419254213675968,0.0520895011723041,0.075786358030002,8,256,1024,0.5615937113761902,17.507334900001297,607.43424,100481,84.112384,0.016812905061535,False,
3,13,mBERT+Qwen PCA-1024,1024,1024,0.943453262995673,0.7926988265971316,0.8799801614111259,0.9456881949285548,0.7648128760929988,0.7602939108059144,0.9139757421710406,0.9640589435660992,0.0523640550673007,0.0755458740478524,0.9507045594724108,0.8145636266285918,0.8930687958865922,0.9521832591068664,0.7889364926464636,0.7863020522250623,0.9189076602388022,0.9638802210671966,0.0473195128142833,0.0694043328223351,6,256,1024,0.4371795952320099,17.166741699998965,1179.885056,198785,168.224768,0.0220021824727146,False,
3,13,mBERT+Qwen PCA-1536,1536,1536,0.9445201825617924,0.7949167397020158,0.8814188880496507,0.9465403263854524,0.7669362871303147,0.7631139170620229,0.912524502243194,0.964210425248331,0.0498660467565059,0.0718015360458647,0.95378848982303,0.8244412400865176,0.8989167900700303,0.9549969463440888,0.799965715917232,0.7979499451623362,0.9214919943764556,0.964689272057279,0.0443835072219371,0.0657669378029816,6,256,1024,0.4321207106113434,25.210741699993378,1753.992192,297089,252.337152,0.0312068510707299,False,
3,13,mBERT+Qwen PCA-2048,2048,2048,0.8888032718866694,0.6605139341295693,0.7970134173057826,0.899774364245566,0.6256491830773153,0.5987585524657044,0.8830035930676533,0.9567955104332604,0.0600323379039764,0.0917036752260404,0.894339801679556,0.6742723416703232,0.805607445292222,0.9045028967124028,0.6414146419922157,0.6154514153939687,0.890549846487121,0.9612447721171484,0.0536141842603683,0.0849305725874599,5,256,1024,0.4634299874305725,27.233892099990044,2325.597184,395393,336.449536,0.0447398016794905,False,
3,13,mBERT+Qwen PCA-768,768,768,0.9460020152925138,0.7970594787257741,0.8829586868212673,0.9476262134658564,0.768681227114234,0.7660986303615539,0.908220086990059,0.9599305649488254,0.0514817833900451,0.0725269346285919,0.9513213455425346,0.8145336225596529,0.8932588379304736,0.9525389960720636,0.7884436559787077,0.7866296055070376,0.9144738973622052,0.9613295440995436,0.0467179343104362,0.0668383464768635,6,256,1024,0.4625581204891205,13.59134690000792,893.659648,149633,126.168576,0.0173319447733475,False,
3,13,mBERT+Qwen RP-1024,1024,1024,0.9362219192697528,0.7736642827092974,0.8682727374633834,0.9394968488872258,0.7448115414441979,0.7371958747914079,0.9129401037535994,0.965914156271358,0.051860649138689,0.0706777642591158,0.9438724676187312,0.7966305655836342,0.8820371090295362,0.9463483132345896,0.7702092364236417,0.7644901701640624,0.9207860256178788,0.9655970590641432,0.0469810999929904,0.0660019364358571,11,256,1024,0.4609366357326507,30.850536000012653,1179.885056,198785,168.224768,0.0212557242491004,False,
3,13,mBERT+Qwen concat no PCA,4352,4352,0.9281014759053998,0.7499484642341785,0.8539815354295395,0.932300783681112,0.7185857762054585,0.7089262419257507,0.9041874953979736,0.9594252583865546,0.0667985826730728,0.1127441589467774,0.9365184798595626,0.7749747729566094,0.869010806716926,0.9398200249078444,0.7465237230089492,0.7386862683629227,0.914445667761788,0.9629303132090284,0.0621844828128814,0.1073347401962128,6,64,1024,0.4428087770938873,75.36987190000946,2322.450944,837761,714.955264,0.0853618256864353,False,
3,13,mBERT+Qwen+Char PCA-1024,1024,1024,0.9391263114219668,0.7753226865018595,0.8700582442827764,0.9413780427165044,0.7442619423346849,0.7404295153605907,0.9007955869850311,0.9569892253382468,0.0607705824077129,0.096304654170027,0.9486169758504532,0.8052508541629203,0.8878275149124661,0.9500078148961468,0.7778975382483766,0.7757938821812809,0.9106208948286324,0.9573331788659508,0.0549876764416694,0.087912995327944,5,256,1024,0.4586935639381408,14.824232200015103,1179.885056,198785,168.224768,0.0370636191112601,False,
3,13,mBERT+Qwen+Char PCA-1536,1536,1536,0.9423863434295536,0.7867485739359368,0.8767213264416527,0.9444555407487534,0.7573902014158342,0.7537213747451251,0.9069812944450336,0.96050371389619,0.0560152679681777,0.0924280936148049,0.9526972529297338,0.8188919164396004,0.8958439499794661,0.9537889006039008,0.7933284244038388,0.7917801666654892,0.9154238052203736,0.960574706419434,0.0506101958453655,0.0841885105025702,5,256,1024,0.4301793277263641,21.40415829999256,1753.992192,297089,252.337152,0.0459231057553447,False,
3,13,mBERT+Qwen+Char PCA-2048,2048,2048,0.8924782170588584,0.668978102189781,0.8023964886435424,0.9028378926118444,0.6349451142789839,0.6091240757980652,0.8867481099659702,0.9597790508294028,0.0572324767708778,0.087393684368235,0.8976609574417611,0.679542415688605,0.8093248876568537,0.907051206042206,0.6457793625352294,0.6223334668755416,0.8894740231736842,0.959714717376886,0.0520368665456771,0.0798545718682996,5,256,1024,0.445574015378952,27.29651889999513,2325.597184,395393,336.449536,0.0528063576414604,False,
3,13,mBERT+Qwen+Char PCA-768,768,768,0.9431568964495288,0.7889060092449923,0.8780312093555349,0.9451273605382748,0.7597381093819615,0.7563180007896065,0.9072149070950192,0.9611624159349648,0.0525131672620773,0.0736069848835927,0.9512264553779,0.8145743145743146,0.8932472774728989,0.9524880894557916,0.7885578539990369,0.7866146637993314,0.9152448721840636,0.9611604160404684,0.0473479367792606,0.0676296073513881,6,256,1024,0.458377331495285,15.54083559999708,893.659648,149633,126.168576,0.0215201404375024,False,
3,13,mBERT+Qwen+Char concat no PCA,5376,5376,0.9294054887084346,0.7552907335114033,0.857021990132325,0.933608362626091,0.7251848722465815,0.7150290857848303,0.9088452976290684,0.9632088458814984,0.0614956393837928,0.0962027977641081,0.9356170232955354,0.7728109827557341,0.867652554753672,0.9390683439636768,0.7443556949094614,0.7360237018439197,0.914591515498456,0.9635216895454324,0.057211946696043,0.091338720908175,7,64,1024,0.4320657551288605,107.14746929999092,2862.239232,1034369,883.180032,0.1008429567764006,False,
3,13,mBERT+Qwen2.5+Llama-2 PCA-1024,1024,1024,0.9441052693971904,0.793065613342111,0.8803772473083692,0.946108090945702,0.7647101886239295,0.7610236097997043,0.9108458451688536,0.9645458258038504,0.052912101149559,0.076410097820738,0.9524600275181476,0.819068255687974,0.8958515846934517,0.9536695006514124,0.793706852822941,0.7918163309596815,0.9175987737602256,0.962037779544268,0.0478480346500873,0.0694153434871134,6,256,1024,0.4342348277568817,17.79360830000951,1179.885056,198785,168.224768,0.0251676329646219,False,
3,13,mBERT+Qwen2.5+Llama-2 PCA-1536,1536,1536,0.9395412245865686,0.7789336801040312,0.8719579139328175,0.9419893758413836,0.7489449392442887,0.7442909078200137,0.9061821069317952,0.9600884205390998,0.0600256584584713,0.1045646758392478,0.9476206291217916,0.8036286019210246,0.8867042604480848,0.9492603062080588,0.7764298223835672,0.7735992865397822,0.9133529482786724,0.9602288600219824,0.0555270165205001,0.0981687188142135,5,256,1024,0.4292628467082977,21.42581699998118,1753.992192,297089,252.337152,0.0451791953313387,False,
3,13,mBERT+Qwen2.5+Llama-2 PCA-2048,2048,2048,0.886550886135973,0.6555075593952484,0.7938007533724982,0.8979120601536643,0.6202025013842448,0.5925990073883054,0.8808946242167635,0.9580164300860136,0.0622995123267173,0.0999836195709635,0.8926317787161361,0.6720765106506303,0.8039416961672293,0.9032362997319652,0.6400160006627695,0.6124600432010894,0.8918857980301125,0.9607744763320742,0.0568651668727397,0.0925223524213182,5,256,1024,0.4547227919101715,27.29512649998651,2325.597184,395393,336.449536,0.0548460122405808,False,
3,13,mBERT+Qwen2.5+Llama-2 concat no PCA,8448,8448,0.945468555509454,0.7988631394840402,0.8836608621172257,0.947499157130212,0.7716346250420165,0.7676060294159394,0.9157434555534256,0.9640513857005836,0.0533092729747295,0.0817057270713242,0.949660767661432,0.8111091329891401,0.891035038345023,0.9512193171277348,0.78504707623432,0.7822493047010123,0.9176521448611252,0.964634715625091,0.0496609844267368,0.0759234774786884,7,64,1024,0.4360682070255279,163.4352122999844,4485.860352,1624193,1387.854336,0.1595558049063034,False,
3,21,DistilBERT,768,768,0.9088376504060222,0.6897942718838241,0.8181809047023345,0.9148342520692896,0.6492051169338448,0.637937165413204,0.8707441999869603,0.9344487672407726,0.077373668551445,0.1412211753722543,0.9048251648716612,0.6786286446651714,0.8113849393965198,0.9113505490032584,0.6366492751776389,0.6245674581328029,0.865672300567075,0.9354647419881068,0.0803416296839714,0.1453971902104971,8,256,1024,0.5443618297576904,18.331131799990544,893.659648,149633,252.337152,0.0205415666376922,False,
3,21,DistilBERT+mBERT PCA-1024,1024,1024,0.943927449469504,0.7845102505694761,0.8761403801225685,0.9451223180903136,0.7536244399150297,0.7523737724167379,0.8932350454007144,0.9511426487107352,0.0506624430418014,0.0681693427122046,0.9442045831949518,0.7874186550976139,0.8776534048793733,0.9456002528077456,0.757177216062336,0.7554351033881834,0.8980375634396585,0.9507421650329682,0.0501582771539688,0.0681692676341821,7,256,1024,0.5033273696899414,20.641216999996686,1179.885056,198785,168.224768,0.0276403852535556,False,
3,21,DistilBERT+mBERT PCA-128,128,128,0.9249599905162704,0.7269197584124245,0.8417117860295477,0.9281307026773504,0.6886083347984299,0.6839322303093129,0.874792280337775,0.9399707935531731,0.0598145239055156,0.0839440867637784,0.9287374863595388,0.7411237504308859,0.8499027642999499,0.9318134598029112,0.7053151325561854,0.7003102577219846,0.8845937647165638,0.9411562765308856,0.0588403344154357,0.0849066092484464,17,256,1024,0.5615972876548767,40.19297670002561,178.358272,26753,21.028096,0.0098164776773068,False,
3,21,DistilBERT+mBERT PCA-256,256,256,0.9120976824136092,0.6986384881121723,0.823591476109103,0.9176598716131642,0.6591012974774979,0.6485804251754286,0.8744579988653471,0.9406397781815128,0.069198377430439,0.105499305189403,0.9168762157802344,0.7136319058515855,0.8325069286167684,0.9220199279196208,0.676560036645011,0.6662728844563175,0.8832731912873908,0.9410904906443882,0.0672844350337982,0.1048991494616015,8,256,1024,0.5390551090240479,17.981061900005443,321.208832,51329,42.056192,0.0128876263221923,False,
3,21,DistilBERT+mBERT RP-256,256,256,0.8883883587220675,0.647180063706202,0.7904444588905943,0.8982982365704574,0.6050118742410562,0.5846205149872018,0.8625796292493937,0.9349563606250128,0.0845837071537971,0.1404958813266357,0.8920624377283295,0.6594821134560694,0.7976744144930954,0.9017333417483328,0.6203597243617778,0.5990297525443936,0.8724185824011743,0.9383716837913766,0.0825916826725006,0.1413757018276566,9,256,1024,0.5552476644515991,20.87565890001133,321.208832,51329,42.056192,0.0126684537649678,False,
3,21,DistilBERT+mBERT raw concat,1536,1536,0.9257898168454743,0.7315608919382505,0.844252142784587,0.9290895310247224,0.6943088922255654,0.6890637881923951,0.8795915411590651,0.9369978438999104,0.0631357878446579,0.0897997444345738,0.9273141338900224,0.7366792712272259,0.8472586140372149,0.930524958855611,0.7002727900354347,0.6950574969777699,0.8826266658531551,0.9405076091822168,0.0618335381150245,0.0910990828019079,11,256,1024,0.5556289553642273,46.69377730000997,1753.992192,297089,252.337152,0.0345907149969069,False,
3,21,DistilBERT+mBERT standardized concat,1536,1536,0.9123347756505246,0.7031908488862131,0.8258817348155116,0.9182471513402004,0.6655563151289988,0.6533622627275046,0.8813910105514939,0.942697528707725,0.0701751112937927,0.1091610600338403,0.914409071499739,0.7100610736097718,0.8299275645239107,0.9201871402366922,0.6737816796485798,0.6614184183198342,0.8861563536813957,0.9464836960176736,0.0684158131480217,0.107875540231282,9,256,1024,0.5292305946350098,38.78058199997759,1753.992192,297089,252.337152,0.0366423020353354,False,
3,21,Llama-2 PCA-1024,1024,1024,0.9501511469385336,0.8042820572492436,0.8878601659993883,0.9507802987262918,0.7761941129246256,0.7757489187679715,0.8980216557174928,0.9547715270229372,0.0434361658990383,0.0691624626077441,0.9522702471888788,0.8099735549678881,0.891340548509446,0.9526099679950496,0.7828311723794693,0.7826897209711954,0.8970279107255055,0.9544209550600984,0.0412910133600235,0.0644531291478916,8,256,1024,0.4648683965206146,23.60892940001213,1179.885056,198785,168.224768,0.028015234616905,False,
3,21,Llama-2 raw,4096,4096,0.9480173078062948,0.8000911784818783,0.8851077592290162,0.9491108172616992,0.7715466845250272,0.7702995092490907,0.9023660822457954,0.954276649017591,0.0485708266496658,0.0822283794231119,0.9517957963657068,0.8102353380649981,0.8913133212064122,0.9523651156001768,0.7830433753682977,0.7826508056590809,0.9008827848347968,0.9551118992247144,0.0451762303709983,0.0759629851908203,7,256,1024,0.4605433046817779,74.77800120000029,4616.211456,788609,672.899072,0.0788999620430288,False,
3,21,Llama-2+Qwen PCA-1024,1024,1024,0.9455871021279116,0.7961811722912966,0.8823918379412568,0.9472938392701729,0.7677947831295351,0.7649827645790604,0.9088073461155328,0.960846753410203,0.051637940108776,0.0768653406004152,0.951653461118755,0.816363308704271,0.8942627908089037,0.9529211710566916,0.7906513542295255,0.7886479979801494,0.9166436046947604,0.9621082339724182,0.0473750457167625,0.072573412896145,6,256,1024,0.4479191601276397,18.02200029999949,1179.885056,198785,168.224768,0.0279157707442842,False,
3,21,Llama-2+Qwen PCA-1536,1536,1536,0.9292869420899768,0.7562819203268641,0.8574629000531953,0.93363500742704,0.7268922775010052,0.7159830239800288,0.9114555670491336,0.9625583991078476,0.0672812834382057,0.1157364425996895,0.93314987901504,0.7661410788381743,0.8635709684373274,0.9369357631343032,0.7372543104838221,0.7279801518297495,0.9131841321488836,0.9597235449756903,0.0644813850522041,0.1097873161330945,5,256,1024,0.4283236861228943,21.44942729998729,1753.992192,297089,252.337152,0.0443857047971321,False,
3,21,Llama-2+Qwen PCA-2048,2048,2048,0.9414972437911208,0.78751345532831,0.876796216271228,0.9440109840227542,0.759343201870007,0.7540030930441667,0.9138897836147422,0.9633194729215953,0.0536308474838733,0.0826772868286156,0.9457228258291028,0.799789989499475,0.8841979585258077,0.947757235292754,0.7727701536969064,0.7686826100610878,0.9165608914456552,0.9634009729116032,0.0504446290433406,0.0779148089630206,6,256,1024,0.4369561970233917,32.103443300002255,2325.597184,395393,336.449536,0.0394245575738847,False,
3,21,Llama-2+Qwen concat no PCA,7680,7680,0.938592851638907,0.7775869471876342,0.8709829936048197,0.9412943672960458,0.7479445811891691,0.7424187807457554,0.9085249479301992,0.95934418162751,0.0601829513907432,0.0944730905345302,0.9438724676187312,0.7940100992512624,0.8807599588563582,0.9460826813402256,0.7663394304504327,0.7618483385954496,0.9146802489827882,0.9622318307533246,0.0560602955520153,0.0898896390309279,6,64,1024,0.4633434414863586,126.30195629998344,4079.936,1476737,1261.68576,0.143711941926765,False,
3,21,Qwen2.5 raw,3584,3584,0.924782170588584,0.7380804953560371,0.8470829510728346,0.9291433025670582,0.7044809760534306,0.6951579574173978,0.895908048348282,0.9531964256810432,0.070830725133419,0.1275671526628915,0.9314418560516202,0.7567749537114964,0.8584360781867619,0.9349869965597248,0.7251019242453949,0.7175813160709289,0.902308530421694,0.9555386080908383,0.0668384060263633,0.1249543437215936,8,256,1024,0.4659847319126129,73.46650609999779,4043.165184,690305,588.786688,0.0687558570961202,False,
3,21,Qwen2.5+PCA-1024,1024,1024,0.943927449469504,0.7888392857142857,0.8782553341974477,0.945570444847951,0.7591057636186012,0.7566890306918538,0.9025047025817734,0.9575086420786272,0.0542703531682491,0.0794207089850039,0.9522228021065616,0.8175394093132814,0.8950260169263282,0.9533735023097636,0.7918398871497653,0.7901537133460401,0.9154831965565003,0.9626244977366618,0.0480793602764606,0.0740501819030967,6,256,1024,0.4710994064807892,17.831831499992404,1179.885056,198785,168.224768,0.0271032357540092,False,
3,21,mBERT,768,768,0.9323691541698772,0.7372783790006908,0.8492337675472177,0.9335171763510492,0.699269047312166,0.6985381997273099,0.8617158917259538,0.925427465413034,0.0566679276525974,0.0801387691829371,0.9332922142619916,0.7397260273972602,0.8507348029890089,0.934324511079185,0.7021353961591855,0.7015273598508396,0.8621088203994767,0.9281701716496952,0.0553895346820354,0.0808365640295475,14,256,1024,0.6014313697814941,31.857753799995407,893.659648,149633,252.337152,0.0210698771173784,False,
3,21,mBERT PCA-256,256,256,0.9307095015114694,0.7384202282389797,0.8492429088450049,0.9326735807895916,0.7007758862471658,0.6986917269347155,0.8708626768272923,0.9338615405524896,0.0579404048621654,0.0852951970988978,0.9316316363808892,0.7423565170749151,0.8514714671477253,0.9336351229149392,0.7054054584922688,0.7031603450198036,0.8740331803756884,0.9353234588166628,0.0562153682112693,0.0852078645619002,9,256,1024,0.5669291615486145,19.12407809999422,321.208832,51329,42.056192,0.0121853062578241,False,
3,21,mBERT PCA-512,512,512,0.9429198032126134,0.7756813417190775,0.8714903703399965,0.943618310148798,0.7434120855021711,0.7430114940336059,0.8809186115195494,0.9407657966687656,0.0491123832762241,0.0711869133305029,0.9425440053138492,0.7759481961147086,0.8714974592372503,0.9434461405020348,0.7437094252577418,0.7430461479679263,0.883723585983994,0.9425799009986354,0.0490573458373546,0.0733362964102635,9,256,1024,0.5369194746017456,19.655433699983405,607.43424,100481,84.112384,0.016336523224937,False,
3,21,mBERT+Qwen PCA-1024,1024,1024,0.9473653014047776,0.8026666666666666,0.886149693363427,0.9489982454395074,0.7752636066231083,0.772487670646229,0.9124997202292272,0.963213322213864,0.0493081770837307,0.0729617540497748,0.9553067324571808,0.8282275711159738,0.9012694986749764,0.9562701359710304,0.803980068861405,0.8026148543567647,0.9197177405955296,0.9634133565042724,0.0443193651735782,0.0668926175045504,6,256,1024,0.4339384138584137,17.00115579998237,1179.885056,198785,168.224768,0.0212269488071172,False,
3,21,mBERT+Qwen PCA-1536,1536,1536,0.930887321439156,0.7559648388447049,0.8578539841233606,0.9345592199827764,0.7244265605785029,0.7164653391761076,0.9030989357033244,0.956685872727491,0.063294269144535,0.1016935754769867,0.9404564216918916,0.7850659359479363,0.875253606828436,0.9431650043017202,0.7569725064096919,0.7509777801464023,0.9147118162265698,0.9607644426066956,0.057394903153181,0.094901603624704,5,256,1024,0.4605959355831146,21.254190300009213,1753.992192,297089,252.337152,0.0356932865218044,False,
3,21,mBERT+Qwen PCA-2048,2048,2048,0.9426234366664692,0.7862190812720848,0.8765421414438743,0.944540077976498,0.7564778828167826,0.7533232822660693,0.9044386565683205,0.9581687713538084,0.0574157871305942,0.0921604296583471,0.9495658774967974,0.808984725965858,0.889966139254486,0.9509452164620494,0.782232167959776,0.7800714834764462,0.9131424479985806,0.9598360578692876,0.0525763258337974,0.0869173375944362,5,256,1024,0.4478987753391266,27.392583600012586,2325.597184,395393,336.449536,0.0442767329321814,False,
3,21,mBERT+Qwen PCA-768,768,768,0.9411416039357478,0.7853901015776962,0.8756419853586574,0.9435863381475846,0.7566265720480174,0.7516689586491069,0.911214980403071,0.9620424207097192,0.054807748645544,0.0881969227743879,0.9492812070028942,0.8110305815803429,0.8908702514718714,0.9509895948721868,0.7852850334100094,0.781955313315004,0.9200759601880076,0.9639103742315466,0.0488315783441066,0.0815205735132312,6,256,1024,0.4283956885337829,13.607357500004582,893.659648,149633,126.168576,0.0178302699619047,False,
3,21,mBERT+Qwen RP-1024,1024,1024,0.9323691541698772,0.762143006045445,0.8613617085849958,0.9360565542346214,0.732004852596196,0.7235062645549347,0.9084761623948509,0.9616348149669092,0.0572373755276203,0.085400990917232,0.939887080704085,0.7847068819031436,0.8748867338463304,0.9427922436527696,0.7571216151461206,0.7503127967071375,0.9171923922859304,0.9623579021732362,0.0526995845139026,0.080408301993617,8,256,1024,0.4569364786148071,22.68377760000294,1179.885056,198785,168.224768,0.0212299093793228,False,
3,21,mBERT+Qwen concat no PCA,4352,4352,0.92756801612234,0.7537283353486497,0.8556341468265138,0.9323519295056882,0.7252295353397277,0.7125309753032525,0.9143887649247572,0.9663702556147968,0.0597916357219219,0.092676068753855,0.936613370024197,0.7786613651424784,0.8708357492969716,0.9402431436565084,0.7521734014749679,0.7424852380790992,0.9220907634369466,0.9675003579908444,0.0542481802403926,0.0852815676174759,9,64,1024,0.4287768006324768,110.52966379999998,2322.450944,837761,714.955264,0.0823200218260944,False,
3,21,mBERT+Qwen+Char PCA-1024,1024,1024,0.9409637840080612,0.7824377457404981,0.8741430259356722,0.9431815395838796,0.7526010169565684,0.7485994984891298,0.9057577311612092,0.9578817022129624,0.060185469686985,0.1062775195633274,0.9470512881339848,0.8013527945888217,0.885403789455567,0.9486942643585472,0.7737671316736867,0.7709969584040017,0.9117079995845934,0.9568842502369934,0.0557016432285308,0.0995181588272306,5,256,1024,0.4384984970092773,14.889340800000356,1179.885056,198785,168.224768,0.034072600465721,False,
3,21,mBERT+Qwen+Char PCA-1536,1536,1536,0.951277339813882,0.815695067264574,0.8938116071245348,0.952620105302554,0.7899775852389956,0.7877598888659494,0.9174094621232542,0.9654199756656192,0.0467914603650569,0.0654609592748599,0.9562556341035252,0.831997084548105,0.9034255864021276,0.9572113126878984,0.8083381264627852,0.8069274757060682,0.9222392937654778,0.9642444193043302,0.0429424084722995,0.0603981493335644,6,256,1024,0.4367998540401459,25.6816489000048,1753.992192,297089,252.337152,0.0352191108790015,False,
3,21,mBERT+Qwen+Char PCA-2048,2048,2048,0.9429790765218422,0.7882922535211268,0.8776723956830923,0.9449604749670188,0.7590364731497851,0.755602452326605,0.9069074673981904,0.9586826251159224,0.0562915615737438,0.0898310686196931,0.9502775537315558,0.8124552612741589,0.8918973784902764,0.9517173643676308,0.7863913575387915,0.7839490509854197,0.9166838227774174,0.9606077813214332,0.0519513115286827,0.0853167873219878,5,256,1024,0.4460780620574951,27.252310699986992,2325.597184,395393,336.449536,0.0532745741807354,False,
3,21,mBERT+Qwen+Char PCA-768,768,768,0.9428605299033844,0.7899782135076253,0.8784550782137468,0.9450631428591412,0.7615018416948316,0.7572302022747777,0.9113716682544672,0.9619191269465152,0.0539049357175827,0.087546173920448,0.9504673340608246,0.814959234314073,0.8931829475689559,0.9520854741651624,0.7897063490771229,0.7865628534347798,0.921577691749067,0.9637735620465404,0.0488729625940322,0.0818422215370738,6,256,1024,0.4289522469043731,14.574288200004958,893.659648,149633,126.168576,0.0216439104230797,False,
3,21,mBERT+Qwen+Char concat no PCA,5376,5376,0.9378815719281608,0.7801091061686949,0.8719706215548058,0.9411267537887572,0.7525790268062311,0.7445981805820977,0.918006792996551,0.9670621409000216,0.0527629777789115,0.0805562307699215,0.944441808606538,0.7975099429361923,0.8826569813111029,0.9467727779637676,0.770839835361534,0.7656848512858874,0.9192955754993436,0.9646961448992222,0.0492661222815513,0.0748447029068256,8,64,1024,0.4264105260372162,121.44013339999948,2862.239232,1034369,883.180032,0.1036954974606978,False,
3,21,mBERT+Qwen2.5+Llama-2 PCA-1024,1024,1024,0.9339695335190564,0.7636826474331778,0.8626529538667886,0.9371607994013328,0.7324901324791107,0.7258986995544968,0.9036214015396636,0.9560706040875402,0.0647545978426933,0.1133894436169579,0.938985624140058,0.780246069719754,0.8724105121338563,0.941810420353917,0.751496547909642,0.7453213153530296,0.9123876103184712,0.958517844705048,0.0615605562925338,0.1088358642347925,5,256,1024,0.4525560438632965,14.879756700014696,1179.885056,198785,168.224768,0.0402352327179603,False,
3,21,mBERT+Qwen2.5+Llama-2 PCA-1536,1536,1536,0.932072787623733,0.7589398401346235,0.8597031200121165,0.9355607702832348,0.7275379975413704,0.7200989521477262,0.9033632663732398,0.9582352351582824,0.0636165514588356,0.1041814885050046,0.9397921905394506,0.7815458770872784,0.873315241473891,0.942417655583106,0.7525210446505751,0.7470660907311006,0.910702443541735,0.9593202723966164,0.0594829507172107,0.098813705845125,5,256,1024,0.4514602124691009,21.629392000002557,1753.992192,297089,252.337152,0.0489883047871718,False,
3,21,mBERT+Qwen2.5+Llama-2 PCA-2048,2048,2048,0.938118665165076,0.7750969409737182,0.8696103261569621,0.9407628663272176,0.7448277236221537,0.7396500338819744,0.905782513175176,0.9569385908830084,0.0609115026891231,0.1023293694445482,0.9434929069601936,0.791382028376248,0.8793513242443731,0.9455922833335704,0.7629581456189551,0.7589957126696509,0.91099828767458,0.9580358099811632,0.0576877631247043,0.097191182143112,5,256,1024,0.4555567502975464,27.35471139999572,2325.597184,395393,336.449536,0.0548641694737584,False,
3,21,mBERT+Qwen2.5+Llama-2 concat no PCA,8448,8448,0.9455278288186828,0.7942690843966869,0.8814385558618789,0.9470623752608122,0.7652843175251239,0.7630369499581513,0.904859675089632,0.9569529281214552,0.053352054208517,0.0818185911062142,0.9528870332590028,0.8189608021877849,0.8959403536423667,0.9539060252813886,0.7933176199879688,0.7919612223226129,0.9142118975569324,0.9617302380631836,0.0484072156250476,0.0765956146268304,6,64,1024,0.4703595340251922,140.95475249999436,4485.860352,1624193,1387.854336,0.1596864354519326,False,
3,42,DistilBERT,768,768,0.9279236559777132,0.7382694791218253,0.8482383964209621,0.9310263294786548,0.7019401124615456,0.6969846785598148,0.8826628403756097,0.939153619617494,0.0610064752399921,0.1072780235421156,0.9253688855150164,0.7329825157019182,0.8448024841697965,0.9290030212269532,0.6966505851143696,0.6902852523696562,0.8841573340543475,0.9470382543006418,0.061789222061634,0.1106484366135707,14,256,1024,0.5135508179664612,85.36477439998998,893.659648,149633,252.337152,0.0422967215459005,True,
3,42,DistilBERT+mBERT PCA-1024,1536,1024,0.928042202596171,0.7397084048027445,0.8489793141697195,0.9312417657060806,0.7038180898009601,0.6985011492536483,0.8847903957369746,0.946328061316671,0.0627976134419441,0.0963259961743776,0.9303506191583244,0.7465469613259669,0.853087572297107,0.9333127484001084,0.7115487094304823,0.706653444075693,0.8874942287883198,0.9452170863550442,0.0620716400444507,0.0946895309149973,6,256,1024,0.5097575187683105,51.41518499999074,1179.885056,198785,168.224768,0.0599546662239431,True,
3,42,DistilBERT+mBERT PCA-128,1536,128,0.919091932902614,0.7111111111111111,0.8320348607904179,0.923069923600973,0.6710837911195393,0.6648227410218877,0.8704145570328534,0.9364968839212412,0.0637318044900894,0.0903111915153497,0.923755752716231,0.7285931430501604,0.8421206545433233,0.9276069730377952,0.6918206186485288,0.6849919537056344,0.8829070798839673,0.9418872724158728,0.0614068582653999,0.0901736798958025,14,256,1024,0.5712989568710327,35.73348819999956,178.096128,26753,21.028096,0.0156429947336048,True,
3,42,DistilBERT+mBERT PCA-256,1536,256,0.9214035919625392,0.7197802197802198,0.8370359216791481,0.9253095669768951,0.6813218053870412,0.6748200196925436,0.8764711969096439,0.9369406733506744,0.0670550838112831,0.1008602674520773,0.9236608625515964,0.7269641948073986,0.8412957263714609,0.9273874727041092,0.6896253567335123,0.6832909688257236,0.8803776349030739,0.9364577064854382,0.0654544383287429,0.0998663596136212,8,256,1024,0.557012677192688,24.71072970001842,321.208832,51329,42.056192,0.0196270294628962,True,
3,42,DistilBERT+mBERT RP-256,1536,256,0.919921759231818,0.7206946454413893,0.8369776634921875,0.9245190429162398,0.6838506617580608,0.6749895161339885,0.8838654978897986,0.9450228536229586,0.0629865303635597,0.0935916268019926,0.922664515822935,0.7279706275033377,0.8414478434790069,0.9268962894034672,0.6918873154275059,0.683797230103014,0.8862450871657277,0.944745678022182,0.0610765218734741,0.09157307129591,16,256,1024,0.5240065455436707,49.49853809998604,321.208832,51329,42.056192,0.0225470844997482,True,
3,42,DistilBERT+mBERT raw concat,1536,1536,0.9284571157607728,0.7365204103907443,0.8475647557937742,0.9311623037141038,0.6992832847989462,0.6955145353241724,0.8771993956302563,0.9401924530982546,0.05530970916152,0.072593831560592,0.9339564454144328,0.754324038122132,0.8580872547549927,0.9362210504175696,0.7196305370097845,0.7164647086737849,0.8854256489304091,0.9445661107296562,0.0522397048771381,0.0722995975467106,14,256,1024,0.5509291887283325,1526.112056000013,1753.992192,297089,252.337152,0.0893390378134105,True,
3,42,DistilBERT+mBERT standardized concat,1536,1536,0.9126904155058976,0.7039195979899497,0.8263575464138924,0.9185325439204122,0.6662807439553581,0.6542805023655112,0.881387912799748,0.943113762743356,0.0704055279493331,0.1123127259190848,0.91507330265218,0.70969834576711,0.82997977197214,0.9205517943330088,0.6725505116399636,0.661365953647066,0.8830698237903143,0.9440825995404823,0.0689383670687675,0.1106849480164952,8,256,1024,0.523910641670227,99.16324670001632,1753.992192,297089,252.337152,0.0906812544484063,True,
3,42,Llama-2 PCA-1024,4096,1024,0.9426234366664692,0.7809954751131222,0.8739913600925409,0.944001480128318,0.7496923189408913,0.7481041946777923,0.8933150679510498,0.9525095357232408,0.0511533617973327,0.085758408769028,0.943825022536414,0.7824329290701948,0.8750909469931493,0.9448625180163124,0.7511828647314918,0.7502515181963387,0.8897350144075978,0.9524017224152924,0.0492678843438625,0.0806981458793022,7,256,1024,0.48276486992836,50.25619290000032,1179.885056,198785,168.224768,0.0497256345780349,True,0.7034923197061802
3,42,Llama-2 raw,4096,4096,0.9505067867939068,0.8033906286790676,0.8875403728240228,0.9508908499969866,0.7752581477842325,0.775091390922641,0.8936927179479195,0.9503279237829808,0.0458306111395359,0.0778899630333491,0.9526972529297338,0.8103481072855241,0.891663470126487,0.9528940116479996,0.7833779631672869,0.783329845682941,0.8949612024433129,0.9512124400227566,0.0435110628604888,0.0735541820050144,7,256,1024,0.4773451685905456,178.3617071999979,4616.211456,788609,672.899072,0.1790197608767597,True,
3,42,Llama-2+Qwen PCA-1024,7680,1024,0.9454092822002252,0.7952878417426095,0.8818965625291374,0.9470982318261376,0.7667170440639703,0.7639872982435558,0.9078819292732998,0.9577205380292004,0.0540779456496238,0.0817545054351369,0.951843241448024,0.8160232010150444,0.8941594837949093,0.9529961751646124,0.7900822327505762,0.7884202122359444,0.9144415710904936,0.9602414515675092,0.0488630421459674,0.0767988278000518,6,256,1024,0.4669212698936462,49.06032069999856,1179.885056,198785,168.224768,0.0572810741566873,True,0.6827489391261239
3,42,Llama-2+Qwen PCA-1536,7680,1536,0.9233596111670914,0.737781383086595,0.8464513454602043,0.928261385890956,0.7056767762979059,0.6941494577330444,0.9014822336639008,0.9572692556086336,0.0676691308617591,0.1155217239747692,0.932058642121744,0.759973181361046,0.8602010264050726,0.9356726840742732,0.7291775962251041,0.72114807715071,0.9057957750717012,0.9594795434902416,0.0622647665441036,0.1073989817667528,5,256,1024,0.4533524513244629,52.47387180000078,1753.252864,297089,252.337152,0.073541149120048,True,0.7598567523665244
3,42,Llama-2+Qwen PCA-2048,7680,2048,0.9329026139529368,0.7597623089983022,0.8603840825046627,0.9361352024918764,0.7278729858230341,0.7213665483725042,0.9009527938314844,0.9568629149162748,0.063171274960041,0.1044216065708805,0.9387009536461546,0.7767795438838977,0.8706259265918965,0.9412923373694574,0.7467409435179373,0.7416675731050888,0.9064494852771664,0.9564714950076136,0.0602946318686008,0.0991097759249002,5,256,1024,0.4530950486660003,66.08380319999924,2325.597184,395393,336.449536,0.0947071831854129,True,0.8111477498800566
3,42,Llama-2+Qwen concat no PCA,7680,7680,0.9442238160156482,0.7969795037756203,0.8823252553749439,0.946576123199199,0.7702369887825123,0.765027107427766,0.9191531719842576,0.9678750655636724,0.048551108688116,0.0706912328865441,0.950514779143142,0.8154308971863387,0.8934289515929228,0.9521615568729388,0.7903307137142224,0.7870623209681056,0.9224298617641696,0.9653102400853172,0.0451822318136692,0.0679525032232941,9,64,1024,0.4519126415252685,497.51426139999967,4079.641088,1476737,1261.68576,0.3854311666744827,True,
3,42,Qwen2.5 raw,3584,3584,0.9315393278406734,0.7577092511013216,0.8589236505722311,0.9351209173424296,0.7262987924402733,0.7185734824798173,0.9034709091917592,0.9590307572689312,0.0582800507545471,0.0970336431582755,0.9406462020211606,0.7844218507668448,0.8750036958711669,0.9432119068903204,0.7558086913910406,0.7504290627473867,0.9121797406420278,0.96251370045414,0.0530824773013591,0.0931002369219715,11,256,1024,0.4373975098133087,251.6505173000041,4043.165184,690305,588.786688,0.183050903829008,True,
3,42,Qwen2.5+PCA-1024,3584,1024,0.9446387291802502,0.7951754385964912,0.8815847037407101,0.9466362167865714,0.7671917387595588,0.7634397977151225,0.9123861414047444,0.9664469533530484,0.0545999482274055,0.0878633718456158,0.9537410447407126,0.8256125916651762,0.8994731448329436,0.955090207950353,0.8016185250141025,0.7990919654784748,0.92493037010493,0.96803100169519,0.0479003116488456,0.080877429351943,7,256,1024,0.4049904942512512,57.59432430000743,1179.885056,198785,168.224768,0.066950804195108,True,
3,42,mBERT,768,768,0.9238337976409224,0.7202264315262356,0.8380712932271817,0.9267884758757337,0.6804422378274145,0.676574835891369,0.8677640168400922,0.9197050583528849,0.062078233808279,0.0872699750779338,0.924419983868672,0.7218438973284442,0.8390562995577902,0.927317344098377,0.682312523027619,0.6785308762501324,0.8684341016733925,0.930333796361166,0.0612780228257179,0.0901267258130919,17,256,1024,0.6201182007789612,104.76842479998597,893.659648,149633,252.337152,0.0420385586186342,True,
3,42,mBERT PCA-256,768,256,0.9412008772449766,0.7666980244590781,0.8665297514631776,0.9416861005046728,0.7332523267912399,0.7330738165915041,0.8727282207779022,0.9364827250873452,0.051127690821886,0.0742560083148238,0.9427812307254352,0.7708966565349544,0.8691024350714891,0.9430514748377437,0.7382679206941749,0.7382094052286021,0.8726374839767125,0.9369443473651188,0.0501156635582447,0.0729818427123533,10,256,1024,0.5596484541893005,28.95728339999914,321.208832,51329,42.056192,0.0183998054754556,True,
3,42,mBERT PCA-512,768,512,0.9297611285638078,0.7385837193911317,0.8490070159830114,0.9321370195402082,0.7013155034837617,0.6983142699329329,0.8752654416437092,0.9359595780699936,0.057648692280054,0.0821328838976592,0.9306352896522276,0.7432384966631542,0.851569879159882,0.933143507835954,0.7069511034054803,0.7034798998451627,0.88006565362848,0.9416812743151478,0.056413996964693,0.0832747669283663,8,256,1024,0.5590413808822632,37.5363262000028,607.43424,100481,84.112384,0.0303295677751679,True,
3,42,mBERT+Qwen PCA-1024,4352,1024,0.9429790765218422,0.7866962305986697,0.8768935449654541,0.9447968162459076,0.7568688278588674,0.7540027913197473,0.903405596907568,0.9573564792153832,0.0522905848920345,0.0747291235010654,0.9548322816340088,0.8265938069216757,0.9003141410781191,0.9558256191536,0.8021269986193434,0.8007081393515776,0.9191170479711058,0.9612251517650352,0.0456118695437908,0.0688267354929673,6,256,1024,0.4724701046943664,49.318861699983245,1179.885056,198785,168.224768,0.058263187360008,True,
3,42,mBERT+Qwen PCA-1536,4352,1536,0.932843340643708,0.7609200253217978,0.8609275505018119,0.9362162457369112,0.7296284073933875,0.7225087493934955,0.9035968790232254,0.9572149233136148,0.0605775043368339,0.097640039399487,0.9425914503961664,0.7904399030135089,0.8785899350141761,0.9449669885741036,0.7625066183022784,0.757552240617611,0.9142795342238624,0.961727097975034,0.0537478365004062,0.0901650135899501,5,256,1024,0.4498514235019684,60.51739270001417,1753.992192,297089,252.337152,0.0853422783128073,True,
3,42,mBERT+Qwen PCA-2048,4352,2048,0.949617687155474,0.8110271231658515,0.890980665946214,0.9511721155848474,0.7849181451328875,0.7821395163931304,0.9174925824253352,0.9660348550592772,0.0483346916735172,0.0689012763434288,0.9580585472315796,0.8383912248628885,0.907146762796726,0.9589197448410368,0.8156124270259539,0.8143580048572027,0.924917976114618,0.9639288820358718,0.0425970144569873,0.0619915964171759,6,256,1024,0.4252289235591888,91.77231000000027,2325.597184,395393,336.449536,0.1089675523076443,True,
3,42,mBERT+Qwen PCA-768,4352,768,0.9446387291802502,0.7940008822232024,0.881011670911656,0.9465160291080906,0.7655541886986905,0.7622612007727609,0.9097082404413276,0.9617758518736208,0.0526859983801841,0.0777984135752467,0.9532191488352232,0.8221500721500722,0.8976087700275082,0.954429237551956,0.7972974683824082,0.7953327417374911,0.9198470456823769,0.9634862335832136,0.0466427281498909,0.0716313967774566,6,256,1024,0.4416082501411438,39.38934580000932,893.659648,149633,126.168576,0.0461973715418895,True,
3,42,mBERT+Qwen RP-1024,4352,1024,0.9285163890700018,0.7519539284245167,0.8550974628272168,0.9327470408278506,0.7211519054556594,0.7111799057420878,0.9062781372359168,0.9617146753312892,0.0613538660109043,0.0946410391598968,0.9354746880485838,0.7734088637120959,0.8678949607341183,0.9390430769668136,0.7454742014274497,0.7365591951251074,0.9166555931770002,0.9651822554991158,0.0565453805029392,0.0902376395043127,8,256,1024,0.4419272840023041,58.1166997999826,1179.885056,198785,168.224768,0.0571437301329169,True,
3,42,mBERT+Qwen concat no PCA,4352,4352,0.9368146523620414,0.7697624190064795,0.8665726082391563,0.9394542520921718,0.738460466514235,0.7335634861469793,0.9015366957076838,0.958240052081154,0.0586962066590786,0.0848186035993227,0.9466717274754471,0.8032212885154062,0.8861888781636358,0.9486635479604312,0.7767360304453308,0.772657391289995,0.9185873816451908,0.9634584094908688,0.0533016137778759,0.0810133167433596,7,256,1024,0.476666510105133,829.1129222000018,4902.013952,837761,714.955264,0.4485292214268364,True,
3,42,mBERT+Qwen+Char PCA-1024,5376,1024,0.9474838480232352,0.8030235660293463,0.8863633765039359,0.949104111068441,0.7756583329325007,0.7729124841462511,0.912567351772579,0.963135878420218,0.0518373809754848,0.0810637470381359,0.955781183280353,0.8294914013904134,0.902043999866598,0.956676171922181,0.8053569116911272,0.8041540185438184,0.9193283072791276,0.9615024880935552,0.0460527911782264,0.0732965877970453,6,256,1024,0.4235070049762726,49.25508750000154,1179.885056,198785,168.224768,0.0582297433222774,True,
3,42,mBERT+Qwen+Char PCA-1536,5376,1536,0.928397842451544,0.7526617526617526,0.855400804946858,0.9327458765533498,0.7223986729027996,0.7118438850340667,0.908270429510578,0.9589326023287956,0.063911847770214,0.1051828053150425,0.937277601176638,0.7770657672849915,0.8702853129711177,0.940479714906142,0.748760831709136,0.7412021453557107,0.9148787087924256,0.962851665438289,0.0578868687152862,0.0985148994181121,5,256,1024,0.4417461156845093,54.44737889998942,1753.992192,297089,252.337152,0.0772578355553075,True,
3,42,mBERT+Qwen+Char PCA-2048,5376,2048,0.9359255527236086,0.7698530977219502,0.8663174939461877,0.9389388143447438,0.7394608809472171,0.7331781764806031,0.9063852610593792,0.959208318452772,0.0598756447434425,0.0947079843224935,0.9434929069601936,0.7928335362671769,0.8800591249527068,0.94574007186299,0.7650318449777067,0.7604557175377804,0.9142987074773318,0.9606820932750916,0.0546516142785549,0.0889018481959546,5,256,1024,0.4417725503444671,76.8021480999887,2325.597184,395393,336.449536,0.1087826303565489,True,
3,42,mBERT+Qwen+Char PCA-768,5376,768,0.9396004978957976,0.7819387973464583,0.8734421359534934,0.9423286218552154,0.7532352644152644,0.7473548384897131,0.9123956941575104,0.9628200374909056,0.0569973587989807,0.0901050210997919,0.9489490914266736,0.8100282485875706,0.8902703588786031,0.9506927402625276,0.78418515113793,0.7807632265870099,0.9198865047371036,0.9623318456801808,0.0508763529360294,0.0819403388109165,6,256,1024,0.4292117059230804,35.738432999991346,893.659648,149633,126.168576,0.0586005076633122,True,
3,42,mBERT+Qwen+Char concat no PCA,5376,5376,0.9444609092525637,0.7958160819350621,0.8818376537003545,0.9465972994232504,0.7682757390151989,0.7639850252926503,0.9149625950531336,0.9652122154569054,0.0512298718094825,0.0771530747841344,0.9518906865303411,0.8189285714285715,0.8955943945942988,0.9533238285490012,0.7939606874151743,0.7913470211088446,0.9213995177406872,0.9656761331382404,0.0470180585980415,0.0722430525268054,7,64,1024,0.4258913099765777,268.5343301999965,2862.304768,1034369,883.180032,0.2910897993069305,True,
3,42,mBERT+Qwen2.5+Llama-2 PCA-1024,8448,1024,0.9392448580404243,0.7796172866050312,0.8721915108560545,0.941884191918958,0.7502177128549685,0.7448193695907233,0.9093089061822366,0.962025488495988,0.0570852383971214,0.0902860606312032,0.94662428239313,0.8030806931559601,0.8861044364767205,0.9486213900395516,0.7765825394857109,0.7724897797966175,0.918560316580776,0.9627614450910252,0.0525769107043743,0.0853629355259766,6,256,1024,0.4330232441425323,49.3175611000006,1179.885056,198785,168.224768,0.0583285239834448,True,0.6789794432360957
3,42,mBERT+Qwen2.5+Llama-2 PCA-1536,8448,1536,0.9276272894315688,0.7479876160990712,0.8528670474861553,0.9318234613352072,0.7161662863572336,0.706688625694754,0.9024750225519572,0.958343997059893,0.0652888342738151,0.1108855583622922,0.9349053470607772,0.7683997299122215,0.8652652803577117,0.938205127163252,0.7385209574766564,0.7311762641801431,0.9089048678478306,0.960894860241331,0.0598646216094493,0.1039796970051518,5,256,1024,0.4417076706886291,54.33787229999871,1754.647552,297089,252.337152,0.0806403188309857,True,0.7542010448113746
3,42,mBERT+Qwen2.5+Llama-2 PCA-2048,8448,2048,0.9278643826684844,0.7496399917712405,0.8537507808307399,0.9321285374453272,0.7184016802732988,0.7084930034724275,0.904670209456674,0.9585107728777076,0.0654501095414161,0.1077299331667109,0.9334819945912606,0.7653163709407432,0.8632828399756232,0.9370516794714044,0.7355625663816747,0.7273098259456974,0.9097431258167608,0.9586203654638382,0.0621882006525993,0.1017589859585611,5,256,1024,0.4472247958183288,76.67465630000152,2325.859328,395393,336.449536,0.106458466575041,True,0.804428034636193
3,42,mBERT+Qwen2.5+Llama-2 concat no PCA,8448,8448,0.9389484914942802,0.7805709416276098,0.8725561951321745,0.9418054811710268,0.7519476719951005,0.7456246359401522,0.913053682578082,0.9653431968343896,0.0545746721327304,0.0903872563431091,0.943587797124828,0.7946104681292105,0.8809570971197407,0.9459761865873454,0.7675289953298162,0.762297974691591,0.9178182783990508,0.9655680704357956,0.0518455803394317,0.0857439324155124,7,64,1024,0.4188742041587829,408.9091816,4485.860352,1624193,1387.854336,0.3839327181287489,True,
3,87,DistilBERT,768,768,0.917432280244206,0.7105755246208186,0.8312115757847776,0.9220300504355656,0.6715771487119093,0.6634225936296763,0.8756474868799671,0.9370262264420846,0.0692231655120849,0.1158723907580428,0.9175878920149928,0.7151992129857354,0.8335114079073733,0.9226005973366715,0.678163680336915,0.6682259696867324,0.8833491252733384,0.9465435656453728,0.069148451089859,0.1207454614364236,10,256,1024,0.5327133536338806,22.92208769998979,893.659648,149633,252.337152,0.0203616643731033,False,
3,87,DistilBERT+mBERT PCA-1024,1024,1024,0.9347400865390316,0.7554963357761493,0.8589205746051306,0.936781475403358,0.7207033388331398,0.7180785882167169,0.8836677607731209,0.944928720894514,0.0583185367286205,0.0851689710023827,0.9369454856004176,0.7643199148785246,0.8639619566176822,0.9389925038702404,0.7310440827219602,0.7281714259424126,0.8901011258110214,0.9445921360297832,0.0579785853624343,0.084232090374474,6,256,1024,0.5251265168190002,17.870760499994503,1179.885056,198785,168.224768,0.0299049817344159,False,
3,87,DistilBERT+mBERT PCA-128,128,128,0.9087191037875644,0.6883852691218131,0.8174565234497955,0.9146252746334658,0.6472763931233934,0.6364354194277773,0.8688226370073966,0.935105928512972,0.0688699930906295,0.0978160171775245,0.914409071499739,0.705421293272371,0.827675953325056,0.9197338225519934,0.6669209214733854,0.6566632192944631,0.878070325164654,0.9383949537161403,0.0665663629770279,0.0970233748417066,13,256,1024,0.5808687210083008,27.366152400005376,178.358272,26753,21.028096,0.0063736300230519,False,
3,87,DistilBERT+mBERT PCA-256,256,256,0.9274494695038824,0.7322834645669292,0.8451612729073933,0.930139107281896,0.6942889705662789,0.6906973402292051,0.8739466265483488,0.93901679954562,0.0616827793419361,0.0838170187724119,0.9260805617497746,0.729419937478291,0.8433065178104721,0.9290632154644096,0.6913302828459041,0.6870680265908783,0.8748270716024527,0.9359251392171598,0.0624015890061855,0.0845184647228729,8,256,1024,0.5689244866371155,18.25961599999573,321.208832,51329,42.056192,0.0124220097725134,False,
3,87,DistilBERT+mBERT RP-256,256,256,0.9107936696105744,0.6970002013287698,0.8223489277712486,0.9167152471681972,0.6579162848522045,0.6462699516916315,0.8761859604700928,0.9399251868625484,0.0693598240613937,0.1049298408346462,0.915263082981449,0.7116564417177914,0.8309950729167377,0.9208571697881368,0.6752701740501745,0.6634650140780762,0.8858184198901751,0.9453066828437354,0.0664076805114746,0.1040926964093403,14,256,1024,0.5462345480918884,31.97488709999016,321.208832,51329,42.056192,0.0123392181044942,False,
3,87,DistilBERT+mBERT raw concat,1536,1536,0.90688163120147,0.6861138861138861,0.8157228441600506,0.9132963949954684,0.6456102103363073,0.6332236759484856,0.8710702261942644,0.9317588645166648,0.0747971162199974,0.1242780461368609,0.908525881292404,0.6906290115532734,0.8184785835005941,0.9147494264277626,0.6508016987208249,0.6386562995373704,0.8733940892561114,0.941807896810132,0.0735855624079704,0.1268255509439312,9,256,1024,0.5499430894851685,38.15370789999725,1753.992192,297089,252.337152,0.0342028609382711,False,
3,87,DistilBERT+mBERT standardized concat,1536,1536,0.8997095607847786,0.6790591805766313,0.809814100298853,0.9082503658072366,0.6423804585632046,0.6226810747998635,0.8820159616929748,0.9470252987384205,0.0758754685521125,0.1222848744765846,0.9081463206338664,0.7016029593094945,0.8236607854361637,0.9155704385393744,0.6680181292904749,0.6498088013496064,0.8936401715178534,0.9500241350086516,0.0727842450141906,0.1211001042134516,14,256,1024,0.5187757015228271,60.28135120001389,1753.992192,297089,252.337152,0.0355690705504382,False,
3,87,Llama-2 PCA-1024,1024,1024,0.947958034497066,0.7995433789954338,0.8848203919021853,0.9490195111558544,0.7708899354418483,0.7697197489678558,0.9015082969469144,0.9552063800062344,0.0451629199087619,0.0723912484162639,0.9498505479907008,0.80458495100758,0.8879095662644376,0.9506530766663728,0.7765854168666853,0.7758656038856205,0.9009282641247508,0.9557807483982118,0.0429876521229743,0.068025448108878,8,256,1024,0.4609608948230743,23.585196500003804,1179.885056,198785,168.224768,0.0259953219149696,False,
3,87,Llama-2 raw,4096,4096,0.9509216999585088,0.8079777365491652,0.8899215899871208,0.9516114057962296,0.7804344489648065,0.779878156028722,0.901345154094498,0.9562971778670666,0.0436769500374794,0.0631018779084601,0.9563505242681596,0.825559347743648,0.900306788839286,0.956591679365873,0.8007052694857112,0.8006183176098366,0.9048011989397232,0.9569318298508092,0.0399986207485199,0.0571360085982296,8,256,1024,0.4686024785041809,85.51578729998437,4616.211456,788609,672.899072,0.0796550647615654,False,
3,87,Llama-2+Qwen PCA-1024,1024,1024,0.9410823306265188,0.7837249782419495,0.8748104065024336,0.9433822768323732,0.754303007688759,0.7499595561213872,0.9078852865225742,0.960820122476346,0.0557472854852676,0.0847261835705102,0.9461498315699578,0.7989371124889283,0.8839244438338256,0.9479199809489212,0.7711751000211746,0.7680657729089221,0.9118538473212616,0.9622115137591384,0.0512147024273872,0.0786870360629319,6,256,1024,0.4474175274372101,17.79616990001523,1179.885056,198785,168.224768,0.024962110357955,False,
3,87,Llama-2+Qwen PCA-1536,1536,1536,0.9458241953648272,0.797339246119734,0.8830360707883836,0.9475512370569226,0.7691897726008756,0.7662770803183463,0.909972571111243,0.9624273528559812,0.0523566827178001,0.0815252912640448,0.950752004554728,0.8137114142139268,0.8926684018748821,0.9521230847598762,0.7877345384275051,0.7854777832263219,0.9164594104511532,0.9617286160308944,0.049379888921976,0.0775828446014713,6,256,1024,0.4344785511493683,26.0439069000131,1753.992192,297089,252.337152,0.0350503155099064,False,
3,87,Llama-2+Qwen PCA-2048,2048,2048,0.8846541402406496,0.6565478291563713,0.7936179806844685,0.8968085440510956,0.6243143121731531,0.592962416919292,0.8878462224133854,0.9583626160075592,0.0649415478110313,0.1065502883851524,0.8846135598045263,0.6542507819164061,0.7925012451723261,0.8966039686308213,0.6206673848396356,0.5905411637770035,0.8843414243215257,0.9575233933447848,0.0618425495922565,0.1007924232114584,5,256,1024,0.4550443589687347,26.953532700019423,2325.597184,395393,336.449536,0.0442086966825087,False,
3,87,Llama-2+Qwen concat no PCA,7680,7680,0.9388892181850512,0.7816140648167761,0.8730440332009176,0.94187528377569,0.7535891378682091,0.7466494744491698,0.9156977677698231,0.9679650625502574,0.0546979345381259,0.0867528847074979,0.9470038430516676,0.806042715749262,0.8876758433808818,0.9491456620762102,0.7805070734165346,0.7756789757846867,0.9232324038298096,0.967331094762412,0.0494372993707656,0.0798732299928014,7,64,1024,0.4122452437877655,145.71791259999736,4079.936,1476737,1261.68576,0.1451896332498978,False,
3,87,Qwen2.5 raw,3584,3584,0.9331989804990812,0.7605693647758658,0.8608770708845749,0.9363917514184328,0.7287459992186773,0.7223400044776387,0.9011218726898638,0.9586185454449913,0.0594953298568725,0.1024655123107048,0.9433031266309247,0.7921377630892329,0.8796563008551508,0.9455578386870472,0.7642224889172288,0.7596512027352205,0.9138604052393972,0.9622421764079896,0.0535101629793643,0.097985078955513,10,256,1024,0.4387063980102539,91.56564230000367,4043.165184,690305,588.786688,0.0664946007496335,False,
3,87,Qwen2.5+PCA-1024,1024,1024,0.9413786971726632,0.7866235167206042,0.8763227179232937,0.9438509945207308,0.7581694994394015,0.7530412425569188,0.9125861977805824,0.9640105797142348,0.0557207725942134,0.0846930295905741,0.9490914266736252,0.8113904025312005,0.8909824630234502,0.9509153563228996,0.7859960912632803,0.7822098438505274,0.9222779937922744,0.9660892522851212,0.0489970780909061,0.0774312913364792,7,256,1024,0.4331765472888946,20.437369000021132,1179.885056,198785,168.224768,0.0246802391234172,False,
3,87,mBERT,768,768,0.9181435599549524,0.706980691703798,0.8297037875825821,0.9220934527332216,0.6661142571750795,0.6601400120077143,0.8669896113408204,0.9219715584221384,0.0678996667265892,0.1082979839498956,0.9231864117284244,0.7225364181662383,0.8389795998152428,0.9266614205654136,0.6839133705772451,0.6785593048537996,0.8744962705942474,0.9318691435016542,0.0651126354932785,0.1090913396071521,16,256,1024,0.5869865417480469,36.90739250002662,893.659648,149633,252.337152,0.0204431892588254,False,
3,87,mBERT PCA-256,256,256,0.9335546203544544,0.7458626161868057,0.8538218334761037,0.9350968034714432,0.7091757657816058,0.7077748530286389,0.8714558719587295,0.9312830757982548,0.0566474199295043,0.0789968306528275,0.9352374626369976,0.7503201024327785,0.8565567312392857,0.936553008498292,0.7142856236998275,0.7132108677432932,0.8719646005177777,0.935206766070628,0.055092230439186,0.0783663361014326,10,256,1024,0.5843845009803772,21.101452900009463,321.208832,51329,42.056192,0.0112100773355511,False,
3,87,mBERT PCA-512,512,512,0.9391855847311956,0.7626099028227672,0.8638678338043135,0.940097872414747,0.7283776720401429,0.7277851295992595,0.8752863474133449,0.936699178463262,0.0511444956064224,0.0674987298336932,0.938558618399203,0.7630375114364135,0.8638704142534626,0.9397976809711828,0.7289125771045212,0.7278318849607204,0.8794698686914952,0.9396125384925936,0.0506448224186897,0.0686138126361614,8,256,1024,0.5711814165115356,17.16008969998802,607.43424,100481,84.112384,0.0159911040479307,False,
3,87,mBERT+Qwen PCA-1024,1024,1024,0.9464169284571158,0.7977628635346756,0.8834400543418117,0.9479404396444872,0.7693428870200077,0.7670403458671056,0.9072208431009824,0.9603729757976386,0.0513317510485649,0.0730171337621938,0.9526023627650994,0.8197076340010828,0.8962111217829958,0.9538183170473474,0.7944619134964931,0.7925370078589803,0.918175031923883,0.963431916296812,0.0461632832884788,0.068188276122263,6,256,1024,0.4588103890419006,17.054762500018114,1179.885056,198785,168.224768,0.0213426341512447,False,
3,87,mBERT+Qwen PCA-1536,1536,1536,0.947128208167862,0.8008928571428572,0.8852048182918851,0.948677417340774,0.7730389088154529,0.770577817523397,0.9098925485609078,0.962043491137024,0.0494111627340316,0.0702612263585895,0.9556388480334014,0.8294729162867044,0.9019879647834764,0.9565918616707124,0.8054089456088094,0.8040507055692717,0.9204022590168464,0.9630544610650073,0.0443695373833179,0.0646535999705853,6,256,1024,0.4478135108947754,25.39243740000529,1753.992192,297089,252.337152,0.0304478483657279,False,
3,87,mBERT+Qwen PCA-2048,2048,2048,0.9519293462153992,0.8161414645205168,0.8942457689109011,0.953045055856682,0.7901473105930461,0.7885864458574721,0.9138675803574644,0.9644277544284064,0.0483932718634605,0.0638236290768118,0.9591972292071926,0.8407407407407408,0.9086709635030906,0.9598224824792853,0.8180710461647541,0.8173765577335657,0.92177205488741,0.9631425291001952,0.0436394028365612,0.0600295694404486,6,256,1024,0.4522536396980285,32.702656700013904,2325.597184,395393,336.449536,0.0384406035021968,False,
3,87,mBERT+Qwen PCA-768,768,768,0.9481358544247526,0.8046438937262782,0.8873713266259795,0.9496510447967524,0.777366485442546,0.7749066290503789,0.9121153557338088,0.9623344851779876,0.0505807846784591,0.0771580557199506,0.9528870332590028,0.8205313573106814,0.8967078839473863,0.954068877174655,0.7953653851918462,0.7935247292961061,0.9181724013202344,0.9625972663099608,0.0459157042205333,0.0715861828485519,6,256,1024,0.4307471513748169,13.631514900014736,893.659648,149633,126.168576,0.0179782274523529,False,
3,87,mBERT+Qwen RP-1024,1024,1024,0.9346215399205736,0.7665608465608466,0.8642743234079348,0.93783598954716,0.7360240577979879,0.7291571306572469,0.906259291227913,0.959168355833391,0.0616261102259159,0.1005890918136566,0.9369454856004176,0.775998651609641,0.8696536147532206,0.9401758864262174,0.7475495007396471,0.739946811487892,0.9143592113612464,0.9604646473695566,0.0579775832593441,0.0968046655068305,7,256,1024,0.4489406943321228,19.824119700002484,1179.885056,198785,168.224768,0.0211364995011171,False,
3,87,mBERT+Qwen concat no PCA,4352,4352,0.8986426412186592,0.6905537459283387,0.8149749166273392,0.90864294395518,0.6627480114755506,0.6342628596569054,0.9057143788553628,0.9661929214912932,0.0794656425714492,0.138893880850566,0.907197418987522,0.7092746730083235,0.8270304940720496,0.9157007334847934,0.6820751971879339,0.6573908040190306,0.9112511791446908,0.9662727394890124,0.0737900212407112,0.1311895620653512,7,64,1024,0.4200013875961303,85.06969279999612,2322.450944,837761,714.955264,0.0813790909526323,False,
3,87,mBERT+Qwen+Char PCA-1024,1024,1024,0.94102305731729,0.7852363479387007,0.8755272398939784,0.9435009592184987,0.7565264625518114,0.7514495615021209,0.911559333623322,0.9647465471421052,0.0551244169473648,0.084090716294027,0.946007496323006,0.8013268156424581,0.8850426973397049,0.9480808317239626,0.7746941535280074,0.7703852600240325,0.9183734917335205,0.962336462233619,0.0509728267788887,0.0778659808923084,6,256,1024,0.4196197092533111,17.906261399999494,1179.885056,198785,168.224768,0.0265699957300168,False,
3,87,mBERT+Qwen+Char PCA-1536,1536,1536,0.9478987611878372,0.8052293374695325,0.8875782323188779,0.9495729755754448,0.7783530863324151,0.7753568205610977,0.9150699783741248,0.9628662929253512,0.0498564541339874,0.0748799050335115,0.9527446980120512,0.8194998187749184,0.8961567223583076,0.9538794398594684,0.7940941058674361,0.7924134029912132,0.9166060172157516,0.9625937830995964,0.0460913553833961,0.0688014425688686,6,256,1024,0.4387849569320678,25.99079680000432,1753.992192,297089,252.337152,0.0358959719116573,False,
3,87,mBERT+Qwen+Char PCA-2048,2048,2048,0.9515144330507972,0.8147644927536232,0.8934355778915084,0.9526615545577573,0.7885906848275639,0.7869707026632957,0.9134248775739316,0.9627537034351958,0.0486599132418632,0.0657503888904487,0.9583906628078,0.8382813940623272,0.9072025521399272,0.9591002463017904,0.8153087105309813,0.8144489685072276,0.92180701176277,0.9623627058842464,0.0446852147579193,0.0613843536964777,6,256,1024,0.4631389379501343,32.726806799997576,2325.597184,395393,336.449536,0.0429060729705458,False,
3,87,mBERT+Qwen+Char PCA-768,768,768,0.9438681761602752,0.793636957942907,0.8805765827686614,0.9460273666529544,0.7657427562136726,0.761466188849669,0.9135944754273682,0.9646733688390826,0.052638504654169,0.0825996021834811,0.9477629643687432,0.8051672270394621,0.8875026612692312,0.9495013174660648,0.7784403281086703,0.7752211077525257,0.9160744793141182,0.9620745664047752,0.0495055206120014,0.0771949365061649,6,256,1024,0.4137367010116577,14.190820199990412,893.659648,149633,126.168576,0.0205828770705938,False,
3,87,mBERT+Qwen+Char concat no PCA,5376,5376,0.9417343370280364,0.7873675102747134,0.8768047414349631,0.944135799046624,0.7588773142868032,0.7539845063962913,0.912171115265234,0.9635005211034744,0.0546690262854099,0.0848062524195422,0.9494235422498458,0.8114609126282278,0.8911277165880865,0.9511168917860234,0.7857574841537007,0.782466992671949,0.9201571553812522,0.9644419641213944,0.049939215183258,0.0798240090598091,7,64,1024,0.4352210164070129,107.26262630001293,2862.239232,1034369,883.180032,0.1032881529629663,False,
3,87,mBERT+Qwen2.5+Llama-2 PCA-1024,1024,1024,0.9419714302649516,0.7853540890155668,0.8759024308893331,0.9440699663133568,0.7558034809771791,0.7520896276702449,0.9063325992796998,0.962149463440204,0.0543956533074379,0.0815722796168158,0.9479052996156948,0.8054571226080793,0.8876915851331275,0.949614209545285,0.7787184828620616,0.7755920938834899,0.9158256325270876,0.9615579491206734,0.0506440587341785,0.0766145411629434,6,256,1024,0.4383183419704437,17.824792200000957,1179.885056,198785,168.224768,0.026048901647067,False,
3,87,mBERT+Qwen2.5+Llama-2 PCA-1536,1536,1536,0.9423863434295536,0.7900647948164147,0.8783382506645965,0.9447931829583408,0.7621117076540019,0.7570578879313921,0.9143970201898808,0.9638939355751974,0.0538299530744552,0.0869495601149121,0.9461498315699578,0.8006323555243281,0.8847516019139976,0.9480934702752656,0.7735500463199755,0.7697662652245943,0.9158143510845635,0.9621494086382204,0.051327645778656,0.0813249225726048,6,256,1024,0.4244421124458313,25.864836699998705,1753.992192,297089,252.337152,0.0355288039090106,False,
3,87,mBERT+Qwen2.5+Llama-2 PCA-2048,2048,2048,0.8887439985774406,0.660394427356613,0.7969347646263838,0.8997264677656973,0.6255263495950562,0.598609301572308,0.8829697772959774,0.95750565785705,0.0609123483300209,0.0983047716456022,0.8920149926460123,0.6677372262773723,0.8016343054115165,0.9024589267019276,0.6336311826218138,0.6076535030123442,0.8862532805083166,0.9576633352202976,0.0575747042894363,0.0932075162049449,5,256,1024,0.457563579082489,27.375775699998485,2325.597184,395393,336.449536,0.0550818475105566,False,
3,87,mBERT+Qwen2.5+Llama-2 concat no PCA,8448,8448,0.9295240353268924,0.7537792503623939,0.8563279401260315,0.9335297010582796,0.7227135826034061,0.7135468727256729,0.9052050662999966,0.9622192844939522,0.0618442669510841,0.1048006434154769,0.9390330692223752,0.782608695652174,0.8735767866418582,0.9420758411608732,0.7550046897205741,0.747738826148062,0.9173653050870136,0.9649494834679764,0.0566851384937763,0.0990455158460639,6,64,1024,0.4257080852985382,140.58332700000028,4485.860352,1624193,1387.854336,0.1599247046538326,False,
3,101,DistilBERT,768,768,0.9346808132298026,0.7487460100319198,0.8556034178787477,0.9360489123404016,0.7124529500403797,0.7113114453624628,0.8714803944751679,0.9391199173759868,0.0538092292845249,0.0791026989469375,0.9341936708260188,0.7485040797824116,0.8553241215528232,0.9357597092995712,0.7122649301185896,0.7107849054246584,0.8735144419724395,0.9434421463296884,0.0549722798168659,0.0820714597661275,11,256,1024,0.5504159927368164,25.362781100004213,893.659648,149633,252.337152,0.0207110689369926,False,
3,101,DistilBERT+mBERT PCA-1024,1024,1024,0.9414972437911208,0.7739867185711015,0.8701933592855507,0.9426206335262136,0.7414607310231165,0.7404652361543302,0.8852568425443603,0.9506269946845174,0.05074954777956,0.0632052763631451,0.9454381553351996,0.7899159663865546,0.8792818654179229,0.9465744679480196,0.759852915621782,0.7586500649931327,0.8961009192722431,0.9489706250368336,0.0492285452783107,0.0627359098370354,7,256,1024,0.5213519930839539,20.80706099999952,1179.885056,198785,168.224768,0.0264549888502093,False,
3,101,DistilBERT+mBERT PCA-128,128,128,0.8970422618694802,0.6662824207492796,0.8027070371959595,0.9054116221932496,0.6255206744833036,0.6082394251953678,0.8689586785866856,0.9355123665169042,0.0757133811712265,0.1182054328532303,0.8990368648289605,0.6718075262183837,0.80607477516414,0.9071781346563874,0.632007077052675,0.6148692676521381,0.872271622116718,0.937028225150226,0.0754894018173217,0.1185248417468464,12,256,1024,0.5679342746734619,25.368254500004696,178.358272,26753,21.028096,0.0098300754364956,False,
3,101,DistilBERT+mBERT PCA-256,256,256,0.9144093414735344,0.702880658436214,0.8264420604001581,0.9194628277728126,0.6631812126644075,0.6540575004923936,0.8735108977608932,0.9380930856559172,0.0684747248888015,0.103557401181003,0.9169236608625516,0.711484593837535,0.8314801381270258,0.9218368911477834,0.6733945826612121,0.6641025873696647,0.8793397525885036,0.93764838216212,0.0675907880067825,0.103092182679332,8,256,1024,0.5507137775421143,19.11898340002517,321.208832,51329,42.056192,0.0126376761390734,False,
3,101,DistilBERT+mBERT RP-256,256,256,0.9285756623792306,0.7406929201635464,0.8496384346478498,0.9316559190569031,0.7047766714624735,0.6997820913719989,0.8842707681548525,0.9475659131831556,0.057176124304533,0.0790646818885637,0.9332447691796744,0.7576227390180879,0.8594573295079435,0.9361388679462648,0.7245807794103674,0.7193918138079658,0.8952509743527166,0.95054059632811,0.0541613064706325,0.0777475104782617,19,256,1024,0.5194268226623535,40.8498236000014,321.208832,51329,42.056192,0.012885586184688,False,
3,101,DistilBERT+mBERT raw concat,1536,1536,0.9273901961946536,0.7339847991313789,0.8459710178173969,0.9302776364844064,0.6965442503237764,0.6923758704919751,0.8772086888854937,0.9382456864212404,0.0606637708842754,0.0943144801927919,0.9304455093229588,0.7442428471737613,0.8519962245313648,0.9331346148166296,0.7083801837911586,0.704384217219831,0.8827627502031596,0.941935226344832,0.0587176866829395,0.0949504925207179,12,256,1024,0.53461092710495,51.2194984999951,1753.992192,297089,252.337152,0.0340302462399647,False,
3,101,DistilBERT+mBERT standardized concat,1536,1536,0.9188548396656986,0.7205552153500715,0.8365456796509051,0.9238668157474546,0.6846917532051903,0.6743162666921839,0.8877886463992609,0.94609182125421,0.0674553737044334,0.1074057056538036,0.9224272904113489,0.7320111457138174,0.8433306220899822,0.9271542881509072,0.6980678323932408,0.6877981881331985,0.894690853330808,0.948315303196722,0.0647282302379608,0.1051806602627039,12,256,1024,0.5229319334030151,50.68996889999835,1753.992192,297089,252.337152,0.0347558238840327,False,
3,101,Llama-2 PCA-1024,1024,1024,0.9416750637188074,0.7824933687002652,0.8744077494469906,0.9436036803262604,0.752124739706367,0.7490534100140681,0.9018376804034928,0.955790865751873,0.0497275777161121,0.0823819923391428,0.9412155430089671,0.7801242236024845,0.8730983395183209,0.943107932615073,0.7493172404566276,0.746423462224141,0.8996328841842743,0.9554933991395992,0.0480143912136554,0.0782644852784483,8,256,1024,0.4535720944404602,23.20528870000271,1179.885056,198785,168.224768,0.0212720311237864,False,
3,101,Llama-2 raw,4096,4096,0.9444016359433348,0.7905314872711031,0.8792392264130255,0.9460211003293056,0.7610467228618487,0.7586531658425237,0.9033932059005846,0.9525847575692996,0.0503685548901557,0.0782952449674169,0.9466717274754471,0.7954876273653566,0.8824129172889852,0.947867738960851,0.766334771834943,0.7649239616562442,0.9007651147103316,0.955041798316422,0.0472371354699134,0.072645156027041,8,256,1024,0.4898066818714142,85.40741880002315,4616.211456,788609,672.899072,0.0788682829619913,False,
3,101,Llama-2+Qwen PCA-1024,1024,1024,0.9294054887084346,0.7487871757013288,0.8538598131532402,0.9329616783821374,0.7154364484532356,0.7084110755595303,0.8958677775755859,0.9532097573665672,0.0674557164311409,0.1144705493186181,0.9371352659296864,0.769685381540066,0.8666426413208421,0.9396515453385248,0.7381411431393693,0.7336658169990447,0.8999456244867984,0.9542776443482928,0.0622877590358257,0.1069002649188536,5,256,1024,0.4667892456054687,14.761623200000033,1179.885056,198785,168.224768,0.0367231104990018,False,
3,101,Llama-2+Qwen PCA-1536,1536,1536,0.8765929701855255,0.6394180810529961,0.7824879306866812,0.8901952485811412,0.6057063095647712,0.5717979797250821,0.8803633841202434,0.9567622623124278,0.0689474493265152,0.11591968399373,0.878445699103288,0.6438698915763136,0.7852930693579508,0.8917848497143755,0.6110449040501741,0.5772296160711026,0.8832982807996586,0.957517591460058,0.0658541917800903,0.1106532274499682,5,256,1024,0.4581321775913238,21.390275300014764,1753.992192,297089,252.337152,0.050488826682393,False,
3,101,Llama-2+Qwen PCA-2048,2048,2048,0.9502104202477624,0.8108959927960379,0.8911135254082578,0.9515037145913416,0.784301006608108,0.7823507733378515,0.9130929153606644,0.9630900608878517,0.047601256519556,0.0698802411919145,0.9541206053992504,0.8242776667272397,0.8989468331453447,0.9551727827691882,0.79952251000628,0.7979820185347448,0.9185460510147456,0.9643777378813287,0.0447527319192886,0.066897083324658,6,256,1024,0.4496678709983825,32.21311009998317,2325.597184,395393,336.449536,0.0387927076911136,False,
3,101,Llama-2+Qwen concat no PCA,7680,7680,0.9433347163772152,0.7908096280087528,0.8790192387952718,0.9454261065920576,0.7622353871526836,0.7583285209839908,0.9104062401370666,0.9630564073021306,0.0546857863664627,0.0855259556354424,0.9506096693077762,0.8139410187667561,0.8927332490644415,0.9520638695063718,0.788158043747638,0.7856250892102873,0.9180284251592844,0.963351292973926,0.0503091290593147,0.0807318196323059,6,64,1024,0.4351247251033783,126.09661790000972,4079.936,1476737,1261.68576,0.1437049769881181,False,
3,101,Qwen2.5 raw,3584,3584,0.932428427479106,0.76010101010101,0.8603885526531266,0.9358880534506154,0.7288688803414036,0.7214619716417772,0.9039781457668978,0.9603084906618192,0.0580562055110931,0.0985433761638547,0.9412629880912844,0.7846207376478775,0.8753076769599604,0.9435950240122954,0.75546856511295,0.750964952226583,0.9090661456865315,0.9583538634791984,0.0526422522962093,0.0901342304310775,16,256,1024,0.4334338903427124,144.42535839998163,4043.165184,690305,588.786688,0.0665381411018137,False,
3,101,Qwen2.5+PCA-1024,1024,1024,0.9455278288186828,0.7983322361202545,0.8834217288190788,0.9474796771782612,0.7708217656801815,0.7671057236542187,0.9141293322706908,0.9660351145568056,0.0496355704963207,0.0681216326276619,0.9533140389998576,0.8234660925726588,0.8982830736236722,0.954620327799344,0.7990139231142732,0.7967011740060194,0.9225415116534078,0.966147843002746,0.0440641194581985,0.0619018403849475,8,256,1024,0.4348922669887543,23.506494000001112,1179.885056,198785,168.224768,0.0250567775307499,False,
3,101,mBERT,768,768,0.911742042558236,0.6827189431067547,0.8157303621175964,0.9158653886635452,0.6375411595794487,0.6321986877850494,0.8501539955645385,0.9111581342257454,0.0752140805125236,0.1232969320029378,0.9108506903259476,0.6797341060167036,0.8139762381159661,0.915060684600162,0.6341468278304474,0.6287144566410924,0.8486469609707007,0.9190463336018836,0.0737861022353172,0.1250815469899411,9,256,1024,0.6351180672645569,20.54723759999615,893.659648,149633,252.337152,0.0203813920380361,False,
3,101,mBERT PCA-256,256,256,0.9250785371347282,0.7242582897033158,0.8404541328480912,0.927929884361445,0.6850589771170315,0.6813169211938687,0.869710102336094,0.9319057401177664,0.0622322857379913,0.0998471101235781,0.9241353133747688,0.7183371499031178,0.8372506540699074,0.926792629902859,0.6779663063345215,0.6748496358714159,0.863651123563051,0.9330583843036184,0.0613863728940486,0.0984783141346232,8,256,1024,0.5637029409408569,16.96005230001174,321.208832,51329,42.056192,0.0127153532296989,False,
3,101,mBERT PCA-512,512,512,0.9293462153992056,0.7363998230871296,0.8478029231794306,0.9316705525002956,0.6987142002470352,0.6958910163401573,0.8731747998057662,0.9365588876119448,0.0569505430757999,0.0831534450492945,0.9351425724723632,0.755412417248166,0.859013469666063,0.9370251555285884,0.7204778394279432,0.7182291918133427,0.8818117297972031,0.9421817336622148,0.0543373599648475,0.0821043898227723,8,256,1024,0.5544968247413635,17.270317300019087,607.43424,100481,84.112384,0.0172998149633576,False,
3,101,mBERT+Qwen PCA-1024,1024,1024,0.9286349356884596,0.7482225010455876,0.8533239577051143,0.9324475189067412,0.7153937659268184,0.707439160283029,0.8983120658890174,0.9529556606304298,0.0684540644288063,0.11764483153809,0.938131612658348,0.7771701982228298,0.8706246561606132,0.9409959472328988,0.7479023036906524,0.7417566059256226,0.9104152502477654,0.9573752477290404,0.0618127472698688,0.1113364686774546,5,256,1024,0.4645169079303741,14.231835199985651,1179.885056,198785,168.224768,0.0277117379121184,False,
3,101,mBERT+Qwen PCA-1536,1536,1536,0.8778969829885602,0.6402375130981488,0.7833540506667215,0.8910965166532333,0.6054844839268884,0.5731503376992511,0.8784294301336963,0.9555493059900788,0.0677690580487251,0.1079747150911286,0.8847558950514779,0.658608573436402,0.7946429093957889,0.8970768870022523,0.6278219669140547,0.5952031029327333,0.8913535011005489,0.9608993000348404,0.0612612552940845,0.1019639064547554,5,256,1024,0.4658603966236114,21.23796500000753,1753.992192,297089,252.337152,0.035466195379421,False,
3,101,mBERT+Qwen PCA-2048,2048,2048,0.9323691541698772,0.7588247727753118,0.8597474317152902,0.9357250673739156,0.7270525670242277,0.7201365991052338,0.9016784137954076,0.9561459881195544,0.0613060109317302,0.0976499090639467,0.940076861033354,0.7832503861335164,0.8742414289243847,0.9427577661703812,0.7547125115783803,0.7489402468803267,0.9128450858098752,0.9611636912979756,0.0550949424505233,0.0920463643675412,5,256,1024,0.460272878408432,27.21994999999879,2325.597184,395393,336.449536,0.0439072306302802,False,
3,101,mBERT+Qwen PCA-768,768,768,0.9393041313496532,0.7825902335456476,0.8736594044553809,0.9422190357590692,0.7545565453555928,0.7478565056769089,0.9155224934079518,0.9661384594475102,0.0532189793884754,0.0777170544933053,0.9468140627223988,0.8055507372072853,0.8873723622006088,0.9489841195792224,0.780001363329791,0.7750797536578037,0.9232891645622876,0.966533470781854,0.0470367558300495,0.0712632987464078,8,256,1024,0.4244539737701416,18.2093955000164,893.659648,149633,126.168576,0.017434094035982,False,
3,101,mBERT+Qwen RP-1024,1024,1024,0.9362811925789816,0.7714224962789709,0.8672016575888466,0.9393071123809,0.7413841715153251,0.7349546532285901,0.9078241099802424,0.9630854223695304,0.0542047284543514,0.0823893807607616,0.9441571381126346,0.7954821894005213,0.8815730681061235,0.9463995773786296,0.7681752383662885,0.7634864393511214,0.9163278282805156,0.962620515439439,0.0504778362810611,0.0771372261240939,8,256,1024,0.433614045381546,22.614603900001384,1179.885056,198785,168.224768,0.0211600939407048,False,
3,101,mBERT+Qwen concat no PCA,4352,4352,0.9301167684191808,0.7586489252814739,0.8588961436886628,0.9343652872480078,0.7294967645348394,0.7188120358498977,0.912340972616199,0.9662865676618722,0.0615861266851425,0.098910607421183,0.9389381790577408,0.7833698030634574,0.8739150398798357,0.9420956848251668,0.7563059480175852,0.7484616981199208,0.91962146882011,0.9663964610416336,0.056298442184925,0.0920818960082473,8,64,1024,0.4153884649276733,98.84304479998536,2322.450944,837761,714.955264,0.08250533757161,False,
3,101,mBERT+Qwen+Char PCA-1024,1024,1024,0.9352142730128624,0.7657020364415863,0.8640560943978404,0.9381000094059834,0.7341691344414852,0.7286024359693553,0.9014476393996396,0.9545656481713046,0.0646224394440651,0.1141383770450743,0.9445366987711724,0.7938635161347205,0.8809105975268345,0.9464571282842594,0.7655059897011797,0.7620698546276452,0.9102735511706062,0.9553139670164308,0.0592205971479415,0.1065742393541382,5,256,1024,0.4560984671115875,14.608307499991495,1179.885056,198785,168.224768,0.0357160174598421,False,
3,101,mBERT+Qwen+Char PCA-1536,1536,1536,0.8810384683776895,0.6452183135937776,0.7868783396347026,0.8935242996101509,0.609949147659424,0.5796074933297024,0.8785737269781091,0.9555864790110288,0.0657978877425193,0.1076311192950387,0.8867485885088011,0.6606000284373666,0.79631749663661,0.8985128725340428,0.6285490317820688,0.5980665430335472,0.8891898140032211,0.9594118236421686,0.06083669885993,0.1016393127743947,5,256,1024,0.4603118300437927,21.69247490001726,1753.992192,297089,252.337152,0.0450422593345858,False,
3,101,mBERT+Qwen+Char PCA-2048,2048,2048,0.9356291861774644,0.7667525773195877,0.8647075133039526,0.938450957198056,0.7352778070690029,0.7298861367365791,0.9014783574195696,0.955670426461482,0.0590660870075225,0.0919700909187786,0.9447739241827584,0.7956460674157303,0.8818594591837552,0.9467782209027058,0.7677904345389034,0.763991788782935,0.9128841913447442,0.9611680791032706,0.0531366914510726,0.0868049410805929,5,256,1024,0.4645837545394897,27.1240113999811,2325.597184,395393,336.449536,0.054487009536638,False,
3,101,mBERT+Qwen+Char PCA-768,768,768,0.9421492501926384,0.7864332603938731,0.8764882605273904,0.9442843933408456,0.7571534508143454,0.7532726323016475,0.9076700008855352,0.9608825965063198,0.0547910556197166,0.0845902906355945,0.9516060160364378,0.8171387594119757,0.894625810152182,0.952973629210768,0.7917333939847071,0.7893944705299556,0.9189268334922718,0.9627259995264495,0.0492146983742713,0.0784412482137433,6,256,1024,0.4388050436973572,14.14415629999712,893.659648,149633,126.168576,0.0219175546812177,False,
3,101,mBERT+Qwen+Char concat no PCA,5376,5376,0.9292869420899768,0.7545772474799424,0.8566349067634123,0.9334670050717134,0.7242307791196974,0.7142417034861184,0.9079536965585112,0.96230444833907,0.0678456202149391,0.1237750678365108,0.9367082601888316,0.7754964658364187,0.8693289244016955,0.9399848502872346,0.7470816152985437,0.7393141269851572,0.9145539280194476,0.9627699295676148,0.0631673857569694,0.1170058960139499,6,64,1024,0.4202668666839599,92.26364479999756,2862.239232,1034369,883.180032,0.1083114342655099,False,
3,101,mBERT+Qwen2.5+Llama-2 PCA-1024,1024,1024,0.9310651413668424,0.7526058285471177,0.8562794991019049,0.9343281796612288,0.7193475287293305,0.7131514321154848,0.8955786648917036,0.9526618121166534,0.0664119943976402,0.112556884966618,0.9378469421644446,0.7735131396957123,0.8687472214838199,0.940458570919653,0.7428945598467482,0.737910673013743,0.9041470832261856,0.9547588888513188,0.0622182264924049,0.1073472306373399,5,256,1024,0.4693090319633484,14.806670399993893,1179.885056,198785,168.224768,0.0344705887923996,False,
3,101,mBERT+Qwen2.5+Llama-2 PCA-1536,1536,1536,0.8733922114871673,0.6354948805460751,0.7794431579403498,0.8878117828697958,0.6030513086342744,0.5664646952184077,0.8818332105585651,0.958526018357504,0.0701023489236831,0.1168918764343666,0.8773070171276747,0.6450727422454021,0.7854536591805191,0.8911606161799613,0.6145610346507226,0.5780923366753847,0.88825943291838,0.9612299866689742,0.0653246790170669,0.1105727239746494,5,256,1024,0.4512466788291931,21.78887499999837,1753.992192,297089,252.337152,0.0442074441324639,False,
3,101,mBERT+Qwen2.5+Llama-2 PCA-2048,2048,2048,0.9287534823069172,0.7509324492333195,0.8546818837673029,0.9327876017458534,0.7193072762610756,0.7102572678212364,0.9031175222137994,0.9564769447798992,0.0633960962295532,0.1037501172176338,0.9353797978839492,0.7693870640027091,0.865906288567234,0.9385853516722098,0.7394505636038836,0.732425017903657,0.9085154345314288,0.9591642349699264,0.0596414916217327,0.0984737601667803,5,256,1024,0.4611184000968933,27.27204600002733,2325.597184,395393,336.449536,0.0503860369131743,False,
3,101,mBERT+Qwen2.5+Llama-2 concat no PCA,8448,8448,0.9403710509157728,0.7859574468085107,0.8756589795849592,0.9431890114617696,0.7583383606122707,0.7518286745777656,0.9169551468253234,0.9665172285274716,0.055833488702774,0.0887841149006674,0.9469563979693504,0.8050226717823509,0.8871626263909009,0.9490140862567402,0.7790516252674214,0.7746261192568941,0.921060065893606,0.9659284735332784,0.0525352358818054,0.0843246805589826,7,64,1024,0.4167962968349457,163.53508390000206,4485.860352,1624193,1387.854336,0.1615172130763795,False,
4,13,DistilBERT,768,768,0.9083865625739296,0.695378564405113,0.8207323367429484,0.9150368070609792,0.6575998184830227,0.6434284401688246,0.8808800279144293,0.9467910043791664,0.0747717320919036,0.1336779300412522,0.909198616179328,0.6871325930764206,0.8170127181802083,0.9147505745151232,0.6449413609123634,0.6353681704511057,0.8648090855781557,0.93459423759238,0.0744477361440658,0.1241434386408652,9,256,1024,0.4965033531188965,21.2700041999924,895.046144,149633,253.157376,0.0203455855170113,False,
4,13,DistilBERT+mBERT PCA-1024,1024,1024,0.9446415897799858,0.7894736842105263,0.8788022149346809,0.9460046582048044,0.7594231786661119,0.757727930551407,0.8989045830185416,0.9615132610946896,0.0491643734276294,0.0661008087407003,0.9415193592720724,0.771819526627219,0.8691407248834306,0.942377221121068,0.7389019078585087,0.7383269455563062,0.8804557371473478,0.952585247462632,0.0513689368963241,0.0600267757316184,7,256,1024,0.4514487087726593,20.606152599997586,1181.045248,198785,168.771584,0.0264373584185369,False,
4,13,DistilBERT+mBERT PCA-128,128,128,0.9234681807428436,0.7264270613107823,0.8409691519164789,0.9271399227057184,0.6887289437831237,0.68261600534484,0.879235471131428,0.9451802639259772,0.0603770092129707,0.0857895044664986,0.9215203070944504,0.7099824868651489,0.8323013387959417,0.9243491587954232,0.6682500669711726,0.6649855635079289,0.8591768113396354,0.9351081841831136,0.0615977868437767,0.0783948068176478,14,256,1024,0.5297611355781555,16.398692700022366,178.463232,26753,21.096448,0.006075716790936,False,
4,13,DistilBERT+mBERT PCA-256,256,256,0.9297374024130588,0.7465870307167235,0.8529007661136487,0.9328812909686812,0.711796661204296,0.7063391675143147,0.8893739872025339,0.9550799380642152,0.0542141944169998,0.0725880068490426,0.9327046111558694,0.7471509971509972,0.8541691682852237,0.9347028652398884,0.7108866227555756,0.7085585286865799,0.8772350058692071,0.9500280876824536,0.0533214174211025,0.0638344613747384,13,256,1024,0.4866292774677276,16.315813499997603,321.450496,51329,42.192896,0.0080835884555802,False,
4,13,DistilBERT+mBERT RP-256,256,256,0.9289093920037852,0.7479026845637584,0.8532614496903066,0.932523544107724,0.7143984249688462,0.7072339887078154,0.8956673061144438,0.9580008759364286,0.056056685745716,0.082572010049417,0.9269228946495428,0.7335867311679336,0.8456201904315529,0.9299280099494436,0.6961806979484675,0.6917089749821053,0.8780473219451176,0.9482911772985244,0.058090154081583,0.0770901363804844,20,256,1024,0.458797425031662,22.82391879998613,321.450496,51329,42.192896,0.0082666224356677,False,
4,13,DistilBERT+mBERT raw concat,1536,1536,0.9278448071918618,0.7479338842975206,0.8529150371239121,0.9318930513155196,0.715563155252818,0.7067190608895166,0.9005954639826108,0.9572228263385432,0.0584187917411327,0.0952918497988302,0.928628974930098,0.7412371134020619,0.8499215087102663,0.931709078640553,0.7053599160274943,0.7003490848909588,0.8846123205914819,0.94404548381758,0.0578971616923809,0.0834190526393786,16,256,1024,0.441891074180603,66.98513299998012,1754.877952,297089,253.157376,0.0352128477329651,False,
4,13,DistilBERT+mBERT standardized concat,1536,1536,0.9190915542938254,0.7241935483870968,0.8383928651278428,0.9243057648760266,0.6895977210541198,0.6781260322028934,0.8927298307997198,0.9574030135411028,0.0653655380010604,0.1057013433167954,0.9172077152741576,0.7112873905139646,0.8314811548016698,0.9219297962463632,0.672621510357937,0.6640178571208853,0.8772730050236768,0.9485439042997148,0.0663789063692092,0.1003878591727387,10,256,1024,0.4534935057163238,41.35745509999106,1754.877952,297089,253.157376,0.03123615942285,False,
4,13,Llama-2 PCA-1024,1024,1024,0.9407972557369293,0.7803379416282642,0.8730631230407975,0.942820889043129,0.7496686493184148,0.7463852395137331,0.901426301225937,0.9562427169167655,0.048716459423303604,0.070061274213478,0.9465428178759301,0.7941605839416058,0.8817216513738855,0.9476134190511126,0.764640832702506,0.7635215238885215,0.8979587235349715,0.9624864662319152,0.04463331401348114,0.06261621419265163,10,256,1024,0.4673960208892822,31.96555590000935,1181.045248,198785,168.771584,0.043736443769949944,False,
4,13,Llama-2 raw,4096,4096,0.9535722734800096,0.8162883220219986,0.8948584418897185,0.953967261662453,0.7899336922170987,0.7897289183310248,0.9017458316940956,0.9568202701721662,0.0425457544624805,0.063915386511335,0.9562579972513152,0.8221922558273935,0.8986268620197733,0.9561457052844906,0.797273222492758,0.7972547381663304,0.8965951141932071,0.9626424502235932,0.0403245128691196,0.0578686018587345,8,256,1024,0.4614789485931396,84.18335460001254,4620.374016,788609,675.086336,0.07642063883115,False,
4,13,Llama-2+Qwen PCA-1024,1024,1024,0.9292642536077597,0.7540106951871658,0.8563518972931063,0.9333438591329195,0.7231065707573813,0.7136279115769053,0.906121097405343,0.958317134376488,0.06777377426624298,0.11603149086781603,0.9298611440216104,0.7559366754617414,0.8574912775725885,0.9339135100221474,0.725440040422389,0.715901669519857,0.9075169453029669,0.9628257244229648,0.0675167515873909,0.11578822319462177,5,256,1024,0.4464559257030487,14.996164400014095,1181.045248,198785,168.771584,0.03803583242541674,False,
4,13,Llama-2+Qwen PCA-1536,1536,1536,0.943222143364088,0.7919375812743823,0.8795315603105012,0.9454290888969356,0.7637531629110782,0.7593871972728272,0.912856381886104,0.9632034812057929,0.05353952944278717,0.08386088025176498,0.9477275958485379,0.804675048698424,0.8872506689258772,0.9493907700391767,0.7776342422574241,0.774698479057142,0.914422527812709,0.9683019525289169,0.0509624145925045,0.08176825931053441,6,256,1024,0.42517855763435364,25.99614560001646,1754.877952,297089,253.157376,0.036613217383715105,False,
4,13,Llama-2+Qwen PCA-2048,2048,2048,0.9495505086349657,0.8116582026937513,0.8912663260540836,0.9511560427055756,0.7856926200237975,0.782723130206275,0.9187231121493917,0.9690757561866475,0.048359379172325134,0.066191558006103,0.9531301834036302,0.8227280874708729,0.8978615999159787,0.9544013394598789,0.7980203195068355,0.7958505426287005,0.921287760170962,0.9719345225580754,0.045768868178129196,0.06420758265883125,7,256,1024,0.4218558669090271,37.915887799987104,2327.662592,395393,337.543168,0.04441849201463529,False,
4,13,Llama-2+Qwen concat no PCA,7680,7680,0.9419801277501775,0.7896204160411752,0.8779851814367026,0.9444625776888381,0.7616928909499436,0.7563747160966626,0.9150179513454901,0.9672728042305938,0.057416047900915146,0.10305422501163065,0.9411876214397422,0.7857759364750561,0.8758454787431722,0.9436249328768822,0.757015798272319,0.7520742070314743,0.9113486043880996,0.9675908121793659,0.05713602155447006,0.10101751731376299,6,64,1024,0.3926665186882019,126.69774430000689,4088.139776,1476737,1265.78688,0.14473938202015124,False,
4,13,Qwen2.5 raw,3584,3584,0.9461793233972084,0.7998240211174659,0.8843670840127815,0.947969388249144,0.7721529753150942,0.7689567076056038,0.9126987442762072,0.96625970051562,0.0481479093432426,0.088868185805092,0.9473484668973036,0.7987683390690092,0.8842400894930662,0.948559596861608,0.7700773117742978,0.7685823387693669,0.9031876516108266,0.9617865526698938,0.0480059012770652,0.0837206797264977,14,256,1024,0.3927821218967438,126.79179990000556,4045.935104,690305,590.700544,0.067069480119793,False,
4,13,Qwen2.5+PCA-1024,1024,1024,0.9442867281760112,0.7977672820953199,0.8827302697601916,0.9466484861723732,0.7711221516153622,0.7658413848560217,0.9198197089951696,0.9700283193226056,0.0511989556252956,0.0790130123826546,0.9416141415098812,0.7886792452830189,0.8774035179455895,0.9441706249835952,0.7608046310922486,0.7552337362224286,0.9153744641124966,0.9705927868097262,0.0529363378882408,0.0792836258757249,8,256,1024,0.3872243762016296,24.185707900003763,1181.045248,198785,168.771584,0.0268645561822682,False,
4,13,mBERT,768,768,0.9279039507925244,0.7348270611268218,0.8465538159941238,0.9306065911249544,0.6971859531495234,0.6934893584975157,0.8758211178692192,0.9371181317551264,0.0605950430035591,0.0951267232435841,0.9277759347898203,0.7221006564551422,0.8402975639157895,0.929243523518065,0.6817318280471966,0.6807039756251789,0.8550168826442357,0.928754350639088,0.0604027286171913,0.0845477286365906,16,256,1024,0.5472936630249023,38.279514399997424,895.046144,149633,253.157376,0.0214797260794095,False,
4,13,mBERT PCA-256,256,256,0.9374852140998344,0.7608056121294411,0.8624247810961864,0.9388735526396568,0.7262757120694228,0.7249625388692704,0.8796487137738134,0.9416377696618586,0.0519955269992351,0.0676169728475568,0.9334628690583384,0.7383525903838987,0.850118851386976,0.9342255979140536,0.7006002749942513,0.7002691464491847,0.8584263358064717,0.9375195925048972,0.0532871149480342,0.0608672904373514,11,256,1024,0.5514512062072754,12.88586049998412,321.450496,51329,42.192896,0.007924306905846,False,
4,13,mBERT PCA-512,512,512,0.9414478353442156,0.774281805745554,0.8703213310073337,0.942572499763534,0.7417193284531317,0.7407214097635562,0.8853955234013515,0.9486390555205464,0.0492862276732921,0.0629790866865814,0.9383441543054832,0.7569587147393985,0.8608262324545048,0.9389889884280688,0.7219602461195896,0.7216766790596058,0.8686121391400818,0.9412027348620132,0.0505749657750129,0.0565738228049213,10,256,1024,0.5210008025169373,15.877665700012583,607.949312,100481,84.385792,0.012561276716744,False,
4,13,mBERT+Qwen PCA-1024,1024,1024,0.9480127750177432,0.8059174210642526,0.8879520522878541,0.9496672468208688,0.7790447530755499,0.7761003885712963,0.9151802310445126,0.9655577618373594,0.0508137345314025,0.0753264928927108,0.9451210843088004,0.7956230144722909,0.8819641238334741,0.94693784429915,0.7672964900769076,0.7641528421161222,0.909975031790244,0.967586752307861,0.0517374724149704,0.0754714409152642,6,256,1024,0.4176918566226959,17.167729800014058,1181.045248,198785,168.771584,0.0211589782478959,False,
4,13,mBERT+Qwen PCA-1536,1536,1536,0.9420984149515024,0.7885072369842299,0.8774824532473142,0.9444190957163484,0.7599472943824994,0.7553171184767273,0.9118050454093029,0.9639813373832982,0.0580337829887867,0.1019082711253827,0.9392445855646652,0.7788892721628148,0.8718366809116458,0.941781797423787,0.7490439928333605,0.7440756425922747,0.907279691383482,0.9632683022010924,0.0591189339756965,0.1009650301831033,5,256,1024,0.405429482460022,20.9512926999887,1754.877952,297089,253.157376,0.0361019335574171,False,
4,13,mBERT+Qwen PCA-2048,2048,2048,0.9515613910574876,0.8186046511627907,0.8953266933504135,0.9530451920863112,0.7935950509152412,0.7908224581842861,0.9219209312959205,0.9683347304732132,0.0478959493339061,0.0674574952272388,0.9500023695559452,0.8115061640164374,0.8913424823633614,0.9514211942268184,0.7851767797052728,0.7828340238634689,0.9155560708646427,0.9696242071081308,0.0480335988104343,0.0657190655677992,6,256,1024,0.4095394015312195,31.899661400006156,2327.662592,395393,337.543168,0.039509762571075,False,
4,13,mBERT+Qwen PCA-768,768,768,0.9506742370475516,0.8153232949512843,0.8934295655643794,0.9521894284812572,0.7898075121991175,0.7870322880673084,0.9199794742292488,0.969255637140272,0.0445056706666946,0.0626041730004908,0.9476328136107294,0.8061063344446394,0.8879174249545609,0.949482199430038,0.7797309247292602,0.7760797578674072,0.918479841184455,0.9714857721181696,0.0465003959834575,0.0641103829161193,8,256,1024,0.4045185148715973,17.963790799985873,895.046144,149633,126.578688,0.0180760437898872,False,
4,13,mBERT+Qwen RP-1024,1024,1024,0.9456470309912468,0.8013831856494489,0.8849493611621118,0.9478167465726318,0.7749086050718745,0.770226598663526,0.9197758992790448,0.9688425717999016,0.0447131432592868,0.0603168540861592,0.9473010757783992,0.8042942625835974,0.8869225967901557,0.9491023664155734,0.7774784203664564,0.7740755746823197,0.9163170792787264,0.970308212602214,0.044066596776247,0.0570098698417868,13,256,1024,0.4256964027881622,36.73578930000076,1181.045248,198785,168.771584,0.0218358371641665,False,
4,13,mBERT+Qwen concat no PCA,4352,4352,0.9371894960965224,0.77490462060195,0.8692036334159657,0.9401454031695902,0.7452937212862256,0.7389414234686454,0.9096187181412456,0.9650627507292272,0.05848990380764,0.0948920404167922,0.9345528647931378,0.7675475509173539,0.864731278009627,0.9378643239552316,0.7374265185501039,0.7301102127786518,0.9082205976752264,0.965402365372279,0.0604612454771995,0.0955935320077428,7,64,1024,0.4101032018661499,85.45911900000647,2326.75328,837761,717.279232,0.0826523197944428,False,
4,13,mBERT+Qwen+Char PCA-1024,1024,1024,0.9513839602555004,0.8169265033407572,0.8944483843171767,0.9527686070531628,0.7914235146518919,0.7890428883724946,0.918949317284084,0.9685097436806014,0.0443364568054676,0.0593201007625374,0.9488649827022416,0.8097337330276847,0.890098587517921,0.9505750352905604,0.7836895132402298,0.7804108641130771,0.9190184680654858,0.9712437229933102,0.0453515611588954,0.0624736850408348,8,256,1024,0.4227511286735534,23.237297599989688,1181.045248,198785,168.771584,0.025866304914497,False,
4,13,mBERT+Qwen+Char PCA-1536,1536,1536,0.9531582682753726,0.8217019360648357,0.8973696580303752,0.9542949847042376,0.7965668431857655,0.7948407578438946,0.9181166425471452,0.9654302816884156,0.0471391975879669,0.0720942995000056,0.9499075873181366,0.808410367953598,0.8897987508297361,0.9510454278445788,0.7811702509457642,0.7796922305253944,0.9087592970539624,0.967230426085586,0.0476619116961956,0.0702926034437856,6,256,1024,0.4116776287555694,25.20036410001921,1754.877952,297089,253.157376,0.0305541348752838,False,
4,13,mBERT+Qwen+Char PCA-2048,2048,2048,0.8930683700023657,0.6725823976819992,0.8043409620416782,0.9034637996720968,0.6397096682518982,0.6130888139139501,0.8903855757911958,0.9612330916739104,0.0591336674988269,0.0961879460325696,0.8915217288280176,0.6663751639702667,0.80080309937287,0.9019632901817384,0.6316322466579403,0.6059715503925214,0.8846535200018062,0.964260909713636,0.05961499735713,0.0963049867875373,5,256,1024,0.4289068877696991,26.9456341000041,2327.662592,395393,337.543168,0.0526339130845185,False,
4,13,mBERT+Qwen+Char PCA-768,768,768,0.944405015377336,0.7941305300043802,0.880996888933814,0.9463470241113868,0.7657559129930483,0.7622481360732078,0.9106610605703658,0.9642242733808812,0.0536086708307266,0.0832636462096437,0.94237239941235,0.7856891082129009,0.8761997884472301,0.9443112093012612,0.7558451033412247,0.7526434057704497,0.90429521977058,0.9640473521870176,0.0547143183648586,0.082268850089737,6,256,1024,0.4171158969402313,13.5790219999908,895.046144,149633,126.578688,0.0175446803467115,False,
4,13,mBERT+Qwen+Char concat no PCA,5376,5376,0.9416844097468654,0.7907470288624788,0.8784342620947908,0.9444019464285388,0.7637308244026162,0.7573543461334382,0.9193597553309558,0.9703940127881818,0.0526162348687648,0.0770858849527903,0.9412350125586464,0.786648313833448,0.8762865092113105,0.9437413646402036,0.7582350081650141,0.752979582696513,0.9130202046962356,0.969201711194412,0.0523614361882209,0.0739341141829673,9,64,1024,0.3976863622665405,133.1178315000143,2867.982336,1034369,886.050816,0.1004609402403432,False,
4,13,mBERT+Qwen2.5+Llama-2 PCA-1024,1024,1024,0.9448781641826355,0.7955243527863097,0.8818349086373274,0.9467669094904705,0.7672897516879267,0.7639121756774103,0.9109310754211826,0.9636708009628209,0.05339179188013077,0.0788803946135179,0.9442680441685228,0.7936117936117936,0.8806980730057653,0.9462325514900493,0.7652250657872796,0.7616557764672723,0.9106394732606713,0.9663581854777153,0.05279930680990219,0.07765181050213708,6,256,1024,0.433115690946579,17.774318500014488,1181.045248,198785,168.771584,0.028486555139063018,False,
4,13,mBERT+Qwen2.5+Llama-2 PCA-1536,1536,1536,0.9426307073574639,0.7891304347826087,0.877964724510691,0.9447953470172681,0.7603235562968095,0.7562373301305592,0.9100585560859142,0.9612101391221217,0.05799394100904465,0.09986569883660106,0.9417089237476897,0.7854900592954308,0.8758809296148098,0.943902190683073,0.756110001621789,0.752072669021341,0.9076991216799417,0.9643399114989439,0.05823619291186333,0.1002574483889829,5,256,1024,0.4234946370124817,21.591723500023363,1754.877952,297089,253.157376,0.045640277712145155,False,
4,13,mBERT+Qwen2.5+Llama-2 PCA-2048,2048,2048,0.9502010882422521,0.8142920158800176,0.8927685747045742,0.9518070078869942,0.7887939244689349,0.7857303598474654,0.9207345873937107,0.9685580181838367,0.048608265817165375,0.06756723726280421,0.9513293208852661,0.8161804188294255,0.8940659024366983,0.9526765651635777,0.7905110198393835,0.7882696943247484,0.9177933396979414,0.9701404425549931,0.04705562815070152,0.06527803961958575,7,256,1024,0.42595380544662476,37.91158549999818,2327.662592,395393,337.543168,0.04242149187269315,False,
4,13,mBERT+Qwen2.5+Llama-2 concat no PCA,8448,8448,0.9378992193044713,0.7785744411640658,0.8712298497352282,0.940935125168466,0.7499566841477939,0.7430317477245514,0.9137142012724739,0.9669289350312549,0.06065606698393822,0.11065829950198619,0.9382967631865788,0.7767489711934157,0.8704751179860397,0.9410062532365056,0.7469058799449942,0.7414038859020207,0.9078900495656456,0.9673147305602063,0.06022397801280022,0.10741669279529151,6,64,1024,0.39135876297950745,140.53396329999669,4494.250496,1624193,1392.365568,0.16100835505331895,False,
4,21,DistilBERT,768,768,0.9273716583865624,0.7414736842105263,0.8496125043910954,0.9309660525751998,0.7066070437918921,0.6999115128049747,0.8902791945820631,0.9469610047750332,0.05881367623806,0.0998040004879031,0.9312828775887398,0.7421763869132291,0.8512675362309597,0.9333611981434872,0.7051668869021472,0.7027685696043968,0.8746147420148438,0.9458793650609528,0.0569410659372806,0.0898041123105277,13,256,1024,0.489976555109024,30.249285600002622,895.046144,149633,253.157376,0.0207757547030763,False,
4,21,DistilBERT+mBERT PCA-1024,1024,1024,0.9373077832978473,0.7717484926787253,0.8677061399359621,0.9398957113289153,0.7406161770378027,0.7358177649525617,0.9023053001439434,0.9648304206158274,0.0546016953885555,0.0870741319647426,0.9364011184304062,0.7646439845668187,0.8639384306395737,0.9386598423825848,0.7316439265710156,0.728177778716354,0.892829635156333,0.9567607113806276,0.0556868948042392,0.0826975852371986,7,256,1024,0.4136990308761596,20.64137150000897,1181.045248,198785,168.771584,0.0265467276438399,False,
4,21,DistilBERT+mBERT PCA-128,128,128,0.9337591672581028,0.7560975609756098,0.8588864481582128,0.9362152064361112,0.7218569839655532,0.7181157367398754,0.8887987549916965,0.9491105338157496,0.0532008595764637,0.0703304367821186,0.9302402729728448,0.7340079508492953,0.8469319780427342,0.931909970924807,0.6954749923290959,0.6940107435567209,0.8648102973255183,0.9409140489989208,0.055396806448698,0.0623856026814864,21,256,1024,0.5222386121749878,26.183326600003056,178.463232,26753,21.096448,0.0061766930472397,False,
4,21,DistilBERT+mBERT PCA-256,256,256,0.9312751360302816,0.7503223033949291,0.855237963987431,0.9341667079392066,0.7157639822887792,0.710938435175138,0.8894314330554656,0.952867885885586,0.0549082718789577,0.0763250767198918,0.9312354864698356,0.7435036238288846,0.8518995749463207,0.9334700838223822,0.706857294420346,0.7040700151731825,0.8772189942331182,0.9488138753979865,0.0543126873672008,0.0687646234753962,11,256,1024,0.4935071468353271,23.69137220000266,321.450496,51329,42.192896,0.0110674517795999,False,
4,21,DistilBERT+mBERT RP-256,256,256,0.9338774544594276,0.7594664371772806,0.8605683804098141,0.9366280396195272,0.7263533311995117,0.721571327924526,0.894812001193017,0.9571111744240488,0.0536502376198768,0.0800815749422565,0.9297663617838016,0.7383474576271186,0.8488934726419024,0.9320819552929496,0.7009195505132328,0.6980719683175485,0.8744072328682226,0.9465178419960152,0.0565266348421573,0.0733714573510606,19,256,1024,0.4677082896232605,23.075641300005373,321.450496,51329,42.192896,0.0080323396983159,False,
4,21,DistilBERT+mBERT raw concat,1536,1536,0.9195055594984622,0.720131606004524,0.8365621937044345,0.924153693322536,0.6831572546045467,0.674178747876592,0.8837399416566765,0.949512574194446,0.0667770057916641,0.1118300342980815,0.9219942182834936,0.7187286397812713,0.8367233295192464,0.9255171155175074,0.679362216405005,0.6740548177504292,0.8719458736273854,0.9371435676203708,0.0654321983456611,0.1012393712182148,10,256,1024,0.4873769283294678,42.01295129998471,1754.877952,297089,253.157376,0.0354750248801408,False,
4,21,DistilBERT+mBERT standardized concat,1536,1536,0.9336408800567778,0.7616822429906542,0.8615680694134252,0.936712835920265,0.729689508938845,0.7236813541570899,0.900417710653169,0.9615157110861728,0.0546582154929637,0.0817534815044582,0.9332259134638168,0.7505753230660294,0.8560142776794322,0.9353595769688604,0.7150057712816401,0.7122826100746606,0.8811504930154674,0.9533238955129928,0.0549357831478118,0.0731082296283257,14,256,1024,0.439931720495224,57.841526600008365,1754.877952,297089,253.157376,0.0313295104507473,False,
4,21,Llama-2 PCA-1024,1024,1024,0.9410338301395789,0.7785920497446147,0.8722899183666615,0.9427794433768598,0.747205056139954,0.7447716981838253,0.8964356685749522,0.9552867044506931,0.04983608052134514,0.08393803882642412,0.9462584711625042,0.7912371134020618,0.880198377206878,0.9471438256669832,0.7611990013787954,0.7604496454427533,0.8933561652773689,0.9609758626139482,0.04597485065460205,0.07603349045313065,8,256,1024,0.4536767601966858,24.859950699988985,1181.045248,198785,168.771584,0.030081901331769585,False,
4,21,Llama-2 raw,4096,4096,0.950201088242252,0.8056325023084026,0.8885373202086037,0.9509071619220268,0.7776760304101938,0.7771108262946468,0.9000270014850817,0.9535999497880694,0.0468133985996246,0.0799977410199556,0.9528458366902044,0.8100057284704983,0.8915441871082371,0.9529037996720328,0.7830928131581294,0.7830886263273369,0.8925101895525007,0.9613157939979772,0.044373445212841,0.0741904458043151,7,256,1024,0.463336169719696,73.75755270000082,4620.374016,788609,675.086336,0.0766373773751026,False,
4,21,Llama-2+Qwen PCA-1024,1024,1024,0.9403832505322924,0.7835981107771576,0.8745139192338356,0.9429104820188454,0.7546030082810679,0.7494353672344691,0.9108262415750918,0.9610689261261804,0.05595032125711441,0.08801526733313214,0.9418984882233069,0.787815853236414,0.8770783636926633,0.9442505073604888,0.7592369592878512,0.7545173104132123,0.9117542290500791,0.9652676232082968,0.05544358119368553,0.08769226208481737,6,256,1024,0.43897438049316406,17.86035250002169,1181.045248,198785,168.771584,0.027968423296351186,False,
4,21,Llama-2+Qwen PCA-1536,1536,1536,0.917435533475278,0.7281931464174455,0.839759055774971,0.9236908257671478,0.6979872287898039,0.6814615659422254,0.9069566734479853,0.9613056404348658,0.07342269271612167,0.1274822358161419,0.921899436045685,0.7403906742281033,0.8472132430659678,0.9275997446808889,0.7116270473222748,0.6961192851102098,0.9125123893400202,0.9666051851601754,0.07124092429876328,0.1268640517352356,5,256,1024,0.4334215223789215,21.560833800002,1754.877952,297089,253.157376,0.04549024216977043,False,
4,21,Llama-2+Qwen PCA-2048,2048,2048,0.931334279630944,0.7624309392265194,0.8611491002261396,0.9354154243280538,0.7335081311225804,0.7232546431025679,0.9134531804693384,0.9647429946039583,0.06065036356449127,0.0911238801818511,0.9339367802473817,0.769205298013245,0.8653282725893889,0.9376630772571577,0.7407323040211846,0.7314791575337143,0.9149406585567281,0.9673813559515128,0.05883946269750595,0.08961082182615934,6,256,1024,0.4361029267311096,32.423332500009565,2327.662592,395393,337.543168,0.04426614378459925,False,
4,21,Llama-2+Qwen concat no PCA,7680,7680,0.9418618405488526,0.7911620990014872,0.8786962372433662,0.9445487472053191,0.7641383408801349,0.7578684828186858,0.9192559852969564,0.9688852209937449,0.05884943902492523,0.10241277242969059,0.940855883607412,0.787682885335148,0.876662717857531,0.9436221397154013,0.7602132657808479,0.7538216101192801,0.9175730916687915,0.9692058849908828,0.05894336476922035,0.10177267700231413,6,64,1024,0.383771687746048,126.70381340000313,4088.139776,1476737,1265.78688,0.14794101227357953,False,
4,21,Qwen2.5 raw,3584,3584,0.9475396262124438,0.8057805999562075,0.8877273884255721,0.9493764982747748,0.7792833057388961,0.7756959747127782,0.9179856002395318,0.9676702508752596,0.0462830625474453,0.0727521463468942,0.9453106487844178,0.7940756602426838,0.8812719412749569,0.9468891985855804,0.7650765089797544,0.7627127110339821,0.90531397824116,0.9629889685420028,0.0474069118499755,0.0682593274542114,13,256,1024,0.3958707749843597,118.46519089999492,4045.935104,690305,590.700544,0.0690877920488111,False,
4,21,Qwen2.5+PCA-1024,1024,1024,0.9491956470309912,0.8104171264621496,0.8905423518600657,0.9508210877875258,0.7842754019437276,0.7812786315617892,0.9181105498051676,0.9686449606447552,0.0498567149043083,0.0784311806146335,0.9471115113027818,0.8036593947923997,0.8865495615727703,0.94892636638323,0.7767594980029023,0.773332207280027,0.9160444568357984,0.970218936856363,0.0513286180794239,0.0791651387195572,7,256,1024,0.3890198171138763,20.545556999975812,1181.045248,198785,168.771584,0.0213786645184423,False,
4,21,mBERT,768,768,0.910634019399101,0.6944388270980789,0.8210512863625894,0.9163026751634276,0.6540477964950108,0.64353338447881,0.8717062926999667,0.9373824568230908,0.0731275081634521,0.127390104954741,0.912468603383726,0.6874259603993907,0.8182673019697337,0.9167284963584108,0.6432118392335427,0.6373327547314998,0.854669680776032,0.9235857613677956,0.0710531845688819,0.1151175541724413,13,256,1024,0.5397943258285522,31.86020470000221,895.046144,149633,253.157376,0.0229837353683162,False,
4,21,mBERT PCA-256,256,256,0.9347646084693636,0.7539594021860362,0.858178351077677,0.9365829542183012,0.7186123035191534,0.7165442897096477,0.8799413588091185,0.9447075928717626,0.0545967333018779,0.0743537662920515,0.9364485095493104,0.7548894169256077,0.8591903728879489,0.9376793013617658,0.7194513155591139,0.7184676073306366,0.873944252164419,0.94087831798695,0.0531341582536697,0.0677860313037378,13,256,1024,0.5349488258361816,14.55163500001072,321.450496,51329,42.192896,0.0078620823660035,False,
4,21,mBERT PCA-512,512,512,0.9369529216938728,0.7595850248082995,0.861652154361811,0.9384379296114362,0.724910709197195,0.7234327764035291,0.8799600238758117,0.9445940712269262,0.0525827370584011,0.0751649997439892,0.9376806786408228,0.7556216316669764,0.8599541579480423,0.938466843831036,0.720357168438815,0.7199440498013612,0.8693847471870373,0.9415902143840004,0.0515541434288024,0.0685617791514454,9,256,1024,0.5245568752288818,14.209572699997809,607.949312,100481,84.385792,0.0124585896404343,False,
4,21,mBERT+Qwen PCA-1024,1024,1024,0.9450555949846228,0.7989612637957152,0.883570373291932,0.947222364822088,0.7720116959092428,0.7674639096432694,0.917798175891078,0.9668653964363456,0.0525690875947475,0.0853990139219375,0.9416615326287854,0.7871347051703268,0.8766668336252799,0.9440418711939352,0.7584949601302928,0.7537017164680823,0.9116190208294191,0.9664722450820148,0.0546297766268253,0.0854882562142766,6,256,1024,0.3940342664718628,16.971550400019623,1181.045248,198785,168.771584,0.0211237145167601,False,
4,21,mBERT+Qwen PCA-1536,1536,1536,0.9404423941329548,0.7874181971712054,0.8763941977980928,0.9433314303491932,0.7602340165334577,0.753328131687861,0.9190610175536732,0.9688408954899396,0.0532342158257961,0.0811685486092964,0.9416141415098812,0.7902621722846442,0.8781744686571866,0.9443305443929148,0.7631791773365638,0.7568333591998375,0.9189924931733052,0.9717099039529684,0.0530621670186519,0.0806499656059776,6,256,1024,0.3943922817707062,25.052912400016798,1754.877952,297089,253.157376,0.0304895881708633,False,
4,21,mBERT+Qwen PCA-2048,2048,2048,0.9438727229713744,0.798471012953918,0.8829335859767357,0.9464753371507504,0.7727145655673987,0.7663299283196088,0.924094009267931,0.9700810908496814,0.052560593932867,0.0801673094429796,0.9424671816501587,0.7932561307901907,0.8799201105368515,0.9451367985799406,0.7666542007583244,0.760314917839933,0.920794889698884,0.9713340240638526,0.0532109886407852,0.080927181623858,6,256,1024,0.3896594047546386,31.867387299978876,2327.662592,395393,337.543168,0.0392713188949022,False,
4,21,mBERT+Qwen PCA-768,768,768,0.9459427489945588,0.8011314186248912,0.8849257366909535,0.9479647552502338,0.7742229031770692,0.7701363982146752,0.9172793257210808,0.9689689236632943,0.0511041134595871,0.0832727647623673,0.9410454480830291,0.7840277777777778,0.8749456708986578,0.94336352905071,0.7546511772096196,0.7502357473497845,0.9083072738604968,0.9670392807067656,0.0537651218473911,0.0837861285300636,6,256,1024,0.3818378448486328,13.549695699999576,895.046144,149633,126.578688,0.017334657125788,False,
4,21,mBERT+Qwen RP-1024,1024,1024,0.9400875325289804,0.7818220977816067,0.8735491046272721,0.9425559373145715,0.7523389244882983,0.7474841597866813,0.908607226262774,0.965082737501852,0.0539297424256801,0.0853857388090882,0.9416615326287854,0.7868398268398269,0.8765231061066567,0.9440118882249448,0.7580704426755699,0.7534046878828082,0.9109611973638178,0.9663032632874312,0.0536859072744846,0.0836028274097327,8,256,1024,0.4123366475105285,22.74067830000422,1181.045248,198785,168.771584,0.0217880384818023,False,
4,21,mBERT+Qwen concat no PCA,4352,4352,0.9449964513839604,0.798526863084922,0.8833387740082144,0.9471433343905352,0.7714423979378019,0.7669942170424587,0.9171493472255589,0.9679735340314776,0.0504861511290073,0.0833756061230512,0.9461636889246956,0.8013986013986014,0.8851299788419464,0.9481398145095864,0.7744610746792376,0.7705326700804715,0.9168192708843622,0.9704331157918852,0.0502703674137592,0.0813881040934181,8,64,1024,0.3913495540618896,97.90915069999755,2326.75328,837761,717.279232,0.0814368892474743,False,
4,21,mBERT+Qwen+Char PCA-1024,1024,1024,0.9523302578660988,0.819525302283923,0.8960318163889802,0.953588171925787,0.7942290424630787,0.7921861613104751,0.9186692445734944,0.9657792281727358,0.045994583517313,0.0669605398371283,0.9514714942419792,0.8142235123367199,0.8931570001040372,0.95255631067023,0.7878455915603393,0.7864028250778546,0.9119540534399228,0.9694320571182492,0.0460117720067501,0.0662180434261519,7,256,1024,0.4188611805438995,20.188214299996616,1181.045248,198785,168.771584,0.0213707549411573,False,
4,21,mBERT+Qwen+Char PCA-1536,1536,1536,0.9410929737402411,0.7871794871794872,0.8764974865880961,0.9436920070800234,0.7590841664350636,0.753432686661726,0.9147166991032644,0.9672812502538642,0.053530067205429,0.0785950108697655,0.9415667503909768,0.7876700533838471,0.8768958867001664,0.9440404299554545,0.7593717667061279,0.7541898054773915,0.9133739520715598,0.9708781067079228,0.0526337958872318,0.078053671579592,6,256,1024,0.4109205901622772,25.42554769999697,1754.877952,297089,253.157376,0.0315092270506989,False,
4,21,mBERT+Qwen+Char PCA-2048,2048,2048,0.9429855689614384,0.7917026793431288,0.879337703930849,0.9452661113566712,0.7636541470247143,0.7590207799682285,0.9137465024759744,0.962562905143164,0.0573055855929851,0.0944138500102037,0.942656746125776,0.789857589440778,0.878327982515362,0.9449040391776682,0.7614131871394629,0.7569886693234621,0.9118579836233898,0.9653442325693248,0.0575606226921081,0.0944330064957387,5,256,1024,0.4212471842765808,26.822147900005803,2327.662592,395393,337.543168,0.0441640254019088,False,
4,21,mBERT+Qwen+Char PCA-768,768,768,0.9420984149515024,0.7886898338009929,0.877571452897481,0.9444376816003036,0.7602103439726228,0.7555010062416405,0.912215096615414,0.9637692519363636,0.0557435043156147,0.0925436956049605,0.9367802473816408,0.7712620027434842,0.8672917107476013,0.9395563301209664,0.7405030493864821,0.7350482210393976,0.9043934230910162,0.9662498635489614,0.0570988580584526,0.093158800296514,6,256,1024,0.4104763865470886,13.584665100002894,895.046144,149633,126.578688,0.0173381403733446,False,
4,21,mBERT+Qwen+Char concat no PCA,5376,5376,0.94032410693163,0.7885139383776986,0.8768873702905879,0.9433712864209376,0.762091070557304,0.7543771961135205,0.9222739234898608,0.9723725582127646,0.0536763109266757,0.0877320638923109,0.9422302260556372,0.7926518115325736,0.8795459041144409,0.944935757491412,0.7660362123811367,0.7595777901939991,0.9208241373446244,0.9723192057399954,0.0529058910906314,0.085845060368651,8,64,1024,0.3690200746059418,118.30575339999632,2867.982336,1034369,886.050816,0.0994198568786676,False,
4,21,mBERT+Qwen2.5+Llama-2 PCA-1024,1024,1024,0.9455287437899219,0.8007787151200519,0.8846150280974836,0.9476856397057715,0.7741524370062556,0.7695531634011024,0.9190933187571735,0.9688910397235172,0.05067845806479454,0.07775584538417657,0.945926733330174,0.8014616321559074,0.8850813852728515,0.9480072210030992,0.7747980652504515,0.7704647446538799,0.9184930771941069,0.9720086669971182,0.04939582198858261,0.07671789677101198,7,256,1024,0.396503210067749,20.43581299998914,1181.045248,198785,168.771584,0.025861437846765468,False,
4,21,mBERT+Qwen2.5+Llama-2 PCA-1536,1536,1536,0.927726519990537,0.7543224768797748,0.8559768545552746,0.9324521138427336,0.7256434722237335,0.7131888315088204,0.9140596500715849,0.9663301377707577,0.06257332116365433,0.09528551004590834,0.9316620065399744,0.7646098596147568,0.8623193438222359,0.9358480343928515,0.736629905898258,0.7256531628753979,0.9167673211000014,0.9691425219963217,0.06044710427522659,0.09494302022117661,6,256,1024,0.418708860874176,25.860149299987825,1754.877952,297089,253.157376,0.03427774986976423,False,
4,21,mBERT+Qwen2.5+Llama-2 PCA-2048,2048,2048,0.9409155429382541,0.7882128471486114,0.876940885239655,0.9436915739383819,0.7608452212276253,0.7543825270563091,0.9181008787861555,0.9635967531939185,0.05518471077084541,0.08306444135983876,0.9402397990616559,0.7844075910412036,0.8748599724523544,0.9429275220674277,0.7560371598332595,0.7501818334802932,0.9137679771006676,0.9669220312034266,0.05439196899533272,0.08156627737959156,6,256,1024,0.44036927819252014,32.443777600012254,2327.662592,395393,337.543168,0.04227120515685494,False,
4,21,mBERT+Qwen2.5+Llama-2 concat no PCA,8448,8448,0.933226874852141,0.7662041830606751,0.8636278444540619,0.9369203079579584,0.7368903995240131,0.7280539378611605,0.9118679070328811,0.9656485888242478,0.061862632632255554,0.10750590342726898,0.9354532960523197,0.7712462210278804,0.8668358670798197,0.9387693294587941,0.7419330745844295,0.734331317449814,0.9113656827761402,0.9670045232354111,0.06072869896888733,0.10627886801280151,6,64,1024,0.40325072407722473,140.93137029997888,4494.250496,1624193,1392.365568,0.15943316904438493,False,
4,42,DistilBERT,768,768,0.9107523066004258,0.7019553624333399,0.8247369411199843,0.9171063331766508,0.6650434369853582,0.6513077470330062,0.8840753325960149,0.9475480033923356,0.07371336966753,0.1294639149893569,0.9146012037344202,0.7031301482701812,0.8266287296205328,0.9195643238228092,0.663221072721609,0.6543906330195521,0.8728255090012116,0.9399621126991332,0.0707760080695152,0.1172380876955102,9,256,1024,0.4962752759456634,60.875413900008425,895.046144,149633,253.157376,0.0540184114486915,True,
4,42,DistilBERT+mBERT PCA-1024,1536,1024,0.9384906553110952,0.7734204793028322,0.8689178630004888,0.9407611750796344,0.7419614288279142,0.7381511688454643,0.8994949020190379,0.9614023345066214,0.0529978275299072,0.0784119756716943,0.93787024311644,0.7644204851752021,0.8643184938090438,0.9394941006095164,0.7306351091422723,0.7287934836345236,0.8849517652052027,0.9539305355985482,0.0541701540350914,0.0730429818786383,7,256,1024,0.440663605928421,57.81534090000787,1181.045248,198785,168.771584,0.0580075446662234,True,
4,42,DistilBERT+mBERT PCA-128,1536,128,0.9214572983203216,0.7279803359278983,0.8410413879819212,0.9260979636932511,0.6927247330320889,0.6831630861303082,0.8901844185957448,0.9512128360469568,0.0607446655631065,0.0892505281383838,0.9209516136675988,0.7157464212678937,0.8349195033625206,0.9246000573922152,0.6760114815377886,0.6704839748608717,0.870857589857281,0.9425561634545694,0.0612059012055397,0.0804853851551083,19,256,1024,0.4964698553085327,39.589227499993285,178.201088,26753,21.096448,0.0128679778212382,True,
4,42,DistilBERT+mBERT PCA-256,1536,256,0.9254790631653655,0.7378277153558053,0.8471972082466721,0.9294765996336976,0.7031294167631947,0.6952292861696988,0.8916594424154647,0.9519472048756376,0.0597719438374042,0.0891347719906794,0.9233685607317188,0.7241085139054769,0.8398066578222798,0.9268722389442604,0.6857233947338065,0.6802263372944819,0.8758547427688199,0.9452628135033811,0.0613023042678833,0.0825801335107807,11,256,1024,0.486916571855545,32.121004499989795,321.450496,51329,42.192896,0.0201617316712201,True,
4,42,DistilBERT+mBERT RP-256,1536,256,0.9224035959309204,0.7307060755336617,0.8426885822665544,0.92693376121394,0.6957785190308836,0.6864175591836374,0.8913395251065457,0.9517915981797336,0.0634592920541763,0.1061214628314979,0.9203355291218426,0.7147463091803835,0.8342246239228641,0.9241348727165636,0.6750583550539213,0.6691454436972051,0.8714927836819679,0.9417841561028878,0.0649266988039016,0.0988504183327486,14,256,1024,0.4767015278339386,40.87604160001501,321.450496,51329,42.192896,0.0217866546616273,True,
4,42,DistilBERT+mBERT raw concat,1536,1536,0.9234681807428436,0.7324234904880066,0.843886003353044,0.9277399874814612,0.6972285240233992,0.6887046979613677,0.8901018280933819,0.9509682398577768,0.0644482001662254,0.1076050606307928,0.9263068101037866,0.7282893587279399,0.8428310468630791,0.9290263677435054,0.6895765416604346,0.6860395648235498,0.8712820017817865,0.9404002163331532,0.0621281266212463,0.095001291498647,10,256,1024,0.4765441417694092,120.25056590000167,1754.877952,297089,253.157376,0.0792205867018341,True,
4,42,DistilBERT+mBERT standardized concat,1536,1536,0.9132954814289094,0.7138953942232631,0.831400506257038,0.9198003776238238,0.6805672699716394,0.6647985166447429,0.8961879937780532,0.9583357510880864,0.0672934278845787,0.1068899378937107,0.9165442396094972,0.7162880618656355,0.8336823001368738,0.9220242322495223,0.6805830625173964,0.6688028527323198,0.8885707885202576,0.95251930562112,0.0655085742473602,0.0988985155545562,13,256,1024,0.4499022364616394,154.7295411999803,1754.877952,297089,253.157376,0.075390426994935,True,
4,42,Llama-2 PCA-1024,4096,1024,0.931334279630944,0.75208199871877,0.8561151420841302,0.9343799625009376,0.7181525094029018,0.7127461857214652,0.8925405689576538,0.9550817433210976,0.0572521761059761,0.1007270204762152,0.9369224207383536,0.7647162807141594,0.8641477148542749,0.9389722133477536,0.7314280606785483,0.7285438940010378,0.8903313435129778,0.9586961411957026,0.0536037869751453,0.0921611078311259,7,256,1024,0.4647398591041565,50.08473359999698,1180.946944,198785,168.771584,0.0513271456328881,True,0.7035380454730493
4,42,Llama-2 raw,4096,4096,0.942926425360776,0.7854124972203691,0.8762493435315666,0.9445865025733476,0.7550492554688389,0.7526777921961224,0.9001810608179439,0.9566265596613546,0.0515795163810253,0.0958860886917981,0.9478697692052508,0.7984609747160132,0.8842620571381068,0.9488293945998584,0.7695374040843822,0.7685883814500465,0.8992092571698678,0.9613793641288396,0.048009593039751,0.089055295703039,7,256,1024,0.4394403100013733,180.0756709999987,4620.374016,788609,675.086336,0.209248016681657,True,
4,42,Llama-2+Qwen PCA-1024,7680,1024,0.9455878873905844,0.7993894461404274,0.8839574668266283,0.9475785469738058,0.7720809982874168,0.7681888623786339,0.9154366097585224,0.9654426928294808,0.0505422912538051,0.0764614152676893,0.9478223780863466,0.805442657713377,0.8876568842298105,0.9495250280549584,0.7786177596734257,0.775521066202325,0.9156278021657758,0.9703567446376036,0.0488669425249099,0.0751695290926756,7,256,1024,0.4203999042510986,51.60208359999888,1180.946944,198785,168.771584,0.0582089521825029,True,0.6828129220961084
4,42,Llama-2+Qwen PCA-1536,7680,1536,0.9352377572746629,0.7698129072945133,0.8660654749487467,0.9384769169029608,0.7399261699386113,0.7327568676507727,0.9091199836907936,0.9592251302331656,0.0620243810117244,0.1088366155555154,0.9376332875219184,0.7765704584040747,0.8701644977633944,0.940596219055591,0.7473630022870448,0.7408696325352491,0.9111294956086068,0.9641059924739096,0.0610866211354732,0.1081842700823026,5,256,1024,0.4351940453052521,52.44733919999999,1754.861568,297089,253.157376,0.0760556466518761,True,0.7599573127137336
4,42,Llama-2+Qwen PCA-2048,7680,2048,0.9351786136740003,0.7706153202176643,0.8664358369805175,0.9385222441974262,0.7412050993684429,0.7335402069817786,0.9111364878649988,0.96043120301416,0.0637315437197685,0.1122203557045924,0.9362589450736932,0.7712973984016324,0.8671332398246977,0.9392519700250128,0.7410882516367435,0.7348056501459399,0.9072206264671724,0.963537061552002,0.0628546699881553,0.1094974668171387,5,256,1024,0.4282512962818146,66.71331620000274,2327.662592,395393,337.543168,0.1060849391024635,True,0.811245809138251
4,42,Llama-2+Qwen concat no PCA,7680,7680,0.9432812869647504,0.7917480998914224,0.8794590008203818,0.9454444905185342,0.7634246462098035,0.7592292447790544,0.9120700313302332,0.962114008677354,0.0527032315731048,0.0823442261614943,0.9436519596227668,0.7910736250219645,0.8792540484124913,0.9456118960509056,0.7622221166835842,0.7587634706864522,0.9086433732229516,0.965652627451484,0.0525705069303512,0.0810550994205188,6,64,1024,0.4378327429294586,309.84539829999994,4087.844864,1476737,1265.78688,0.3864385811099007,True,
4,42,Qwen2.5 raw,3584,3584,0.9354743316773124,0.7766632548618219,0.869476420213739,0.9393003771144008,0.7502822569003357,0.7398471053694203,0.9227866809178804,0.9712102951478948,0.0513260252773761,0.0874794044581785,0.9365432917871191,0.7761992311549389,0.8696148423921248,0.9399122923156012,0.7481424688816765,0.7399247297687171,0.9162634931175856,0.9670012504818508,0.0521019175648689,0.0832381980199451,18,256,1024,0.3720963597297668,481.1631825999939,4045.935104,690305,590.700544,0.1966887635657545,True,
4,42,Qwen2.5+PCA-1024,3584,1024,0.9412704045422284,0.7894848420606317,0.8776799790219995,0.9440297626834968,0.7623330389151344,0.755857707073989,0.9189184667334354,0.9699357193155652,0.0528624057769775,0.0801178115691156,0.9412824036775508,0.7900355871886121,0.877952148019804,0.9441114328612094,0.7632588167764954,0.7564285259175432,0.9204477603283856,0.9710360067103876,0.0535417608916759,0.0811228547853464,8,256,1024,0.390459656715393,67.85542199999327,1181.045248,198785,168.771584,0.0607806359880771,True,
4,42,mBERT,768,768,0.9211615803170096,0.7198991384744694,0.8370118950107144,0.9251165947469951,0.6814349562692811,0.6747905666604217,0.8768940207184175,0.9369104627402072,0.0648263096809387,0.0997702049669596,0.9204303113596513,0.7075422400278697,0.8307465183847969,0.9234606426457156,0.6655723187070979,0.661928075276093,0.8592126769902018,0.9251553366907368,0.0649522989988327,0.0909821738010842,17,256,1024,0.5512921810150146,117.0819147999864,895.046144,149633,253.157376,0.0488542675710851,True,
4,42,mBERT PCA-256,768,256,0.9364797728885734,0.7597315436241611,0.8615668554350615,0.9381782326668248,0.7252179881043662,0.723301455511294,0.8825603674677752,0.9452894174938934,0.0530165582895278,0.0713271933094615,0.9372067674517796,0.7562994298326283,0.8601298590751609,0.9382647050986752,0.721067282297335,0.7203243933242549,0.8728968156729269,0.9443307726453316,0.0515069514513015,0.0639235732043166,15,256,1024,0.5315662622451782,43.607580299983965,321.450496,51329,42.192896,0.0185133216427463,True,
4,42,mBERT PCA-512,768,512,0.92264017033357,0.7248632730332352,0.8399280235512332,0.9264919948422752,0.6871919367513787,0.6805966538221706,0.8797880731577772,0.9469839089717268,0.0624545030295848,0.0965466146659866,0.9253589877257002,0.7244094488188977,0.8406216948372724,0.928074149911713,0.6850248339302208,0.6816144912002875,0.8684387867695416,0.9396008462760724,0.0612375065684318,0.0887374087056259,8,256,1024,0.5106349587440491,37.17262190001202,607.949312,100481,84.385792,0.0306263257660818,True,
4,42,mBERT+Qwen PCA-1024,4352,1024,0.9513839602555004,0.8174955595026643,0.894726218615961,0.9528273532221316,0.7922069108372869,0.7896115672784569,0.920384496505474,0.9701878427812096,0.0454482845962047,0.0673057088408194,0.949670631723615,0.8102893890675241,0.8906380832344505,0.9511023699827856,0.7837773285570935,0.7814269697609421,0.914873411756518,0.9700137994203912,0.0467952713370323,0.0664422921488581,7,256,1024,0.3863278031349182,60.27806420001434,1181.045248,198785,168.771584,0.0607198521409439,True,
4,42,mBERT+Qwen PCA-1536,4352,1536,0.9517388218594748,0.8184245660881175,0.8952978160909177,0.9531300694642098,0.7931902024088189,0.7907443261795639,0.9201769564374752,0.968980722306489,0.0438993647694587,0.0587527220775154,0.9523719255011612,0.8207597645799893,0.8966484982211328,0.9537565595209628,0.7959418853393919,0.793446207951742,0.9218418290632532,0.9712251946511608,0.0438162274658679,0.0588275334509544,7,256,1024,0.4176202714443207,12569.55172789999,1754.877952,297089,253.157376,0.0831219515650278,True,
4,42,mBERT+Qwen PCA-2048,4352,2048,0.9341731724627396,0.7686551652463105,0.8651412354416348,0.9377283428987276,0.7394592396146548,0.7310305900077283,0.9122029111314588,0.966782515803412,0.0610088892281055,0.1046134153282283,0.9341263447229988,0.7669349429912811,0.8642887088707716,0.9375497130127756,0.7370043355722419,0.7292670967308879,0.9091284139428416,0.965785432891049,0.0617052391171455,0.1032116552934451,5,256,1024,0.3936473727226257,76.47326359999715,2327.662592,395393,337.543168,0.129500857779218,True,
4,42,mBERT+Qwen PCA-768,4352,768,0.9425124201561392,0.7918629550321199,0.8792568051768024,0.9450037754772732,0.764406853607057,0.7589250917883206,0.9169619228771048,0.9667793082487732,0.0532144196331501,0.0839791294759166,0.9399080612293256,0.7834699453551912,0.8742915125994577,0.942636883258275,0.7550237214825922,0.7490569353627043,0.9135786855917438,0.9691135229141424,0.0547017157077789,0.0851370868044055,6,256,1024,0.399509847164154,41.86934929998824,895.046144,149633,126.578688,0.0481451684752609,True,
4,42,mBERT+Qwen RP-1024,4352,1024,0.9427489945587888,0.7912893488572661,0.8790568342750927,0.9450848928577018,0.7633016609447827,0.7584750790053489,0.9142265718597332,0.9667787118692674,0.052574448287487,0.0826685708862213,0.9430358750770106,0.7906652734238941,0.878848818829336,0.9452090158575815,0.7621983652473527,0.7580101908314575,0.9114164933108438,0.9669459554462244,0.0518133379518985,0.0788375935562491,9,256,1024,0.4046205580234527,78.39114590000827,1181.045248,198785,168.771584,0.0603247760766875,True,
4,42,mBERT+Qwen concat no PCA,4352,4352,0.9346463212680388,0.7743516438635899,0.8680707353105425,0.9385762263919972,0.7477925868122247,0.7370747494016001,0.9221091293258952,0.9725261339946762,0.0535169094800949,0.0789363243434961,0.9355954694090328,0.7772496312079987,0.8698026223129548,0.9394509302488628,0.7511707079906049,0.7405155118264941,0.923780997688566,0.973215753792821,0.0541357100009918,0.079317985885426,12,256,1024,0.3979805409908294,396.1094056000002,4906.283008,837761,717.279232,0.2349244538183034,True,
4,42,mBERT+Qwen+Char PCA-1024,5376,1024,0.9422758457534894,0.7895644674428633,0.8780573039798456,0.9446310489970215,0.7612928851345612,0.7564790052781205,0.9131364545966932,0.9650815286244756,0.0543983578681945,0.0859132152536995,0.939386758921378,0.7805798593240693,0.8727082069556316,0.942036960665957,0.7513431778593918,0.7458580662497899,0.9101565660446846,0.9670430091601886,0.0548812747001647,0.0862065602998202,6,256,1024,0.4076794981956482,48.79336529999273,1181.045248,198785,168.771584,0.0572189280133794,True,
4,42,mBERT+Qwen+Char PCA-1536,5376,1536,0.9503785190442394,0.8150760414370729,0.8932103455930198,0.9519912983292184,0.7897334947018756,0.7866163443998277,0.9214509197719342,0.967569736750994,0.0459360294044017,0.0652781640493862,0.951898014312118,0.8187176281478835,0.89549383032944,0.953269732629849,0.7935240515502386,0.7911325132912721,0.9200913098243296,0.9720157821290673,0.0440991409122943,0.0622754051978074,7,256,1024,0.4213079810142517,84.47692250000546,1754.877952,297089,253.157376,0.0830067769303487,True,
4,42,mBERT+Qwen+Char PCA-2048,5376,2048,0.9460610361958836,0.8012205754141238,0.8850088096723008,0.9480432513427532,0.7742311020073427,0.7702916973389398,0.9167317526246178,0.966078368909144,0.0503358021378517,0.0727554867020406,0.9440310885740012,0.7941432804601708,0.880878029918828,0.946147973838738,0.7661933381496617,0.7620577248897942,0.9133000147688184,0.9657804926902634,0.0506380423903465,0.0717006455142078,6,256,1024,0.4243191480636596,92.15842520000297,2327.662592,395393,337.543168,0.1120805459452966,True,
4,42,mBERT+Qwen+Char PCA-768,5376,768,0.9396143837236812,0.7817909809788416,0.8733748123139051,0.9422739331195598,0.7527804568736715,0.7471966661898524,0.9112075698547374,0.9640695048399583,0.0562225766479969,0.0897097880131341,0.9358324250035543,0.769571136827774,0.8661487793371927,0.9388257323444936,0.7390120074219882,0.7328329102566882,0.9058260606051818,0.96621398754158,0.0571905635297298,0.0894158541223881,6,256,1024,0.4146117269992828,39.900749099993845,895.046144,149633,126.578688,0.0487019335571138,True,
4,42,mBERT+Qwen+Char concat no PCA,5376,5376,0.95652945351313,0.8347943358057991,0.9048831215243114,0.95761137763618,0.8117176261646954,0.80986537650186,0.9266013176569984,0.97037657271723,0.0437895059585571,0.0613581645092062,0.955784086062272,0.8298376801021339,0.9022142456993688,0.9566793177394852,0.8057005207799806,0.8044946415114981,0.919512974914344,0.9722129758878846,0.0426318570971488,0.0586520052593489,9,64,1024,0.4123410284519195,379.825735099992,2867.982336,1034369,886.050816,0.2966181176243465,True,
4,42,mBERT+Qwen2.5+Llama-2 PCA-1024,8448,1024,0.9349420392713508,0.771689497716895,0.8668779235601511,0.9384888046061776,0.7431512068050726,0.7345100606623699,0.9146919412945936,0.96542178731005,0.0598234869539737,0.0984317707894834,0.935168949338894,0.7720759746751082,0.8671429597132447,0.9386831073565112,0.7435629116356527,0.7350278868078326,0.9146570061057568,0.9684643888163796,0.0588585324585437,0.0982191579796055,6,256,1024,0.4063992500305176,49.414452599998185,1181.045248,198785,168.771584,0.0584360646415509,True,0.6789673612134893
4,42,mBERT+Qwen2.5+Llama-2 PCA-1536,8448,1536,0.9372486396971847,0.7753546474698285,0.8694426968487217,0.9402257574176548,0.7458946277386926,0.7394281795988487,0.9102675468067648,0.9604602644262912,0.0597091019153595,0.1021046797829315,0.9391971944457608,0.7789074616577633,0.871829620276394,0.941755735470235,0.749116402460701,0.7440682510049893,0.9075815614721509,0.964540429795397,0.0588450878858566,0.099817849452226,5,256,1024,0.4300965666770935,53.37153539999781,1754.877952,297089,253.157376,0.0776426662243446,True,0.7542397505699706
4,42,mBERT+Qwen2.5+Llama-2 PCA-2048,8448,2048,0.9366572036905608,0.7739075364154528,0.8685384169232944,0.939729852933452,0.744413041722466,0.7376508729272087,0.9103400794493556,0.9588956386154248,0.061485044658184,0.1048211063396494,0.936827638500545,0.7717074841582463,0.8675246713203848,0.93962936374954,0.7410975243430918,0.7355235400425434,0.90507828820075,0.962115847604852,0.0612285509705543,0.1036489283188723,5,256,1024,0.4404841959476471,74.65634219999993,2327.924736,395393,337.543168,0.109144192218373,True,0.8044822342103463
4,42,mBERT+Qwen2.5+Llama-2 concat no PCA,8448,8448,0.9443458717766736,0.795656894679696,0.88172150132636,0.9464684729696984,0.7679687776093806,0.7637484038968616,0.9145227951720724,0.9663940793247928,0.0502620413899421,0.0743507116300196,0.9439836974550968,0.7924859550561798,0.8800538579313113,0.9459507694404444,0.7639019690261538,0.7603666383279568,0.909819399930278,0.9653108007702984,0.0497001335024833,0.0713508682772407,7,64,1024,0.4199824035167694,410.3365860999984,4494.250496,1624193,1392.365568,0.432254599308051,True,
4,87,DistilBERT,768,768,0.9264845043766264,0.7438697712754997,0.8504764731804768,0.9306773986732204,0.7109915572068707,0.701890864080357,0.8987940432712338,0.957985096057074,0.0594651885330677,0.0966792279170962,0.926970285768447,0.7371652737506396,0.8473795217648324,0.9303183419258374,0.7009980752401695,0.6953465724668156,0.8843236865124647,0.9468212759637584,0.0590531751513481,0.0865462831270115,16,256,1024,0.4459336102008819,36.7705558000016,895.046144,149633,253.157376,0.0208784228241735,False,
4,87,DistilBERT+mBERT PCA-1024,1024,1024,0.9363023420865862,0.7665293735096467,0.8648248004417733,0.9387730989144876,0.7341904180893475,0.7300116037722757,0.8968109041126202,0.9585286073255518,0.0584976263344287,0.0927509189465926,0.9332259134638168,0.7508399646330681,0.8561434343098577,0.935386777990145,0.7153441740530082,0.712547638442076,0.8816438606146687,0.951485509055067,0.0602592304348945,0.0886990097498567,6,256,1024,0.4490609169006347,17.539659699978074,1181.045248,198785,168.771584,0.0252872991808404,False,
4,87,DistilBERT+mBERT PCA-128,128,128,0.9000473148805299,0.6759969325153374,0.8084530117122142,0.9081005943585516,0.6368852947544367,0.6196007965792971,0.8750958881535046,0.9447574792115,0.0733689963817596,0.1148428821044806,0.9018056016302544,0.6715282181357007,0.8069013464891464,0.9087728172784152,0.6286822243854467,0.6158039322782215,0.8628929712231751,0.9375684456015538,0.0738760083913803,0.1077024844582739,14,256,1024,0.5194030404090881,18.12905790001969,178.463232,26753,21.096448,0.005839500497761,False,
4,87,DistilBERT+mBERT PCA-256,256,256,0.9289685356044476,0.7438686287054809,0.8513177043345442,0.9321523531399432,0.7086339517837333,0.7031809043304627,0.8877050594516223,0.9475193771760598,0.0587927922606468,0.0840672332082258,0.9264963745794038,0.7282284913264412,0.84286475943223,0.92913125397049,0.689413608297673,0.6860840510092,0.870403433159912,0.9404287493586544,0.0610764101147651,0.0769722181139348,10,256,1024,0.5150718092918396,22.83901070000138,321.450496,51329,42.192896,0.0085669541735559,False,
4,87,DistilBERT+mBERT RP-256,256,256,0.9266619351786136,0.7420965058236273,0.8496748386812565,0.9306067285528584,0.7081789186495283,0.7001760339204219,0.8945897611761198,0.9546061548428144,0.0583402886986732,0.0820641156532436,0.9228472584237714,0.7212328767123287,0.8382304309858327,0.9262738490375352,0.682187785324546,0.6770417103444324,0.8729259908209619,0.9428901500267516,0.0605885721743106,0.0744394394793974,18,256,1024,0.4864310622215271,20.71616290000384,321.450496,51329,42.192896,0.0080622624524396,False,
4,87,DistilBERT+mBERT raw concat,1536,1536,0.926425360775964,0.7401837928153717,0.8486643092504584,0.9302749177821772,0.7056307001417891,0.6981105688065936,0.8919944465140426,0.9552187977788636,0.0606965385377407,0.102940870017877,0.9295767973081844,0.7400279916025192,0.8496500205778863,0.9321431819493784,0.7031653224717104,0.6996514890189663,0.8782460070853043,0.9419455774224744,0.0590363591909408,0.0913687408799133,13,256,1024,0.4577032625675201,55.658562900003744,1754.877952,297089,253.157376,0.0314366191176374,False,
4,87,DistilBERT+mBERT standardized concat,1536,1536,0.9114028862077124,0.7082197117257499,0.8279959168070211,0.9181043464636196,0.6739698770524909,0.6580698757104908,0.892852652741173,0.9569696390608072,0.0714430436491966,0.127964427493079,0.9116629543623525,0.7021412591882391,0.8251414063579745,0.9177019170877138,0.6644954988175343,0.6519435739650868,0.881509646648255,0.9498758217873832,0.0717626139521598,0.1212653552857438,11,256,1024,0.450977623462677,45.7496620999882,1754.877952,297089,253.157376,0.0311027392077675,False,
4,87,Llama-2 PCA-1024,1024,1024,0.9458836053938964,0.7939653231254222,0.8814081934776048,0.9471920420037321,0.7645770811771843,0.762932706859135,0.9012535768263816,0.955479028782113,0.04489077255129814,0.0636863221425624,0.9493862850101891,0.7997750281214848,0.8854034086034352,0.9498407837834216,0.7710441529349845,0.7708214358629618,0.8925096199276721,0.9607578413000373,0.04235197603702545,0.055885951285375435,9,256,1024,0.4664432406425476,29.310302399971988,1181.045248,198785,168.771584,0.028329406189367023,False,
4,87,Llama-2 raw,4096,4096,0.9434587177667376,0.7855540601166442,0.8764952669954431,0.9449109371810548,0.7549653476808627,0.7531280435079832,0.8974094434792768,0.9526273354060262,0.0504066683351993,0.0843792262124455,0.9485806359888156,0.7989623865110247,0.8847413481257745,0.949292039158456,0.7700504974852471,0.7695182310155763,0.895832396904638,0.9614590183934963,0.0471920743584632,0.0785752317512124,7,256,1024,0.4673554003238678,73.61303440001211,4620.374016,788609,675.086336,0.0771695891202489,False,
4,87,Llama-2+Qwen PCA-1024,1024,1024,0.9470664774071446,0.8022973271482218,0.8858698899731003,0.948742080600759,0.7748338073145409,0.7719374488418871,0.9127949709153774,0.963743043474841,0.05260704085230827,0.07976892687246352,0.9467323823515473,0.8012026883622214,0.885224305765876,0.9484525538466604,0.7736672245043522,0.7706557381678014,0.912703462221135,0.9676320012328753,0.05279642716050148,0.08064493615706184,6,256,1024,0.42799460887908936,17.856056000018725,1181.045248,198785,168.771584,0.025515255201159517,False,
4,87,Llama-2+Qwen PCA-1536,1536,1536,0.9499053702389402,0.8121534708361056,0.8916262628347109,0.9514141688095312,0.7860738159733999,0.7834214040279865,0.9174904440661142,0.9645251387823465,0.05021500959992409,0.07767389342298998,0.948485853751007,0.8057193923145666,0.8880128089499186,0.9499405452066247,0.7784771033387783,0.7761776575529686,0.9118949885236132,0.9659966394206481,0.05055365338921547,0.07669469712337487,6,256,1024,0.4190208911895752,25.777385499997763,1754.877952,297089,253.157376,0.0360617127147381,False,
4,87,Llama-2+Qwen PCA-2048,2048,2048,0.9486042110243672,0.806588025817939,0.8884762930303759,0.9500813769517267,0.7794988366734582,0.7771099646010675,0.9128524167683091,0.9627558258540896,0.052472975105047226,0.07539857992968936,0.9486754182266244,0.8062265163714439,0.8883234294363707,0.9501032921233511,0.7790254551604852,0.7767937748424721,0.9118386992337406,0.9638799135578786,0.05203705653548241,0.07465948506926344,6,256,1024,0.4408431947231293,32.354437300004065,2327.662592,395393,337.543168,0.04322869058268836,False,
4,87,Llama-2+Qwen concat no PCA,7680,7680,0.9510882422521884,0.8136967785537284,0.8927727518734534,0.9522621285369796,0.7873169496439578,0.7856490609339779,0.9130398411167628,0.9626649505121062,0.0495886392891407,0.07333515192551028,0.9513767120041704,0.8120879120879121,0.8920817329749886,0.9522789692133606,0.7852086094962518,0.7842243916921388,0.9074596617588482,0.965780720540195,0.04880644381046295,0.07103963329816768,6,64,1024,0.43673965334892273,127.00610149998101,4088.139776,1476737,1265.78688,0.14393759537438788,False,
4,87,Qwen2.5 raw,3584,3584,0.942926425360776,0.7922497308934338,0.8795844657346741,0.9452869632021792,0.7645127453675383,0.759539560131336,0.915352955444068,0.9679632182778648,0.0475280694663524,0.073975111933362,0.941756314866594,0.7863723274813141,0.8763269906494886,0.9440199955519786,0.7573114105466647,0.7529861283441421,0.9093707219880776,0.9626196445168224,0.0489792078733444,0.0711609314619389,16,256,1024,0.4008776247501373,144.97349589999067,4045.935104,690305,590.700544,0.067094796455186,False,
4,87,Qwen2.5+PCA-1024,1024,1024,0.9481902058197303,0.8083150984682713,0.8891811422041145,0.9500172006569136,0.7822582170265833,0.77860400508986,0.919792049880795,0.9681322676901958,0.050928559154272,0.0770621900925373,0.945026302070992,0.7973445143256463,0.8827722626455798,0.9470586573933276,0.7697901719762643,0.7658271520824314,0.9145257127611912,0.9696440507657932,0.0523753277957439,0.0774574233656419,7,256,1024,0.399761289358139,19.778030499990564,1181.045248,198785,168.771584,0.0214003080431181,False,
4,87,mBERT,768,768,0.9278448071918618,0.7315140845070423,0.8449180151969483,0.9302325407691984,0.6929699204348759,0.6901312784297495,0.8702516747303624,0.9369862029374366,0.0596751794219017,0.0922780174961186,0.9276337614331074,0.718005540166205,0.8382481556812758,0.928733558826331,0.6771228383759537,0.676556792481852,0.8490153465214254,0.9219889683348664,0.0603551231324672,0.0826614742947581,16,256,1024,0.5519156455993652,37.52308009998524,895.046144,149633,253.157376,0.0210185536231371,False,
4,87,mBERT PCA-256,256,256,0.9282588123964988,0.7340495505371629,0.8462932763795027,0.9307349721870828,0.6960170260815594,0.6929067574934427,0.8729482449614958,0.9416763892644467,0.0594824291765689,0.0901248891692919,0.9279181081465332,0.7262911642972827,0.8423924098195378,0.9297613344035808,0.6866133447279232,0.6849584406735971,0.8613473304998469,0.9358864574079088,0.0598727203905582,0.0833217036075249,10,256,1024,0.5349617004394531,11.71870470000431,321.450496,51329,42.192896,0.008764949529326,False,
4,87,mBERT PCA-512,512,512,0.93860894251242,0.7656884875846501,0.8651827723433357,0.9400329794719424,0.7319331186185087,0.7304867904542913,0.8833653830903393,0.9487583475400604,0.0500396750867366,0.0580671422958183,0.9391498033268566,0.7587373167981961,0.8619608492884689,0.9396389911970536,0.7241031465490322,0.7239357637268515,0.8679206560255226,0.9427559464171532,0.0493877418339252,0.0496355107718897,11,256,1024,0.5381816029548645,17.3991565000033,607.949312,100481,84.385792,0.0130816880717021,False,
4,87,mBERT+Qwen PCA-1024,1024,1024,0.945824461793234,0.8002616659398168,0.8844619995795561,0.9478064663347892,0.7730939793354608,0.7691967368900312,0.9159816683900422,0.9686525362763144,0.0508303083479404,0.0769598692691807,0.9427041372446804,0.7891891891891892,0.8780179636680034,0.9448637107865804,0.7604175460826086,0.7563425335800263,0.9100760107371172,0.9676658990885796,0.0525029264390468,0.0771992879952236,6,256,1024,0.3915425539016723,17.194228500011377,1181.045248,198785,168.771584,0.021443903131571,False,
4,87,mBERT+Qwen PCA-1536,1536,1536,0.9501419446415896,0.8132890365448505,0.8922593437050044,0.9516692270192436,0.7874438154535984,0.7846927133691736,0.9186505795068012,0.9677432348320704,0.0481311231851577,0.0712664685975949,0.9495758494858064,0.8103386809269162,0.890630643480511,0.9510522383522484,0.7839157499370483,0.7814215826047147,0.915641607800256,0.970230329352933,0.0480809211730957,0.0702821165923512,6,256,1024,0.4041295349597931,25.24264710000716,1754.877952,297089,253.157376,0.030430003317134,False,
4,87,mBERT+Qwen PCA-2048,2048,2048,0.9546960018925952,0.8259090909090909,0.8999344203525601,0.9556241642915788,0.8011673581797183,0.7999383110347249,0.917353985987854,0.9661582676445486,0.0466451421380043,0.0642068430156517,0.9537936590682906,0.8223072717331875,0.8978756840757726,0.954742696046196,0.7970507979995497,0.7958225420980369,0.915252564399194,0.968984798059713,0.0469679497182369,0.0638692304597924,6,256,1024,0.4245563447475433,31.88178339999285,2327.662592,395393,337.543168,0.0401859627512939,False,
4,87,mBERT+Qwen PCA-768,768,768,0.9489590726283416,0.8086050121978265,0.8895790611881411,0.9504963727067596,0.7819687512994864,0.7793301908809356,0.9153102095400348,0.9669104311482116,0.0454228222370147,0.0656415030297649,0.9494810672479976,0.8095067905646891,0.8901929407120555,0.9509111710418992,0.7828598424511151,0.7805357384231273,0.9142718775807888,0.9689730948586908,0.046183206140995,0.0655867216217846,7,256,1024,0.4126339554786682,15.780413400003454,895.046144,149633,126.578688,0.017285872707541,False,
4,87,mBERT+Qwen RP-1024,1024,1024,0.9295008280104092,0.7540239372678498,0.856438962075416,0.9334864612209238,0.7228411420114335,0.7137606973658243,0.905025951212417,0.9611802556733744,0.0627201423048973,0.1005232424311329,0.9326098289180608,0.7618888144675151,0.8613197867534925,0.9361439376908433,0.7311837660000551,0.7233587761767657,0.906289610933814,0.963901155385575,0.0613080151379108,0.0975056014360791,7,256,1024,0.4346177577972412,19.969821599981515,1181.045248,198785,168.771584,0.021341116534533,False,
4,87,mBERT+Qwen concat no PCA,4352,4352,0.934823752070026,0.7701293283270755,0.8660790670303284,0.9382626887659198,0.7409011244020649,0.7328632386434213,0.9119591047421648,0.9661444864424564,0.0600260533392429,0.0996079188544608,0.9364011184304062,0.7751340482573726,0.8690485056101678,0.9397213489969756,0.7466840250657296,0.738769301407556,0.9147022653875864,0.96671608593588,0.0604810081422328,0.0990189153404117,7,64,1024,0.4050411283969879,85.74420700001065,2326.75328,837761,717.279232,0.0829651722661154,False,
4,87,mBERT+Qwen+Char PCA-1024,1024,1024,0.95162053465815,0.8136674259681094,0.8929344402320667,0.9525675382588904,0.7870368955133894,0.7859364964862043,0.909243095762817,0.962772895202646,0.0491490066051483,0.0687703154201178,0.9491019382967631,0.8038714390065741,0.8873139256787486,0.9501063642298816,0.7758021998749627,0.7747001268918177,0.9035303689781076,0.965209303982672,0.0496744066476821,0.069729535612134,6,256,1024,0.4401469230651855,17.298332699981984,1181.045248,198785,168.771584,0.0217397848439909,False,
4,87,mBERT+Qwen+Char PCA-1536,1536,1536,0.9312159924296192,0.7598595911625026,0.8598593851991714,0.9350898902941814,0.729665302510961,0.7205731341695447,0.9086700878863524,0.9618813078415588,0.0638742744922638,0.1069557852139738,0.9331311312260082,0.7631358066140674,0.8621031495478946,0.936578408466725,0.7324545392843652,0.7248946312223296,0.9062581572864647,0.9627623614284035,0.0631463900208473,0.1052438300231827,5,256,1024,0.4236641526222229,21.12856779998401,1754.877952,297089,253.157376,0.0365853798395291,False,
4,87,mBERT+Qwen+Char PCA-2048,2048,2048,0.9532765554766974,0.8207803992740472,0.8969584803769584,0.9542677535984528,0.7953036988768055,0.7939938770592562,0.9149037366109578,0.965667044352196,0.0475714169442653,0.0634505034519435,0.9537462679493864,0.8222222222222222,0.8978184547589647,0.9547064020814108,0.7969646318140562,0.795709710447197,0.9153899786214624,0.9692676219654792,0.0473613701760768,0.0635983105941326,6,256,1024,0.4344392418861389,32.34077609999804,2327.662592,395393,337.543168,0.0405869342687379,False,
4,87,mBERT+Qwen+Char PCA-768,768,768,0.9484859238230424,0.806315321325328,0.8883038116227923,0.949984294032524,0.7792166502407378,0.77676928186821,0.9129899386586606,0.9634626806336812,0.0509528629481792,0.0789666976142403,0.9443154352874272,0.7914077756080241,0.8796383678280761,0.9460339686935424,0.7621762403456336,0.7594739746973278,0.9054039271799904,0.965275742951307,0.0531451478600502,0.0804023202966382,6,256,1024,0.4208997786045074,13.61817809997592,895.046144,149633,126.578688,0.0172823231119127,False,
4,87,mBERT+Qwen+Char concat no PCA,5376,5376,0.9456470309912468,0.8001739508588823,0.8843598302742233,0.9476934230210378,0.7731465568955588,0.7690100479044181,0.9169055408362646,0.9695177539922288,0.0528786443173885,0.0835965849055532,0.9466376001137388,0.8035589672016749,0.8863421378371961,0.9486384255259996,0.7770861590007248,0.7729667557769686,0.9188987018560864,0.9705183938071216,0.0522242672741413,0.0822746700081884,7,64,1024,0.3855811655521393,103.71998080000049,2867.982336,1034369,886.050816,0.110007520970808,False,
4,87,mBERT+Qwen2.5+Llama-2 PCA-1024,1024,1024,0.9474804826117814,0.8048351648351648,0.8872463940078237,0.9492449056636209,0.7780024594195094,0.7747144930881633,0.916106617955678,0.9674240428495773,0.05205047130584717,0.07896521761493462,0.9469219468271646,0.8025387870239774,0.8859395276483151,0.9487005513142008,0.7753590795734407,0.7721017859827447,0.9146206433280673,0.9687309939497557,0.051468294113874435,0.07827938349233328,6,256,1024,0.40220993757247925,17.81942980000167,1181.045248,198785,168.771584,0.027663560968858466,False,
4,87,mBERT+Qwen2.5+Llama-2 PCA-1536,1536,1536,0.9495505086349657,0.8102335928809788,0.890570907828232,0.9510092001235395,0.7837298202192909,0.7812982098463727,0.9152376768974443,0.9646994911367689,0.04991470277309418,0.07313821777294434,0.9495758494858063,0.8081500180310134,0.8895616960517354,0.9508259032121091,0.7810041283567719,0.779237388364333,0.9103790200754431,0.9675410166125386,0.04847424477338791,0.07139920080892297,6,256,1024,0.42512834072113037,25.802880299976096,1754.877952,297089,253.157376,0.03590870100950242,False,
4,87,mBERT+Qwen2.5+Llama-2 PCA-2048,2048,2048,0.9526259758694109,0.8183261510546609,0.895543869215908,0.953635268258436,0.7924829669947356,0.7911664057038539,0.913507338175806,0.9617755552486619,0.05026274174451828,0.06874697660991619,0.9527036633334913,0.8175502742230347,0.8951902519977202,0.9536161657972665,0.7915185544510923,0.7904446500888641,0.9113414892561508,0.9652527922491254,0.049594320356845856,0.06858154927601903,6,256,1024,0.458597332239151,32.35229429998435,2327.662592,395393,337.543168,0.04336740912796836,False,
4,87,mBERT+Qwen2.5+Llama-2 concat no PCA,8448,8448,0.9528625502720606,0.8184923707583694,0.8957032796867463,0.9537895560984422,0.7925917991023592,0.7914730674399371,0.9122071663798242,0.9653990604153715,0.04879814758896828,0.07631007935106005,0.9493862850101891,0.8047531992687386,0.8878388668672996,0.9503627906527862,0.7768003142277959,0.7757463790530129,0.9036926188428993,0.9654785293902591,0.05021113529801369,0.07610885868463636,6,64,1024,0.4100396931171417,140.57167139998637,4494.250496,1624193,1392.365568,0.16183809298144042,False,
4,101,DistilBERT,768,768,0.921930447125621,0.7282832441333882,0.8413499928105299,0.9264108541290328,0.6926941355003505,0.6837092617603974,0.8888142286221158,0.9495914574728544,0.0639887228608131,0.1096403963902627,0.9222785649969196,0.7204227753153768,0.837644236622902,0.9258561499967796,0.6814598359103597,0.6759190617464239,0.8737526821561812,0.9442689424593996,0.0623323358595371,0.0994695737271368,12,256,1024,0.4818684756755829,27.489366599998903,895.046144,149633,253.157376,0.0174773091321653,False,
4,101,DistilBERT+mBERT PCA-1024,1024,1024,0.9379583629051336,0.7732872271450184,0.8686745156246521,0.9404350023446036,0.7422077156254754,0.7377232883547756,0.9020614937546494,0.9606857119978276,0.0543263293802738,0.0813653397890301,0.9366380740249276,0.762564375776949,0.863002676800454,0.938584866362666,0.7287880818594201,0.7262277427993173,0.8875377997857796,0.9565692449405404,0.0543892122805118,0.0760758629450159,7,256,1024,0.4390319883823395,20.417270800011465,1181.045248,198785,168.771584,0.0269683142977451,False,
4,101,DistilBERT+mBERT PCA-128,128,128,0.9053702389401468,0.6900426191398683,0.8171019963850386,0.912689604532576,0.6527126400871168,0.6365351793769183,0.8818240160801967,0.9475770003310068,0.0699143335223198,0.107635894756802,0.904412113169992,0.6771250200096046,0.8105135599283178,0.910891581129647,0.6345590889127349,0.6227915252361822,0.8638868940512319,0.9356191687247384,0.071089282631874,0.0989023292220309,16,256,1024,0.5067560076713562,20.113528200017758,178.463232,26753,21.096448,0.006379209517077,False,
4,101,DistilBERT+mBERT PCA-256,256,256,0.9289685356044476,0.7437593343289951,0.8512644726847695,0.932141297849511,0.708482805650603,0.7030704895889228,0.8875000338485666,0.9494982610863082,0.0568419024348259,0.0789681385271912,0.928297237097768,0.7342350254698753,0.8463965946051615,0.9308008198219382,0.6963053924466223,0.6931207321498211,0.8734044860337313,0.9444517816725384,0.0575195290148258,0.0724768838522335,10,256,1024,0.5090678930282593,12.544908299983945,321.450496,51329,42.192896,0.0081710013751995,False,
4,101,DistilBERT+mBERT RP-256,256,256,0.9123491838183108,0.7030060120240481,0.825797046114709,0.9181735515342272,0.6649644352472242,0.6531450917128085,0.8802710438472396,0.947934666850803,0.06771270185709,0.1085560409174159,0.9136533813563338,0.6983443708609272,0.8239799947330464,0.918523763818179,0.6572454059357792,0.6490351685985849,0.8681732794585624,0.9392591024494076,0.0685613453388214,0.1017730586946824,12,256,1024,0.4999823868274688,24.772750200005248,321.450496,51329,42.192896,0.0081315814416321,False,
4,101,DistilBERT+mBERT raw concat,1536,1536,0.9301514076176958,0.7534961385931955,0.856403538719509,0.9338214550671968,0.7213122611741638,0.7135560671520291,0.900886658365064,0.955726574632092,0.0582402385771274,0.0915389485306454,0.9336050424150514,0.7524297579077576,0.8570456810226745,0.9357716297048112,0.7172075991455479,0.7143551441866096,0.8828469289661268,0.9462641207405786,0.0554845631122589,0.07768592980227,17,256,1024,0.4560232162475586,70.58117360001779,1754.877952,297089,253.157376,0.0315268470690865,False,
4,101,DistilBERT+mBERT standardized concat,1536,1536,0.9169032410693164,0.7221672928613803,0.8366565105775658,0.9227875047430426,0.6890655011173955,0.6750005663884413,0.897631780206364,0.9590036155426944,0.0674850717186927,0.1051469854851874,0.9197194445760865,0.7223861029170764,0.8377304475804219,0.9245297864226218,0.6863530850861865,0.6765978125059373,0.8872579172154915,0.951575582275678,0.0661301389336586,0.0969654034688475,12,256,1024,0.4512984156608581,50.006612099998165,1754.877952,297089,253.157376,0.0303013648637403,False,
4,101,Llama-2 PCA-1024,1024,1024,0.9455287437899219,0.7923337091319053,0.8804934601954411,0.9468166228124375,0.76266574939785,0.7610987745369673,0.8998209120699346,0.9543186999210458,0.04476653411984444,0.06593930809678183,0.9509028008151272,0.8052631578947368,0.8885867874501611,0.9512897832186356,0.7773571691330706,0.7771844810509476,0.8948550553374985,0.9616697692232326,0.041694484651088715,0.05862093221649198,9,256,1024,0.4664747714996338,27.860733100009384,1181.045248,198785,168.771584,0.02923860480611174,False,
4,101,Llama-2 raw,4096,4096,0.945528743789922,0.7950144669485867,0.8818028376075675,0.9470943016945228,0.7661203431122809,0.7637724711134444,0.9057666545585508,0.957716515740744,0.0475193262100219,0.0696525268849564,0.9499549784370408,0.8070175438596491,0.8891336017691929,0.9509278714031272,0.7794100667836811,0.7783361334790623,0.9051683096372856,0.9648544173576908,0.0442175678908824,0.0645790716226174,9,256,1024,0.4654056131839752,94.741738599987,4620.374016,788609,675.086336,0.0767936827633551,False,
4,101,Llama-2+Qwen PCA-1024,1024,1024,0.9483084930210551,0.8062084257206208,0.8881925906669029,0.9498698190863912,0.77920511477387,0.7765604638816301,0.913913811104883,0.9621146050568596,0.053178392350673676,0.08556398782775121,0.9485332448699114,0.8070362473347548,0.888671511319808,0.9501039721898458,0.7802245975125133,0.7775211842714681,0.914717779896552,0.9690511438170125,0.05222707241773605,0.08615030639248207,6,256,1024,0.4263421297073364,17.773002100002486,1181.045248,198785,168.771584,0.02650265390282062,False,
4,101,Llama-2+Qwen PCA-1536,1536,1536,0.9462976105985332,0.8013998250218722,0.8851753604660721,0.9482002487349522,0.7742558192843956,0.770603712378024,0.9156366064316919,0.9622628778966797,0.055446892976760864,0.085595072401372,0.9483436803942941,0.8078956644342615,0.88902777089431,0.9500815938637951,0.781584834452097,0.7782741055014721,0.9180631865144325,0.9697364646266088,0.05345103144645691,0.08512745248665349,6,256,1024,0.4363992214202881,25.817610400001286,1754.877952,297089,253.157376,0.037033126391650066,False,
4,101,Llama-2+Qwen PCA-2048,2048,2048,0.9503785190442394,0.8129319955406912,0.8921637237258193,0.9517702758026368,0.7867651836214054,0.7844719672497578,0.9161202540924851,0.9655347770488408,0.04861464723944664,0.0746880870128259,0.9521349699066395,0.8187365398420675,0.89558175613452,0.9534095931805298,0.7933665504962526,0.7912887784572358,0.9184175035145852,0.9700205002797375,0.04754858464002609,0.07427062891297649,6,256,1024,0.41564542055130005,32.504787199985,2327.662592,395393,337.543168,0.04324715416251945,False,
4,101,Llama-2+Qwen concat no PCA,7680,7680,0.9471847646084693,0.8023024131060439,0.8859117785861972,0.9488116560943323,0.7747479334573868,0.7720100253206026,0.9120423722158587,0.9649694737508557,0.05236422270536423,0.08228336574665292,0.9470641201838775,0.7989922620118769,0.8842553068825929,0.9484177584015778,0.7704951980837106,0.7686381184959947,0.9054922397420407,0.9658144319732279,0.052324552088975906,0.08007980730718435,6,64,1024,0.4167811870574951,125.46024970000144,4088.139776,1476737,1265.78688,0.1547751480967911,False,
4,101,Qwen2.5 raw,3584,3584,0.944937307783298,0.7973002394948835,0.8827208859247678,0.9469834020466114,0.7697357614754905,0.7657280637555618,0.9146552881325378,0.9634759138113628,0.051165048032999,0.0992409431544994,0.945026302070992,0.7928571428571428,0.8805824428017204,0.9465977993165752,0.7636442726614764,0.7613312599245988,0.9043294490443664,0.9603854205871528,0.0518671497702598,0.0969079895542014,17,256,1024,0.4155562222003937,154.01052399998298,4045.935104,690305,590.700544,0.0710967110555032,False,
4,101,Qwen2.5+PCA-1024,1024,1024,0.952507688668086,0.8200761819403989,0.8963597616682542,0.95374840220163,0.7948419616551211,0.7928391130341992,0.9187705001425508,0.9696160276637564,0.048241376876831,0.0721293768017289,0.9489597649400502,0.8065385306269086,0.888570207035851,0.9503009776011132,0.7792563436234393,0.7772704007089468,0.9106853021673292,0.9680438503407084,0.0506557151675224,0.0720494531294877,7,256,1024,0.3900828659534454,19.93376260000514,1181.045248,198785,168.771584,0.0213747215776697,False,
4,101,mBERT,768,768,0.9046013721315354,0.6839114246521654,0.8138673899633898,0.9116341204317346,0.6442111718729157,0.6298498074751311,0.8740043202376131,0.9397817882848888,0.074385218322277,0.1256204781985967,0.9073503625420596,0.6791399967175448,0.8124991849881446,0.912855118382242,0.6351526148864134,0.6262869989070745,0.8579985061329951,0.926656774527372,0.0733013376593589,0.1150149724800078,17,256,1024,0.5289443135261536,41.75667740000063,895.046144,149633,253.157376,0.0211932088530485,False,
4,101,mBERT PCA-256,256,256,0.9333451620534658,0.749611197511664,0.8555833575823714,0.9353069130649474,0.7136774876460926,0.7113810114604755,0.8785162374475008,0.9425802588196792,0.0542353428900241,0.0735375352714123,0.934600255912042,0.7478070175438597,0.8551177750392862,0.9358716501290868,0.7113057226901129,0.71032562897832,0.8697649665816649,0.9397953369061584,0.053377341479063,0.0660420944912897,13,256,1024,0.5404317378997803,16.34744790001423,321.450496,51329,42.192896,0.0085014975596203,False,
4,101,mBERT PCA-512,512,512,0.9402649633309677,0.773542600896861,0.8695686842881907,0.9418097406365296,0.7411137154738346,0.739284692270967,0.8902561775568143,0.9499585854729172,0.049610998481512,0.063103736031017,0.9404767546561774,0.7679231337767923,0.8668917109492823,0.9413678986618064,0.7344272544138883,0.7338316806396672,0.8783807181788411,0.9456286058546246,0.0494830049574375,0.0562577919834942,12,256,1024,0.5149006247520447,26.79371620001621,607.949312,100481,84.385792,0.0178851239282545,False,
4,101,mBERT+Qwen PCA-1024,1024,1024,0.9493730778329784,0.8116197183098591,0.8911883778758916,0.951048405654454,0.7858028307736271,0.7825839133900537,0.9198520101986698,0.9694678354157616,0.0502742975950241,0.083563196000883,0.9455476043789394,0.7982440737489025,0.883385328845854,0.9474561306886335,0.7705735928718545,0.7670213658704932,0.9133430680490392,0.9678030233200264,0.052335437387228,0.0838284207286668,6,256,1024,0.3761481344699859,17.201180200005183,1181.045248,198785,168.771584,0.0219704705942347,False,
4,101,mBERT+Qwen PCA-1536,1536,1536,0.9515022474568252,0.8192239858906526,0.8956092607048891,0.9530744071229804,0.7945280106197331,0.7914087214111803,0.9239374354701256,0.9691680982998476,0.0491408817470073,0.0743595825412725,0.9503814985071798,0.8156365557316428,0.8934848441391287,0.952067516601214,0.7906023198344921,0.7871839765548865,0.9231729180057164,0.972627041354141,0.0496316701173782,0.0742359095596917,6,256,1024,0.3923117816448211,25.09115490000113,1754.877952,297089,253.157376,0.0305032415527385,False,
4,101,mBERT+Qwen PCA-2048,2048,2048,0.9555831559025314,0.8298980747451868,0.9021773629397508,0.9565535485226028,0.8058415370215911,0.8044323605828888,0.9209356478789714,0.9675574545568488,0.0445043183863163,0.0661726238844757,0.9528932278091086,0.8203181489515546,0.896605761140626,0.954013987952164,0.7949627715199961,0.7933094376701304,0.9168766994238918,0.9701303653739358,0.0450607985258102,0.0657403634875764,6,256,1024,0.4012440145015716,31.867516099999197,2327.662592,395393,337.543168,0.0386251646838958,False,
4,101,mBERT+Qwen PCA-768,768,768,0.939732670925006,0.783881230116649,0.8744326256421533,0.9425550381737604,0.7557480260738644,0.7493725459117644,0.9151705600255006,0.9670664891583366,0.0566901601850986,0.0947722405192371,0.9392445855646652,0.7808547008547009,0.8727942078217166,0.941980854479659,0.7518995534780661,0.7460593575370222,0.9115555439098924,0.9677529066919318,0.0571480952203273,0.0940453685086731,6,256,1024,0.3944687247276306,13.548915399995169,895.046144,149633,126.578688,0.01730944978804,False,
4,101,mBERT+Qwen RP-1024,1024,1024,0.9424532765554768,0.7893483437973587,0.8780115010763346,0.944713379511902,0.7608022825816716,0.7563586002069329,0.9115975053413038,0.9643760439059104,0.0540143176913261,0.0845848033742272,0.9434623951471496,0.7882123202556365,0.877794530058634,0.9452072550224648,0.7584784760643128,0.7557893206926911,0.9034370747880116,0.9631029349349663,0.0537127181887626,0.0800501267833933,8,256,1024,0.4206744432449341,22.73530979998759,1181.045248,198785,168.771584,0.0212341784755907,False,
4,101,mBERT+Qwen concat no PCA,4352,4352,0.9250650579607288,0.7460412908398477,0.8510447200721596,0.9300394929509748,0.7161135700418652,0.7034125771330351,0.9094654324899044,0.9651349610045172,0.0703884363174438,0.1208489815735811,0.9239372541585706,0.7427472351338356,0.8490590164491023,0.9290611384103894,0.7125391321262613,0.6995032275908046,0.9082481364464816,0.9640127397110738,0.0706012696027755,0.1192221617830443,6,64,1024,0.4125771820545196,73.5979349000263,2326.75328,837761,717.279232,0.0821343016912824,False,
4,101,mBERT+Qwen+Char PCA-1024,1024,1024,0.9517388218594748,0.8163816381638164,0.8943000387468952,0.9529185658001696,0.7904447356835407,0.7887061637660284,0.9150513163610818,0.9668579819884364,0.0486561581492424,0.0759897376320329,0.949670631723615,0.8094041636755205,0.8902057673414457,0.951010879166062,0.7825928065693633,0.7805432502193905,0.9127354854933128,0.9684349133207076,0.0492285303771495,0.0770122189546396,6,256,1024,0.3980205357074737,17.08059970001341,1181.045248,198785,168.771584,0.0213410786213492,False,
4,101,mBERT+Qwen+Char PCA-1536,1536,1536,0.95162053465815,0.8182222222222222,0.8951596852685677,0.9530402465383524,0.7930104056115704,0.7904739778134331,0.9205195039308824,0.9658738752121336,0.0497366711497306,0.0746969209393688,0.9487228093455288,0.8078152753108349,0.8891149000419427,0.950294784459992,0.7811406275135786,0.7784089495162987,0.9153193140722812,0.9685990274122108,0.0509220175445079,0.0748891433873316,6,256,1024,0.4166921973228454,25.1310321999772,1754.877952,297089,253.157376,0.0312959527990903,False,
4,101,mBERT+Qwen+Char PCA-2048,2048,2048,0.944937307783298,0.7962355001094331,0.8822015877132798,0.9468744428304392,0.7682300594600306,0.7646588251841694,0.912194980895869,0.9617690273108288,0.0560104772448539,0.0941130523124821,0.9431306573148192,0.7896213183730715,0.8783714022409497,0.9451579328195024,0.7606454517429552,0.7570139652195986,0.9085103710039006,0.9660361920973772,0.0559212639927864,0.0935267697819187,5,256,1024,0.4202437400817871,27.40155760000925,2327.662592,395393,337.543168,0.0455400075833729,False,
4,101,mBERT+Qwen+Char PCA-768,768,768,0.9449964513839604,0.7976501305483029,0.8829113075739461,0.9470538538104128,0.770177681187048,0.7661125277239036,0.9150990911950014,0.9657516174134564,0.0547666549682617,0.0900217243204757,0.9401924079427516,0.7817364233829125,0.8735425664415936,0.9426288536141824,0.7521991218400758,0.7474612179651924,0.908149435998922,0.9664549284872276,0.0561513714492321,0.0895705058097148,6,256,1024,0.4019388258457184,14.258147200016538,895.046144,149633,126.578688,0.0218283161942571,False,
4,101,mBERT+Qwen+Char concat no PCA,5376,5376,0.9232907499408564,0.7449360865290069,0.8498966047486147,0.9288590953893416,0.716886515462386,0.7014374996119855,0.9152187217001806,0.969050353643376,0.0667714551091194,0.1109534495309993,0.9245059475854224,0.7460545193687231,0.8508585380388941,0.9297260330611038,0.7170564073272025,0.703171831975083,0.9123551211032742,0.9687337281489328,0.0657199844717979,0.1087796024771249,7,64,1024,0.3936798274517059,104.91260539999348,2867.982336,1034369,886.050816,0.1016342400831701,False,
4,101,mBERT+Qwen2.5+Llama-2 PCA-1024,1024,1024,0.9471847646084693,0.8030002206044562,0.886252355632283,0.9488834863132599,0.775704973965061,0.7727085187180285,0.9136825770403045,0.9646366133948255,0.05251380428671837,0.08518760308289738,0.9465902089948344,0.801759014951627,0.8854483384312589,0.9484265274996951,0.7745644050455373,0.771133007259576,0.9149247194183447,0.9680392622716347,0.052436064928770065,0.08537324916146434,6,256,1024,0.4068518280982971,17.44592540001031,1181.045248,198785,168.771584,0.027101028386675503,False,
4,101,mBERT+Qwen2.5+Llama-2 PCA-1536,1536,1536,0.9489590726283416,0.808179595465659,0.8893713749747028,0.9504524865996755,0.7813890756783654,0.7789048803344736,0.9142850815247561,0.9646620481748273,0.05218059942126274,0.07728932006367217,0.9490545471778589,0.8080699875022317,0.8893496026415832,0.9505144293700686,0.7812322611978041,0.7788541578142247,0.9136995910508003,0.969290458742695,0.050743356347084045,0.07633507377890213,6,256,1024,0.4246196150779724,25.9739697999903,1754.877952,297089,253.157376,0.03610223212236038,False,
4,101,mBERT+Qwen2.5+Llama-2 PCA-2048,2048,2048,0.9424532765554767,0.7865760035095416,0.8766595025921773,0.9444299135414986,0.756922032607527,0.7535732992339502,0.9054467372496318,0.9561243114073279,0.05795510113239288,0.09438017553156089,0.9434623951471495,0.7895572411360028,0.878450916848077,0.9453455036748637,0.7602905019648233,0.7571361411709776,0.9063972803832188,0.9622879675143996,0.056855008006095886,0.09413770897431618,5,256,1024,0.4574970602989197,27.122775099996943,2327.662592,395393,337.543168,0.05290936922501709,False,
4,101,mBERT+Qwen2.5+Llama-2 concat no PCA,8448,8448,0.950319375443577,0.8129175946547884,0.8921370350686477,0.9517343429740351,0.7867900783381544,0.7844233895777317,0.9164965534422445,0.9656435115392664,0.04781748726963997,0.07120365805761779,0.9501919340315624,0.8094288304623753,0.8903905402891101,0.9513161357745715,0.782335177100564,0.7808740566777344,0.9092504586515551,0.9644526868581751,0.04863957315683365,0.06878116277217884,8,64,1024,0.430515855550766,186.45889549999265,4494.250496,1624193,1392.365568,0.1608668546516243,False,
5,13,DistilBERT,768,768,0.937381404174573,0.76657824933687,0.8652094095609155,0.9393231466552646,0.7332775769109199,0.7306435375203284,0.8901482884387948,0.9504638988880435,0.05107647553086281,0.07365317659300578,0.9434472934472935,0.7881159935954456,0.8777424813041477,0.945238972047738,0.7585297359698611,0.755696019813564,0.9041305525460455,0.9578366947245603,0.048192575573921204,0.07661207296477819,16,256,1024,0.49154332280158997,36.79641640000045,896.07424,149633,254.739456,0.021027768281613922,False,
5,13,DistilBERT+mBERT PCA-1024,1024,1024,0.943904174573055,0.7876066457117198,0.8776456402706307,0.9453030251763778,0.7571591182645153,0.7554200435644342,0.8979664097326177,0.9529321314705613,0.05065636336803436,0.07118006838864226,0.9411680911680912,0.7851569273452401,0.8755372291115109,0.9436014069848754,0.7563640381592984,0.7514555941622687,0.9109263271939327,0.9675193036919743,0.05095505714416504,0.07886804058274001,7,256,1024,0.4920150637626648,20.50337719998788,1183.186432,198785,169.826304,0.027377858498387555,False,
5,13,DistilBERT+mBERT PCA-128,128,128,0.9281902277039848,0.7358778625954199,0.8471620723607439,0.9307836037973062,0.6981124895727486,0.6946770603893531,0.8752799016648334,0.9366683877302275,0.05988422781229019,0.08640788692165434,0.9324786324786325,0.7558379120879121,0.858330020624075,0.9355154356945189,0.7227687639655738,0.7171809931641393,0.8955606717226436,0.9562617093091089,0.056063212454319,0.09265172401007978,14,256,1024,0.5762052536010742,28.718306299997494,178.770944,26753,21.228288,0.00998603513736078,False,
5,13,DistilBERT+mBERT PCA-256,256,256,0.9248102466793169,0.7316969953449005,0.843987936331853,0.9283659489140793,0.694621766938283,0.6886236808457498,0.8819471438141473,0.9429602792917223,0.06012033298611641,0.0897360650559205,0.9267806267806268,0.7415353670801207,0.8494422423717249,0.9307054447518219,0.707619134966674,0.699701389189423,0.8941278439869988,0.9576191140928411,0.05850445106625557,0.09526747761246487,9,256,1024,0.5359494686126709,18.950599999981932,322.021888,51329,42.456576,0.012390982905904261,False,
5,13,DistilBERT+mBERT RP-256,256,256,0.9159748576850095,0.7102841954610509,0.830572967793292,0.9209607359974048,0.67170058450243,0.6623157512033035,0.8785399936317848,0.9404770565923433,0.06890600174665451,0.1105268080789504,0.9206077872744539,0.7294498381877023,0.8414639285540626,0.9258202188299636,0.6963181705153633,0.6842929740314234,0.897546045503792,0.9577543961996833,0.06481435149908066,0.11287860163316796,10,256,1024,0.5395529270172119,20.77506009998615,322.021888,51329,42.456576,0.021275622032340423,False,
5,13,DistilBERT+mBERT raw concat,1536,1536,0.9334677419354839,0.752208480565371,0.8568919115155622,0.9355534649430304,0.716660829596154,0.7140280045500622,0.881568255687974,0.9387541138825023,0.06066093221306801,0.10419393107513729,0.9378442545109211,0.7703105808036498,0.8671848887104929,0.9401396144181157,0.7384747125907352,0.7346880559705133,0.8976300108342361,0.9560950495874656,0.056379951536655426,0.10665881818431056,10,256,1024,0.5311117768287659,42.81434720000834,1758.198784,297089,254.739456,0.044330574549090715,False,
5,13,DistilBERT+mBERT standardized concat,1536,1536,0.9122983870967742,0.7069546265107985,0.8276936934374013,0.9184198234239946,0.6704214119167177,0.6571189888385827,0.8860614139918785,0.9456925188461951,0.0733400359749794,0.12763845871378926,0.912962962962963,0.7163855794522668,0.8324895617484571,0.919925894094971,0.6855404278578551,0.6672821758548593,0.9032638136511375,0.9647758250687557,0.07111755758523941,0.13262976824305067,9,256,1024,0.5039119124412537,38.406444499996724,1758.198784,297089,254.739456,0.03454006172798208,False,
5,13,Llama-2 PCA-1024,1024,1024,0.9379150853889943,0.7724407737448381,0.8682473721438166,0.9402386680944723,0.7407482650642785,0.7368232524330192,0.8992547844317815,0.9574002200962675,0.054385822266340256,0.09757649309339401,0.9371320037986705,0.7771794008751263,0.870291287037154,0.9404125840233725,0.749164028070574,0.7412452770097138,0.9160590465872156,0.9700116884740395,0.05459157004952431,0.10580081064590136,7,256,1024,0.4616856276988983,20.878349899983732,1183.186432,198785,169.826304,0.025039905033409082,False,
5,13,Llama-2 raw,4096,4096,0.9607447817836812,0.8398645379777455,0.9087475693876021,0.9605078738246102,0.8176046785532233,0.8175001569333138,0.9038973270037134,0.9623680385121947,0.0391625314950943,0.06225086168423154,0.959306742640076,0.8407950956715586,0.9087335578529283,0.9598970911006264,0.8181195020098571,0.8174980216267093,0.9211078006500542,0.9743322881073423,0.03943205252289772,0.07173685944353471,8,256,1024,0.43655696511268616,84.69343839999055,4628.806656,788609,679.305216,0.08005856125392656,False,
5,13,Llama-2+Qwen PCA-1024,1024,1024,0.9412950664136622,0.7880993150684932,0.8770135892523083,0.9438258332310384,0.7598484726690982,0.7544439465935705,0.9142849610877242,0.9620777826825899,0.056436751037836075,0.09282171532981791,0.9415479582146249,0.796090773563028,0.8809874924822596,0.9449220585819278,0.7728612003270279,0.7627380388666934,0.9341088840736728,0.9802498437369782,0.05587393417954445,0.10371397821288396,6,256,1024,0.4333312511444092,17.671401100000367,1183.186432,198785,169.826304,0.027588660968235427,False,
5,13,Llama-2+Qwen PCA-1536,1536,1536,0.9476992409867173,0.8072552447552448,0.8885000153523754,0.9495492167877905,0.7809273828261895,0.7772462562396008,0.9191696715820465,0.9638587474826942,0.05189046636223793,0.08887094679754448,0.9473409306742641,0.8135821146411162,0.8914610968549918,0.9501107007444535,0.792000116916501,0.7834866675183001,0.9402221018418202,0.982512219768314,0.05128373205661774,0.0999781171473739,6,256,1024,0.4097175896167755,25.6605802999984,1758.198784,297089,254.739456,0.034200750237562076,False,
5,13,Llama-2+Qwen PCA-2048,2048,2048,0.9449122390891841,0.8,0.8840284702403467,0.9471694080300568,0.7733558306239411,0.768408738710953,0.9198300120747975,0.9642555171383557,0.054235365241765976,0.08613995952340393,0.9452041785375118,0.8066353887399463,0.887357304903277,0.9481478837423285,0.7841437455738525,0.7753288082144368,0.9368553629469123,0.9808844382865238,0.05293748900294304,0.09574911280739468,6,256,1024,0.4295162558555603,32.61186689999886,2331.900928,395393,339.652608,0.04202172839431471,False,
5,13,Llama-2+Qwen concat no PCA,7680,7680,0.9506048387096774,0.8154221138931974,0.8934546817968468,0.9520901597661926,0.7897386775369736,0.7870757676585227,0.9193958155864134,0.967093656699445,0.0491754375398159,0.08453423894616637,0.9520892687559355,0.8258242706715001,0.8990243934357858,0.9541504118138282,0.8040501033506592,0.798385684295698,0.9383044420368365,0.9821656179681642,0.048025812953710556,0.09425198230520954,7,64,1024,0.399628609418869,148.17025759999524,4104.616448,1476737,1273.69728,0.1420498195634748,False,
5,13,Qwen2.5 raw,3584,3584,0.9442006641366224,0.7937760245452553,0.8807556618526037,0.9461141748956966,0.7651405485881895,0.7617577313545267,0.9098031745966109,0.9638560660609281,0.047938272356987,0.0802531982621839,0.9478157644824311,0.81113593400928,0.8904306429639799,0.950146411436038,0.7872558833785775,0.7812580628515403,0.9305796316359697,0.9776048004000334,0.04543950408697128,0.08713873267608915,16,256,1024,0.41487860679626465,145.59885809998377,4053.663232,690305,594.392064,0.0696869800572066,False,
5,13,Qwen2.5+PCA-1024,1024,1024,0.9433111954459203,0.7940542869452822,0.8805931202312192,0.9456204029280522,0.7663869260111554,0.761543879046274,0.9158454839430004,0.9640507922018311,0.056875329464673996,0.09604516925477552,0.9422602089268756,0.7967914438502673,0.8815703953809673,0.9454162724596424,0.7728251931002603,0.7638121546961326,0.9313759479956663,0.9782704496208018,0.0572262741625309,0.10437493776002192,6,256,1024,0.413346529006958,17.812970099999802,1183.186432,198785,169.826304,0.025427070274563895,False,
5,13,mBERT,768,768,0.9220825426944972,0.7120946538124452,0.833519552938317,0.9247610331163914,0.6703636046434538,0.6673849139256072,0.8591016888175795,0.9245412539646275,0.06725568324327469,0.11181575063336817,0.9284900284900285,0.7397165572070515,0.8491338882253676,0.9315345943008895,0.703610179909579,0.6987598346446193,0.8832069339111592,0.9441291670139178,0.06270132213830948,0.1143322584924181,13,256,1024,0.599560558795929,30.309172000008402,896.07424,149633,254.739456,0.022772345678929013,False,
5,13,mBERT PCA-256,256,256,0.9395161290322581,0.7644341801385681,0.8648689711496297,0.9403379981712244,0.7302665659020924,0.729778369400419,0.8751964222209356,0.9362308475412073,0.05169040709733963,0.0680722304558217,0.9418328584995251,0.7790802524797115,0.8727937147566022,0.9433680505453717,0.7476560425178831,0.7457366526156646,0.8941224268689058,0.9554462559379948,0.048558223992586136,0.07355419730047667,13,256,1024,0.5758551955223083,27.427425600006245,322.021888,51329,42.456576,0.011919620132605755,False,
5,13,mBERT PCA-512,512,512,0.9343572106261859,0.7445188091391646,0.853429671621802,0.9352678149673893,0.7073982037478932,0.7069050925321185,0.8636537737877648,0.9376970844998056,0.056619271636009216,0.08780809021086577,0.9374169040835707,0.764221824686941,0.8640709451931831,0.9392659618707233,0.7307088118561212,0.7283442326776763,0.8876381365113759,0.9553009521626803,0.05361821502447128,0.09242991001928068,7,256,1024,0.5679306387901306,15.373452499974519,609.091072,100481,84.913152,0.01674245489137256,False,
5,13,mBERT+Qwen PCA-1024,1024,1024,0.9496560721062619,0.8126241447804017,0.8917729074074972,0.9512471199318421,0.7866722642330205,0.7837336841881392,0.9190587964073342,0.9659880709683824,0.04955647140741348,0.08121742212478215,0.9490503323836658,0.8171126640531788,0.893757556752819,0.9514777845883503,0.7948940306257322,0.7879586325011527,0.9373970747562297,0.9812423639469956,0.05032818019390106,0.09183142647653084,6,256,1024,0.4048118591308594,17.690823499986436,1183.186432,198785,169.826304,0.02576766856611067,False,
5,13,mBERT+Qwen PCA-1536,1536,1536,0.9562974383301708,0.8326901248581158,0.9037781354434152,0.9571953122779098,0.8088750050050959,0.8076238412327956,0.9214179306608884,0.9659805436036655,0.04465602710843086,0.07221059066518935,0.9584045584045584,0.8449008498583569,0.9104412123825674,0.9597987693452444,0.8245166440342006,0.8210567727877981,0.9409154929577465,0.9833726873072757,0.042220305651426315,0.08038698232742442,6,256,1024,0.4009331166744232,25.7903093000059,1758.198784,297089,254.739456,0.034482122507755154,False,
5,13,mBERT+Qwen PCA-2048,2048,2048,0.9509606261859582,0.8177209609874366,0.894695155564802,0.9525353473155355,0.7926391844369003,0.7895794185864617,0.9226693469684815,0.9665928446486317,0.04952071234583855,0.07965372318201576,0.9514719848053181,0.8252991452991453,0.8985607940446649,0.9537331468036367,0.8042209261126329,0.7975247645835881,0.9415872156013001,0.9836102696058004,0.04846370220184326,0.08909488494997952,6,256,1024,0.39830711483955383,32.49721899998258,2331.900928,395393,339.652608,0.04242188983902217,False,
5,13,mBERT+Qwen PCA-768,768,768,0.9429554079696395,0.7937392795883362,0.8803199563369701,0.945378681180346,0.766318208957954,0.7610326558316679,0.9172798830564124,0.9656816619956083,0.054156940430402756,0.09332960126042344,0.9426400759734093,0.7985323549032688,0.8825459914257237,0.9458155201648564,0.7750639938005949,0.7657771522132537,0.9332448537378115,0.9808607904825402,0.054069653153419495,0.1015805506464076,6,256,1024,0.4003402888774872,13.900693300005514,896.07424,149633,127.369728,0.021766576448493925,False,
5,13,mBERT+Qwen RP-1024,1024,1024,0.93323055028463,0.7691676916769168,0.8650691144693077,0.9371316636643489,0.7410542095661854,0.7310376274099564,0.9168446527668654,0.9679055136751218,0.05528061464428902,0.08699992018976237,0.9358499525166192,0.7829718875502008,0.8726671667866619,0.9402154634956017,0.7607256661741987,0.746526145115525,0.9364761646803901,0.9830623697808151,0.05273124948143959,0.09372799051686741,10,256,1024,0.4054417908191681,29.256403399980627,1183.186432,198785,169.826304,0.03598362772988867,False,
5,13,mBERT+Qwen concat no PCA,4352,4352,0.9427182163187856,0.7949044585987262,0.8808073881662732,0.9453568380879974,0.768360619434967,0.7620818643047553,0.9214430003390868,0.9696717791149422,0.05180172994732857,0.08157552394920305,0.9449192782526116,0.8070525615435795,0.887463358427711,0.948019637562674,0.7853570577523619,0.7756082649522845,0.9398320693391116,0.9839070235019586,0.05011550709605217,0.0890430549460358,10,64,1024,0.4002189636230469,124.33968480001204,2335.729152,837761,721.761792,0.0870352943981414,False,
5,13,mBERT+Qwen+Char PCA-1024,1024,1024,0.9476992409867173,0.8059832820061592,0.8878795856264776,0.9494183640584436,0.7791267980360148,0.7759707961087183,0.9160992821284726,0.9626082680574048,0.052502356469631195,0.08544669532563019,0.9482905982905983,0.8145120081757793,0.8922349000574337,0.9507669544374447,0.791909307820923,0.7849248167049064,0.9359723726977248,0.9809887594799567,0.05153268203139305,0.09601936506718602,6,256,1024,0.4234212040901184,17.641533499991056,1183.186432,198785,169.826304,0.02527567426429076,False,
5,13,mBERT+Qwen+Char PCA-1536,1536,1536,0.9543999051233396,0.8258210645526614,0.899793485232357,0.9553780745856008,0.8010168133831055,0.7996639504556788,0.9180828881096326,0.9649813101672278,0.04647599905729294,0.07760907749377455,0.9572649572649573,0.8426023084994754,0.9089391961155693,0.9588966053079362,0.8226329788047065,0.8181128648346548,0.9440655471289274,0.9836961309275774,0.044399961829185486,0.08740356412909904,6,256,1024,0.40417271852493286,26.03976580000017,1758.198784,297089,254.739456,0.03464197056060206,False,
5,13,mBERT+Qwen+Char PCA-2048,2048,2048,0.945149430740038,0.8002591232995033,0.8842344521882952,0.9473354583362298,0.7734699242677575,0.7687995742848308,0.9189419768759356,0.9651828044751185,0.053701337426900864,0.08903603752071225,0.9482905982905983,0.8165740272865083,0.8932385102024117,0.9509734911637711,0.7953209607748325,0.7870155520732476,0.9414247020585049,0.9832100695891325,0.05169067904353142,0.09840922251428631,6,256,1024,0.4060905873775482,32.97686570000951,2331.900928,395393,339.652608,0.042114729344579924,False,
5,13,mBERT+Qwen+Char PCA-768,768,768,0.9367884250474383,0.7763323541754091,0.8697627519098854,0.9399685156724139,0.7474992102928962,0.7401457598644163,0.9135540636656108,0.963329392827901,0.057478561997413635,0.09720182290291449,0.9384615384615385,0.7868421052631579,0.8754410304340207,0.9421636777849173,0.7626719343945125,0.7517593643586833,0.9305308775731311,0.9804320151679307,0.05629117786884308,0.10530588278619454,6,256,1024,0.41723477840423584,13.834929200005718,896.07424,149633,127.369728,0.021410555556270135,False,
5,13,mBERT+Qwen+Char concat no PCA,5376,5376,0.9530953510436433,0.8214849921011058,0.897242820315836,0.9541690062229198,0.796111028211868,0.7945760309710179,0.9167239564811063,0.9661038082391885,0.05045606568455696,0.08422055646540347,0.9555080721747389,0.8338946995213614,0.9041043441958352,0.956978274135871,0.8116971668427158,0.8083897793744526,0.9336457204767064,0.9803412471872656,0.04866863414645195,0.09193323926495146,7,64,1024,0.4060363173484802,107.727604899992,2879.067648,1034369,891.588096,0.10570786799644036,False,
5,13,mBERT+Qwen2.5+Llama-2 PCA-1024,1024,1024,0.942896110056926,0.7932145157826928,0.8800443601582102,0.9452903153246334,0.7656094138674548,0.7604712783209706,0.916427255547377,0.9646563412329525,0.0550040565431118,0.09101502699477057,0.9427825261158594,0.7986633249791144,0.8826580773228214,0.9459133846433909,0.7750423929052739,0.7659829531150725,0.9326652221018418,0.9800125114592881,0.054547153413295746,0.10099948265776391,6,256,1024,0.4179997742176056,17.57033469999442,1183.186432,198785,169.826304,0.02639872269728818,False,
5,13,mBERT+Qwen2.5+Llama-2 PCA-1536,1536,1536,0.9521465844402277,0.8195034667859539,0.8959601621450705,0.9534114930031542,0.7940990700777227,0.7920440743008139,0.918638556234648,0.9664002991820566,0.04913773760199547,0.08441900724432022,0.9541310541310541,0.8329297820823245,0.9031730202722702,0.9560722490325997,0.8121868074311717,0.8066577382864428,0.9421126760563381,0.9827798254021168,0.047910697758197784,0.09514382850442432,6,256,1024,0.397835373878479,25.797884300001897,1758.198784,297089,254.739456,0.0344369135807416,False,
5,13,mBERT+Qwen2.5+Llama-2 PCA-2048,2048,2048,0.9466911764705882,0.8048621662687215,0.8869954868292889,0.9487123652770776,0.7785184975719381,0.7742807349205412,0.9200269511963147,0.9658805879537353,0.05384889617562294,0.08800886216859707,0.9452991452991453,0.807550952221851,0.8878348108095473,0.9482954944373185,0.785511182555691,0.7763085346617251,0.9385617551462622,0.9824752166847237,0.05381091311573982,0.09956413285430002,6,256,1024,0.4103425145149231,32.752041999978246,2331.900928,395393,339.652608,0.042373941120802595,False,
5,13,mBERT+Qwen2.5+Llama-2 concat no PCA,8448,8448,0.9469876660341556,0.8033435987681479,0.8863541378118719,0.9487301785354293,0.7760663848683941,0.7729227797292452,0.9144648424900548,0.9668209916427515,0.058316171169281006,0.10951261342930796,0.9474358974358974,0.8117026705221977,0.8905785778868542,0.9499789525688794,0.7887368233468453,0.7816296859132188,0.9346587215601301,0.9810812046837236,0.05737121403217316,0.1177407535148567,6,64,1024,0.3989636301994324,141.60155650001252,4511.377408,1624193,1401.067008,0.15739963437831436,False,
5,21,DistilBERT,768,768,0.9149667931688804,0.7158145065398336,0.8329089965235253,0.9208965070236048,0.6809782789665492,0.6674935497837022,0.8920882163208257,0.9535294100923806,0.06795988231897354,0.11028785754655235,0.9175688509021842,0.7274725274725274,0.8394565434565434,0.9237901851235185,0.6971517406128522,0.6808316499080737,0.9062215601300109,0.9609678619051587,0.06617941707372665,0.113886236770703,17,256,1024,0.46926459670066833,38.865052400011336,896.07424,149633,254.739456,0.021081220324116724,False,
5,21,DistilBERT+mBERT PCA-1024,1024,1024,0.9436669829222012,0.7834017327861377,0.8755124675109204,0.9447266059378918,0.7520698522548376,0.7510977254016045,0.8904620470917106,0.9466302088071589,0.05400548130273819,0.08185248294062349,0.9451092117758785,0.7931281317108089,0.8807423205362321,0.946723376318341,0.7641092546716437,0.761660405021534,0.9052437703141929,0.9653270376698059,0.05181923508644104,0.08706458639618848,6,256,1024,0.514782726764679,17.851795399998082,1183.186432,198785,169.826304,0.025615735992312552,False,
5,21,DistilBERT+mBERT PCA-128,128,128,0.9256404174573055,0.7302065404475043,0.843542059769832,0.9287049926951483,0.6920456947590704,0.687564769778894,0.8758709774796755,0.9376871503167565,0.06282691657543182,0.09496315501884785,0.9291547958214625,0.7490750084090144,0.8539149576240903,0.9328684996255673,0.7162277577408276,0.7085839124584645,0.8979604550379199,0.9570507333944496,0.05937684327363968,0.10127825215998383,14,256,1024,0.5634234547615051,28.92193280000356,178.770944,26753,21.228288,0.00940231244127971,False,
5,21,DistilBERT+mBERT PCA-256,256,256,0.9236835863377609,0.7300188797986155,0.842789903281097,0.927528660964328,0.6931713803839302,0.6863309944744227,0.8835554799732039,0.9432027379706898,0.06083797290921211,0.08870816898251226,0.9284425451092118,0.7514431799439222,0.8548241220739108,0.9326789056532848,0.7205964654589715,0.7106340510569098,0.9059804983748646,0.9643547899824985,0.056784383952617645,0.09404158930834615,10,256,1024,0.5387633442878723,21.137764499988407,322.021888,51329,42.456576,0.020034786324883067,False,
5,21,DistilBERT+mBERT RP-256,256,256,0.9144331119544592,0.707242848447961,0.8285684709964378,0.9197353524560143,0.6686973099979738,0.6584438974874913,0.8788878677230736,0.9410401228569303,0.06773605197668076,0.10936252679035201,0.9208926875593543,0.7314635718891038,0.8425387800418902,0.9261880108730007,0.6990860210074054,0.6864958043322709,0.9001868905742145,0.9603617905658804,0.06399668008089066,0.11315132212619043,13,256,1024,0.5355079770088196,27.192630200006533,322.021888,51329,42.456576,0.01204505223154682,False,
5,21,DistilBERT+mBERT raw concat,1536,1536,0.9259962049335864,0.7303370786516854,0.8437252403567705,0.9289277299871571,0.6920171290388851,0.6878910283666404,0.8746412709965017,0.9345810462636357,0.06588539481163025,0.11950172590439967,0.9309116809116809,0.7502145922746781,0.8550632129302858,0.9340232852758669,0.7162142783136086,0.7106610200699687,0.8920232936078006,0.9542757521460121,0.06181493401527405,0.12271266935874352,10,256,1024,0.5489044189453125,42.48752439999953,1758.198784,297089,254.739456,0.043788869894646525,False,
5,21,DistilBERT+mBERT standardized concat,1536,1536,0.9304435483870968,0.7510082784971344,0.8552918499009434,0.9336529396085494,0.7170327391680936,0.7111528634682347,0.8933512628915006,0.9483345430960689,0.05991823971271515,0.09557860611884479,0.9323361823361823,0.7624604100683448,0.8615048375194303,0.9360938507850625,0.7326610103455177,0.723823333070137,0.9096885157096424,0.9670416805567129,0.057450391352176666,0.10089640704771648,13,256,1024,0.501373827457428,55.41166990000056,1758.198784,297089,254.739456,0.0338289411212269,False,
5,21,Llama-2 PCA-1024,1024,1024,0.9506048387096774,0.8083735909822867,0.8900109675751432,0.9513551822445383,0.7807173624498641,0.7800633069938296,0.9024063272766369,0.9596131360978555,0.04434789717197418,0.08027366581017263,0.9514245014245014,0.8168963665652408,0.8944471431271446,0.9528495797972201,0.7915736481790884,0.7890490749910262,0.919750812567714,0.9739525168764062,0.04429888725280762,0.0887831182462311,8,256,1024,0.4431200325489044,23.700455499987584,1183.186432,198785,169.826304,0.02641209876525206,False,
5,21,Llama-2 raw,4096,4096,0.9533918406072106,0.8172093023255814,0.895250022917582,0.9538916270056887,0.7908470294818774,0.7905193549431165,0.9039976057165069,0.9605286316401049,0.04573136568069458,0.08327922497856548,0.9531339031339031,0.8223222322232223,0.897664603052675,0.9544039193563371,0.7976175842423494,0.7954561154392294,0.9210563380281691,0.9730618489040753,0.04610275849699974,0.0916965303645387,7,256,1024,0.43665891885757446,74.43430850000004,4628.806656,788609,679.305216,0.08018132003890094,False,
5,21,Llama-2+Qwen PCA-1024,1024,1024,0.9555858633776091,0.8286433310455273,0.9015649124485394,0.9563598768424537,0.8040689687926499,0.8031789705468783,0.9163037163084201,0.9634298330721263,0.04782013222575188,0.07817764665606294,0.9561253561253561,0.8357041251778093,0.9051931410632581,0.957524375248596,0.8136324785888165,0.8105522143247677,0.9336673889490791,0.978870228769064,0.04683400318026543,0.08761740303815034,6,256,1024,0.42284414172172546,17.68610739998985,1183.186432,198785,169.826304,0.02505827635375859,False,
5,21,Llama-2+Qwen PCA-1536,1536,1536,0.9485294117647058,0.8093983311374616,0.8898229058854512,0.9502557931723655,0.7831705074550718,0.7798629425012993,0.9188248988942462,0.9638537884677413,0.05116790160536766,0.0823960407685437,0.9471984805318139,0.8113975576662144,0.8903498389037785,0.9498077297123146,0.7886263412932735,0.7811959500165186,0.9355146262188516,0.9806683369447454,0.05114567652344704,0.09414252077241705,6,256,1024,0.424313485622406,25.733788400015328,1758.198784,297089,254.739456,0.034933660969242955,False,
5,21,Llama-2+Qwen PCA-2048,2048,2048,0.952561669829222,0.8212689901697945,0.8969602164030976,0.9538363560395077,0.7961781556744885,0.7940473026840287,0.920103710932654,0.9654881150341569,0.05007794126868248,0.08218233833448216,0.9532288698955366,0.8294962783451618,0.9011966987301299,0.9551933116126365,0.8081213947649352,0.8027062515300558,0.9396153846153846,0.9804674660388366,0.049151647835969925,0.09221362468237296,6,256,1024,0.4167325496673584,32.511017100012396,2331.900928,395393,339.652608,0.04365137701773183,False,
5,21,Llama-2+Qwen concat no PCA,7680,7680,0.9462760910815939,0.8024422154382904,0.8856765328787087,0.9482207258699908,0.7754524004955018,0.7716183431613024,0.9169242554564025,0.9656947460415755,0.057171501219272614,0.09794590192598661,0.9429249762583096,0.7978472922973427,0.8823095033942068,0.9459168475535737,0.7734813259390895,0.765226449581149,0.9297724810400867,0.9767644178681556,0.058666471391916275,0.10813866920896575,6,64,1024,0.4152505397796631,128.0044969000155,4104.616448,1476737,1273.69728,0.14088586419735658,False,
5,21,Qwen2.5 raw,3584,3584,0.9486480075901328,0.8085764809902741,0.8894615044315841,0.9502403835260029,0.781916050816097,0.7791072949740572,0.9160269160470751,0.964166206409774,0.04695475473999977,0.08434777414376285,0.9518993352326686,0.8224364592462752,0.897309126231678,0.9536947149490801,0.7990590675370064,0.7948700641241985,0.9305958829902492,0.9756925889657471,0.04485706612467766,0.08857683127326757,17,256,1024,0.4053818881511688,154.55521560000489,4053.663232,690305,594.392064,0.0698715052230227,False,
5,21,Qwen2.5+PCA-1024,1024,1024,0.9553486717267552,0.8275704144721777,0.9009620745090019,0.9561102668706383,0.8028221180574606,0.8019714477910164,0.9153495178351376,0.9638090604143061,0.04935341700911522,0.08264576588921688,0.9549382716049383,0.8325392623963296,0.9032528698890818,0.9565063273836236,0.8103840396231343,0.8067097994151179,0.9344772481040087,0.9794925514626218,0.04910141974687576,0.0922612679662344,6,256,1024,0.4187270700931549,17.710828899987973,1183.186432,198785,169.826304,0.024836120608170736,False,
5,21,mBERT,768,768,0.8948648007590133,0.6529653552554316,0.795506752542982,0.9026156582846706,0.6069274583025743,0.5933521634301531,0.852363114388031,0.9198150704173662,0.08664989471435547,0.15238879940453107,0.9010446343779677,0.6757934038581207,0.8087024847375328,0.9087945086096827,0.6360621368701567,0.6199032667729472,0.8728385698808234,0.9373436848904074,0.08113333582878113,0.1518250508998067,11,256,1024,0.6076560616493225,25.92091220000293,896.07424,149633,254.739456,0.020411965812404762,False,
5,21,mBERT PCA-256,256,256,0.9373221062618596,0.7563954828301452,0.8602148226359376,0.9382270779738765,0.7210220199448278,0.7204770124747845,0.8710780168385533,0.9367724462785225,0.05217793583869934,0.06897937117119725,0.9431623931623931,0.7822448608331818,0.8747802410820198,0.9444673792941077,0.7511204368467113,0.7496701668142632,0.8932286023835319,0.9530849758313193,0.048363953828811646,0.07283643653221847,11,256,1024,0.5782917141914368,23.282358600001317,322.021888,51329,42.456576,0.011920930674221767,False,
5,21,mBERT PCA-512,512,512,0.9448529411764706,0.7796208530805687,0.8740519881506951,0.9450097291142056,0.7481270771063181,0.7481055622255481,0.8761966248459636,0.9377924041976462,0.047743719071149826,0.06361796468473349,0.9493827160493827,0.8014157973174366,0.8862052865559755,0.9500590994393198,0.7729403377910383,0.772443127912125,0.8969420368364031,0.9589642157679807,0.04390229284763336,0.06781726590864508,10,256,1024,0.5636166930198669,21.351198899996234,609.091072,100481,84.913152,0.025902302943845344,False,
5,21,mBERT+Qwen PCA-1024,1024,1024,0.9444971537001897,0.7955439056356488,0.8817170643101058,0.9464695706385401,0.7673501746242954,0.7636979607792038,0.9120193858394052,0.9601462059755775,0.05820994824171066,0.10957036923044547,0.9433048433048433,0.7976956963741104,0.8823643317035388,0.9461271311491576,0.7726632553578028,0.7652698156894535,0.9270151679306609,0.976815359613301,0.05846426635980606,0.1179252653209367,5,256,1024,0.4274114966392517,14.773317399987718,1183.186432,198785,169.826304,0.026379810066421403,False,
5,21,mBERT+Qwen PCA-1536,1536,1536,0.9339421252371917,0.7697395618023977,0.8655897532099561,0.9376138059564327,0.7409841622763034,0.7319797445608704,0.9143852398005178,0.9639451829517918,0.06115563586354256,0.10421934135249804,0.932716049382716,0.7733887733887734,0.8669408528052964,0.9373936533535422,0.7498529933356994,0.7351909060915989,0.9315492957746478,0.9793706246353863,0.06189800798892975,0.11371405372946236,5,256,1024,0.4135713279247284,21.656191399990348,1758.198784,297089,254.739456,0.035609093066088233,False,
5,21,mBERT+Qwen PCA-2048,2048,2048,0.9420066413662239,0.7913822525597269,0.8788522833046568,0.9445792893293101,0.763910127408589,0.7581416258099393,0.917556941768048,0.9640234287773027,0.05895882844924927,0.10702239481616939,0.9417853751187084,0.7986863711001642,0.8823295857721193,0.9453201548460607,0.7768439938011099,0.7655056790006848,0.9390357529794149,0.9830026773064422,0.0585266649723053,0.1166357316594157,5,256,1024,0.4036555290222168,27.142021899984684,2331.900928,395393,339.652608,0.04237341405540804,False,
5,21,mBERT+Qwen PCA-768,768,768,0.9391010436432637,0.7811634349030471,0.8728961655314271,0.9418262629296027,0.7520433506891085,0.7462597350966056,0.9113947114867715,0.9613584509109856,0.06187190115451813,0.1188481253352232,0.9395061728395062,0.7890728476821192,0.8768812131980441,0.9430085008088024,0.7646361238890672,0.7545571306250595,0.929639761646804,0.9778522481040087,0.06215284764766693,0.1273398078440318,5,256,1024,0.41893360018730164,11.698194800002966,896.07424,149633,127.369728,0.02056002849021994,False,
5,21,mBERT+Qwen RP-1024,1024,1024,0.9508420303605313,0.8163084422778639,0.8939663039730925,0.9523202190230176,0.7907645820648583,0.7880982129518791,0.9199406287992192,0.9692813253382598,0.04171661287546158,0.06017091985789934,0.9527540360873694,0.8278844490572566,0.9002516991977165,0.9547504925133717,0.8062951513042279,0.8008234459681545,0.9388488624052005,0.9829462351029252,0.04035288468003273,0.06861433073279519,15,256,1024,0.41531726717948914,43.67587239999557,1183.186432,198785,169.826304,0.0261481528958449,False,
5,21,mBERT+Qwen concat no PCA,4352,4352,0.9565346299810247,0.8275699835332863,0.901351569098122,0.9567927605282451,0.8028098519816587,0.8027086189179417,0.9062014113453475,0.9631533397205015,0.045451756566762924,0.06876869873797382,0.9588793922127256,0.8417975886006577,0.9090830436044821,0.9597548060147696,0.8195906043980695,0.8182341143363547,0.9276381365113759,0.9790620780898408,0.04330666735768318,0.07660830626715281,7,64,1024,0.4325349032878876,87.59318950001034,2335.729152,837761,721.761792,0.08498215099728329,False,
5,21,mBERT+Qwen+Char PCA-1024,1024,1024,0.943904174573055,0.7928164695575997,0.8801884967635745,0.9458418606602843,0.7640575305628773,0.7606284498288769,0.9094291970259608,0.960919634623655,0.05803876742720604,0.1077350727114579,0.9422602089268756,0.7941773865944483,0.8802986789373435,0.9451554546523632,0.7686253116272608,0.7611569686799811,0.9250975081256771,0.9750396803900325,0.05906546115875244,0.11659243966701306,5,256,1024,0.42774105072021484,14.857948300021235,1183.186432,198785,169.826304,0.024874078821619055,False,
5,21,mBERT+Qwen+Char PCA-1536,1536,1536,0.9358989563567363,0.7726603575184017,0.8676748789973536,0.9390709900137957,0.7430163731738715,0.7359572590468104,0.9103852046512781,0.9602848484033976,0.06051687151193619,0.10114195901503789,0.9346628679962014,0.7777777777777778,0.8697394789579158,0.9389945872540693,0.7539241836286378,0.7406262799270209,0.9310075839653305,0.9791526273022751,0.06096179783344269,0.11243847412493253,5,256,1024,0.4367579519748688,21.554616400011582,1758.198784,297089,254.739456,0.03455633903187607,False,
5,21,mBERT+Qwen+Char PCA-2048,2048,2048,0.9474620493358634,0.8051033875934888,0.887371103021609,0.9491889688841054,0.7781066603134745,0.7749547906488939,0.9155544689156667,0.9627252652733783,0.05594080686569214,0.10199573427921187,0.9477207977207978,0.8127869409964292,0.8912026539745799,0.950256462513681,0.7900345234750649,0.7828777745586635,0.9354821235102925,0.9801669201600132,0.05599941313266754,0.11231705333890725,5,256,1024,0.4115146994590759,27.34491740001249,2331.900928,395393,339.652608,0.04214288224123422,False,
5,21,mBERT+Qwen+Char PCA-768,768,768,0.9349501897533207,0.7690040008422826,0.8655745011975656,0.9381398107624462,0.7386369834284642,0.7317537282268767,0.9075918739093398,0.9609145302304136,0.06538886576890945,0.1260466293711922,0.9314339981006647,0.7670967741935484,0.863448164379625,0.9360090878530901,0.7413770353358032,0.7281171548117156,0.9242091007583966,0.975887626052171,0.06689091771841049,0.13581931191122432,5,256,1024,0.42662864923477173,11.66082180000376,896.07424,149633,127.369728,0.02152876068351716,False,
5,21,mBERT+Qwen+Char concat no PCA,5376,5376,0.953806925996205,0.8206309002993323,0.8970603880431491,0.9544912744692431,0.7947904664799491,0.7941575528328262,0.9093519203890401,0.9633373240211971,0.04815825819969177,0.07909833987118,0.9564577397910731,0.8349829044448444,0.9049514527694232,0.9576438163225012,0.8122466996463686,0.8100220729096597,0.9289003250270856,0.9790478164847071,0.0455627366900444,0.08621563927428785,6,64,1024,0.4277586340904236,92.25352030000067,2879.067648,1034369,891.588096,0.10561822887026048,False,
5,21,mBERT+Qwen2.5+Llama-2 PCA-1024,1024,1024,0.9389231499051234,0.7784946236559139,0.8715363275786964,0.9414500178128934,0.7483552159344011,0.7434706253757131,0.9065852100270442,0.9611361836609793,0.06023714691400528,0.10977973256039696,0.9389363722697056,0.7871565706719629,0.8757557896322284,0.9424786582319344,0.762409112575347,0.7523171375445238,0.9284886240520043,0.9765945807983998,0.06080210581421852,0.12040570313385127,5,256,1024,0.430360347032547,14.782930299988948,1183.186432,198785,169.826304,0.0263973409300586,False,
5,21,mBERT+Qwen2.5+Llama-2 PCA-1536,1536,1536,0.9518500948766604,0.818100358422939,0.895176477735253,0.953093258091375,0.7924258517110897,0.7904716205100082,0.9172411155128067,0.963868487828025,0.04895385727286339,0.07678752584681992,0.9531813865147198,0.8280432507847925,0.9004724581302624,0.9550179105756162,0.8059004674818828,0.8012166043596649,0.9359534127843987,0.9806807963163597,0.047590550035238266,0.0870688556833679,6,256,1024,0.42708835005760193,25.78639049999765,1758.198784,297089,254.739456,0.03412147198519815,False,
5,21,mBERT+Qwen2.5+Llama-2 PCA-2048,2048,2048,0.9547556925996205,0.8274926520461225,0.9007280697528002,0.9557588580105694,0.802988625575715,0.8015378434457802,0.9197188784497945,0.9649167137476946,0.04835670813918114,0.07837288714463748,0.95332383665717,0.8296655692254375,0.9013110921314951,0.9552663624681557,0.8082416608961323,0.802928488160562,0.9393391115926327,0.9812482394366198,0.0479060523211956,0.08968305229846167,6,256,1024,0.4214727282524109,32.64041469999938,2331.900928,395393,339.652608,0.04281200379846752,False,
5,21,mBERT+Qwen2.5+Llama-2 concat no PCA,8448,8448,0.9527988614800759,0.8203971119133574,0.8966130835372358,0.9538835290079299,0.7948627072137519,0.7933178561011565,0.916145286280218,0.9640832923258871,0.051750313490629196,0.08822311231090228,0.9530389363722697,0.8271885374803425,0.9000079841562769,0.9548473205418573,0.804779394962671,0.8002782327731282,0.9347156013001083,0.9778716247187266,0.05059710517525673,0.09722918161497948,6,64,1024,0.41833460330963135,141.6287517999881,4511.377408,1624193,1401.067008,0.15790683285836024,False,
5,42,DistilBERT,768,768,0.9321631878557874,0.7522737115634474,0.8564872508349699,0.9347957167771388,0.7174601568738074,0.7133614541692499,0.8877829513782637,0.9473997607008758,0.0563162229955196,0.082084881986069,0.93988603988604,0.7789032483409012,0.8720586473061323,0.9422127131935286,0.7486884564717552,0.7444565721206322,0.9045774647887324,0.9606039565797148,0.0506510660052299,0.0827261380108333,14,256,1024,0.5051866173744202,92.46275470001274,896.07424,149633,254.739456,0.0473475546053374,True,
5,42,DistilBERT+mBERT PCA-1024,1536,1024,0.9396940227703984,0.7774130006565988,0.871267630682564,0.9417921724098548,0.746208789696521,0.7428096357790681,0.9000658014440135,0.9545279974030916,0.0535837300121784,0.0847417747153877,0.9422127255460588,0.7906416652330982,0.8785609791447668,0.944771820485653,0.7632663779652097,0.7575536224184873,0.917139761646804,0.9727843674472872,0.0510623604059219,0.0903121997238776,7,256,1024,0.4660271108150482,57.36895969999023,1183.186432,198785,169.826304,0.0587795204183919,True,
5,42,DistilBERT+mBERT PCA-128,1536,128,0.92759724857685,0.7348534201954398,0.8464638972006969,0.9303305933944008,0.6970785632591598,0.6933178467187378,0.8759647949352014,0.9394913271835948,0.0583120062947273,0.0799129908883226,0.9338556505223172,0.7617581665811527,0.8616774732776191,0.9369253462218716,0.7299266788299484,0.7238998989397236,0.9006419284940412,0.9587447078923244,0.0544788911938667,0.0870967728578452,17,256,1024,0.5687623023986816,35.68563970000832,178.5088,26753,21.228288,0.0240327540357444,True,
5,42,DistilBERT+mBERT PCA-256,1536,256,0.9275379506641366,0.7375429553264605,0.8477546917523882,0.930570341894072,0.70067676943219,0.6959929228003656,0.8810482537030757,0.9416457365006244,0.0615931004285812,0.0950147717894254,0.9336182336182336,0.7617586912065439,0.8615976508002265,0.936785015432506,0.7301626347651542,0.7237747226477504,0.9018282773564464,0.96006364072006,0.058596096932888,0.1010695433078717,9,256,1024,0.5409003496170044,26.46914370000013,322.021888,51329,42.456576,0.0217092830002536,True,
5,42,DistilBERT+mBERT RP-256,1536,256,0.9192362428842504,0.7182457592056268,0.8355539725632897,0.9237020797542468,0.6802512316429408,0.6720756199630855,0.8801974353460753,0.9415822869542564,0.0652942284941673,0.0997250255132562,0.9228395061728396,0.7353851164305488,0.8451099405772078,0.927742215551852,0.7027646250994287,0.6914564194645583,0.8994799566630554,0.9607847320610052,0.0615316517651081,0.1045769095723318,15,256,1024,0.541388213634491,44.25360309999087,322.021888,51329,42.456576,0.02279666191822,True,
5,42,DistilBERT+mBERT raw concat,1536,1536,0.9188804554079696,0.7174721189591078,0.8350567684735302,0.9234125961921472,0.6794548073314554,0.6711070397553294,0.8801989860478194,0.9404787203660896,0.0686212703585624,0.1167656952644251,0.9256885090218424,0.7411083540115798,0.8488632553148683,0.930012008148209,0.7081457917805216,0.6987129971835673,0.8981310942578549,0.956355019168264,0.0638229474425315,0.1185416928155512,10,256,1024,0.5229709148406982,120.0585075999843,1758.198784,297089,254.739456,0.0781526068369336,True,
5,42,DistilBERT+mBERT standardized concat,1536,1536,0.9325189753320684,0.7549526270456502,0.8579122920677296,0.9352785678717968,0.7208463026615979,0.7162537850113551,0.89126117539057,0.9486644225858676,0.0576935745775699,0.091328021510574,0.933903133903134,0.7652613827993254,0.8633988594018733,0.9373048603000884,0.7350199000483065,0.7274744398520774,0.9076083423618636,0.966597206017168,0.0557825453579425,0.0982353871123969,11,256,1024,0.5033689737319946,132.2361801000079,1758.198784,297089,254.739456,0.0827116144342672,True,
5,42,Llama-2 PCA-1024,4096,1024,0.94740275142315,0.7983632643782678,0.8840600801416723,0.9484546513794488,0.7693236378082665,0.7681971456624582,0.9003733572899523,0.9587720742393292,0.0453671663999557,0.0731809095429182,0.9479582146248812,0.8077867414942126,0.8888458667655588,0.9498903932044735,0.7820158768273684,0.7779611927307652,0.9212432286023836,0.9734430160846737,0.0448134131729602,0.0822833420067551,8,256,1024,0.4559124708175659,65.10607929999969,1183.100416,198785,169.826304,0.0581102754036011,True,0.7030844082610437
5,42,Llama-2 raw,4096,4096,0.959084440227704,0.8351648351648352,0.9059041290440656,0.9590592720728608,0.8118093998734458,0.8118083128734024,0.9054056429002671,0.9611833992984626,0.0392784662544727,0.0663567488161278,0.96011396011396,0.8443291326908822,0.9107279036725296,0.9607319163871038,0.8222039474346681,0.8214904133740516,0.9240465872156012,0.974769116176348,0.0380264446139335,0.0745407865420762,8,256,1024,0.431805282831192,205.08023580000008,4628.806656,788609,679.305216,0.2076280816713936,True,
5,42,Llama-2+Qwen PCA-1024,7680,1024,0.9517907969639468,0.8173444169849472,0.894787589166723,0.9529801815461978,0.7914619425381585,0.7896834435187603,0.9157744101130564,0.9627463289720708,0.0517827942967414,0.0891128851567347,0.951994301994302,0.8234061135371179,0.8978137862643688,0.9538491941206936,0.8004059154515931,0.7958975637111346,0.932467497291441,0.9795666409700808,0.0511957108974456,0.0987411985524062,6,256,1024,0.4174824655056,43.01636320000034,1183.100416,198785,169.826304,0.0555311585945105,True,0.6821840736908814
5,42,Llama-2+Qwen PCA-1536,7680,1536,0.9437262808349146,0.7957822250914569,0.8815746172395148,0.946041006785304,0.7684672578098826,0.7635115198308293,0.9173106386410064,0.9633594376741956,0.0576861649751663,0.1051733360284068,0.9411680911680912,0.7946975973487986,0.880181000420277,0.9445573903876868,0.771185334692711,0.7611267806776394,0.9330660888407368,0.9788211205100424,0.0584802292287349,0.1157607690462133,5,256,1024,0.4153062999248504,52.47266310000123,1758.06976,297089,254.739456,0.0752128252611997,True,0.7592934173597495
5,42,Llama-2+Qwen PCA-2048,7680,2048,0.947046963946869,0.8046379348063881,0.8870053205945374,0.9488980810729192,0.777832202326872,0.7742539425488274,0.9171597036712348,0.961956634108822,0.0591819137334823,0.1100163963264158,0.9452041785375118,0.8060504201680673,0.8870727633049349,0.9480895896178848,0.7831729911760396,0.7747343053379925,0.935368364030336,0.9793332881906828,0.0590138435363769,0.119915284692767,5,256,1024,0.4220297336578369,76.75029759999961,2331.900928,395393,339.652608,0.0944944444443359,True,0.8106021971537573
5,42,Llama-2+Qwen concat no PCA,7680,7680,0.9504862428842504,0.8136576656996206,0.8925538644769857,0.9518382946778142,0.7874227523004543,0.7852445911572766,0.915848326896198,0.9659433752212334,0.0493866316974163,0.0823342418013161,0.951329534662868,0.8228788664247452,0.8973337992157304,0.9534047979842502,0.8005393131255205,0.795003543148637,0.9360536294691224,0.9810026668889076,0.0478609018027782,0.0923827880496868,7,64,1024,0.4149690568447113,359.1638955000017,4104.321536,1476737,1273.69728,0.3872346581195796,True,
5,42,Qwen2.5 raw,3584,3584,0.9499525616698292,0.8130261408949934,0.8920679413997799,0.9514617801092587,0.78697462185908,0.7843054720384847,0.9179999255663164,0.964539812458131,0.052827913314104,0.1043675189192337,0.9486229819563152,0.8126731301939059,0.89145102690633,0.950777591097168,0.7885116021642966,0.783244628229987,0.9288921993499458,0.975628250270856,0.0525379367172718,0.1092755538782021,11,256,1024,0.4067181348800659,288.6819230999972,4053.663232,690305,594.392064,0.1977681861345166,True,
5,42,Qwen2.5+PCA-1024,3584,1024,0.946928368121442,0.8064864864864865,0.8878668215685017,0.9490178892961642,0.780641283631117,0.7760455937962353,0.922413998081265,0.969586345140721,0.049716655164957,0.0766619233805195,0.9469135802469136,0.8134801468134801,0.8912664532993382,0.9498462643565893,0.792618994788076,0.7831642059793982,0.94295232936078,0.9856030085840486,0.0490898638963699,0.0872529751680444,9,256,1024,0.3914504945278168,73.82514030000311,1183.186432,198785,169.826304,0.0589803703704624,True,
5,42,mBERT,768,768,0.9197106261859582,0.7074330164217805,0.8304519033998936,0.92289114295081,0.6653488658995428,0.6613817727631659,0.8602037208571452,0.921669758162894,0.0658094957470893,0.0989595762457507,0.9230769230769232,0.7229822161422709,0.8391598332586079,0.926651618988195,0.684623786175299,0.6789551975886163,0.8758234019501625,0.9394671118426536,0.0626076161861419,0.1025256461346237,14,256,1024,0.6150787472724915,94.11147799997708,896.07424,149633,254.739456,0.0465124596394766,True,
5,42,mBERT PCA-256,768,256,0.9388045540796964,0.7616628175519631,0.8632791943396253,0.9396360922673562,0.7270853612017482,0.7265992913933652,0.873561982582518,0.9394295575641164,0.0546373315155506,0.0834550610427573,0.9410731244064576,0.7780361294938294,0.87203156087328,0.9428182437639772,0.7466825047919156,0.7442545623850341,0.8961673889490791,0.9556889115759648,0.0512736812233924,0.0879420170208469,11,256,1024,0.5496441721916199,31.91461390000768,322.021888,51329,42.456576,0.023924605887744,True,
5,42,mBERT PCA-512,768,512,0.937737191650854,0.7588424437299035,0.8615482729986074,0.9387238107413148,0.7238139346324397,0.7231533550801497,0.8735666346877506,0.937677829953148,0.0531438998878002,0.0774828854515756,0.9406457739791072,0.7758249641319943,0.8708098113129323,0.942341609807219,0.7440462583054223,0.7417987636942285,0.8939409534127845,0.9566505854654554,0.0503747500479221,0.0828192681526979,8,256,1024,0.5621673464775085,37.65192299999762,609.091072,100481,84.913152,0.0336484472947358,True,
5,42,mBERT+Qwen PCA-1024,4352,1024,0.9521465844402276,0.8199866161052867,0.8961960777568663,0.95346163148367,0.7947534541358178,0.7925261629665477,0.9198667120160776,0.9659194039567708,0.0493157431483268,0.0846896201064651,0.9515669515669516,0.8247422680412371,0.898321547243759,0.953733103186399,0.8031493544988892,0.7970124318215321,0.9393282773564464,0.9827722414367864,0.0488648153841495,0.094556431466641,6,256,1024,0.3970732390880584,48.992756399995415,1183.186432,198785,169.826304,0.0537006267804032,True,
5,42,mBERT+Qwen PCA-1536,4352,1536,0.9500711574952562,0.8117173524150268,0.8914684656524137,0.951395298369691,0.7851124821448807,0.7830669258387241,0.9139737869377156,0.962393560478402,0.050550241023302,0.0860161854838245,0.952801519468186,0.8269498607242339,0.899812075732691,0.9546836203686894,0.8047473114042324,0.7999075509960635,0.9359019501625137,0.9810785169597468,0.0483854562044143,0.0945722905519185,5,256,1024,0.4188903570175171,60.27286890000687,1758.198784,297089,254.739456,0.0742070037991662,True,
5,42,mBERT+Qwen PCA-2048,4352,2048,0.9501897533206832,0.8140770252324038,0.8926598751632748,0.9517088477868516,0.7882286327448774,0.7854924931094769,0.9189541240395988,0.96263398386133,0.0527183525264263,0.0924217067272323,0.9496201329534664,0.8187254399453272,0.8947350970647859,0.9519769376115388,0.7965804135112969,0.7898922580818662,0.9375568797399784,0.981081538044837,0.0526252873241901,0.1032330476953971,5,256,1024,0.4140987396240234,76.83251639999798,2331.900928,395393,339.652608,0.1048623076925303,True,
5,42,mBERT+Qwen PCA-768,4352,768,0.9469876660341556,0.8039473684210526,0.8866486704968675,0.9487923434039316,0.7769112101795087,0.7735279301035987,0.9158976909017228,0.9637326398939732,0.0518121756613254,0.0861545285863662,0.9478157644824312,0.8122330428839911,0.8909650062904804,0.9502569787324044,0.7889916322576981,0.7823671928670792,0.9333884073672806,0.9802546358029836,0.0514415241777896,0.0952923833652588,6,256,1024,0.4126200675964355,39.01359310001135,896.07424,149633,127.369728,0.0462529154798212,True,
5,42,mBERT+Qwen RP-1024,4352,1024,0.9490037950664136,0.8083778966131907,0.8894830659536541,0.9504273677730536,0.7813750368540786,0.7791136081847176,0.9131596685219951,0.9666625616145492,0.0505119264125824,0.086867948999563,0.9505223171889838,0.8195358503636994,0.8954334729725282,0.952590941850782,0.7964811663336735,0.791194763170004,0.9331148429035754,0.9809266293024418,0.0487641096115112,0.09419974942903,8,256,1024,0.4033173024654388,65.25379919999978,1183.186432,198785,169.826304,0.0581659781573546,True,
5,42,mBERT+Qwen concat no PCA,4352,4352,0.947165559772296,0.8002689979825152,0.8849125766896893,0.9485157212210762,0.7718164236861752,0.7699526537235221,0.9061740156145328,0.9626855608474688,0.054452933371067,0.0873400261665409,0.947340930674264,0.8082973206568712,0.88888789247375,0.9495795576691772,0.7835213613289619,0.778137001864727,0.9266738894907908,0.9760542024335362,0.0547392442822456,0.0962089436457749,6,256,1024,0.4292160272598266,541.6542522000091,4915.29216,837761,721.761792,0.2056992402653907,True,
5,42,mBERT+Qwen+Char PCA-1024,5376,1024,0.9497153700189752,0.8119733924611974,0.8914750937937447,0.9512145126318636,0.7857196167816228,0.7831166259652829,0.917045727093034,0.965480668435156,0.0511777326464653,0.0858419282720609,0.9529914529914528,0.8286604361370716,0.9007096138090014,0.954968871068109,0.8071605567553061,0.8017346671347829,0.9391495124593716,0.9821194787065588,0.0489926226437091,0.0942397751575663,6,256,1024,0.4040463268756866,49.63558390000253,1183.186432,198785,169.826304,0.0581324026601611,True,
5,42,mBERT+Qwen+Char PCA-1536,5376,1536,0.9491223908918406,0.8090787716955942,0.8898646919981699,0.9505691026999156,0.7822334993445734,0.7798821925810535,0.9140461530191129,0.9609229298648616,0.0519996397197246,0.090364686309526,0.95014245014245,0.8184019370460048,0.8947532829046414,0.9522524446006516,0.7952591999197102,0.7898453677026552,0.9328981581798484,0.9793519459954996,0.0509438477456569,0.100151829345104,5,256,1024,0.4252442717552185,60.81050989998039,1758.198784,297089,254.739456,0.0814210351369479,True,
5,42,mBERT+Qwen+Char PCA-2048,5376,2048,0.9501897533206832,0.8134162594402488,0.8923373639636062,0.9516405089185388,0.7873180309615545,0.7848318822884385,0.9173165829976926,0.96315119135246,0.0524970144033432,0.0918497679691251,0.9512820512820512,0.8224913494809688,0.8971289989011888,0.9533375990818485,0.7999988575669984,0.7945869790894261,0.9353656554712892,0.979316630552546,0.0527240112423896,0.1021315907506698,5,256,1024,0.414713591337204,76.76901210000506,2331.900928,395393,339.652608,0.1009087986710807,True,
5,42,mBERT+Qwen+Char PCA-768,5376,768,0.9425996204933588,0.7914691943127962,0.8790942891044142,0.944937813843467,0.7633747178266139,0.7585507059799093,0.9142110443045828,0.9642183326027806,0.0543007180094718,0.0904238054118397,0.9465337132003798,0.8086986068637445,0.8888114108447993,0.9491432755712728,0.7853210512774678,0.7781124253733158,0.9331527627302276,0.9798921055921326,0.0524178966879844,0.0973054806961424,6,256,1024,0.4111640155315399,39.49326670001028,896.07424,149633,127.369728,0.0467183000955585,True,
5,42,mBERT+Qwen+Char concat no PCA,5376,5376,0.9544592030360532,0.8271827182718272,0.9004783964259013,0.9555544657788678,0.8027661427302306,0.8010538733779001,0.921187134551289,0.9685395730039368,0.0458614155650138,0.0718745245038049,0.9566951566951568,0.8394366197183099,0.9072045886736444,0.9582397257881556,0.8185210390545038,0.8146155390483838,0.9396099674972916,0.9823436953079424,0.0433481521904468,0.0790975964689186,9,64,1024,0.4059073030948639,400.6493269000202,2879.133184,1034369,891.588096,0.2848761443494587,True,
5,42,mBERT+Qwen2.5+Llama-2 PCA-1024,8448,1024,0.9439634724857684,0.7969052224371374,0.8822015364120339,0.9462951613343472,0.769858067199656,0.7647725920146007,0.9184695297445272,0.9668234792267992,0.0546861626207828,0.0960531556904598,0.944539411206078,0.8051384718051384,0.8864035934290044,0.947603252923521,0.7828044350866864,0.7734667196636289,0.937467497291441,0.981622322693558,0.0545363202691078,0.1063086622057647,6,256,1024,0.3927455842494964,49.45211299999937,1183.186432,198785,169.826304,0.0582521272554176,True,0.6783425018281947
5,42,mBERT+Qwen2.5+Llama-2 PCA-1536,8448,1536,0.9478178368121444,0.8065083553210203,0.8881753565501607,0.9495418318570668,0.7797560626786573,0.7765640899139712,0.9165763813651138,0.9619678282370382,0.0552726164460182,0.1000683192133663,0.9469610636277302,0.8097428036109692,0.8894640802241995,0.9495010910070028,0.7863301603562022,0.7793948762712402,0.9329008667388948,0.9787201537628136,0.0551724769175052,0.109662746827685,5,256,1024,0.4230411052703857,53.78751409999677,1758.854144,297089,254.739456,0.0855901139600495,True,0.7535934750761661
5,42,mBERT+Qwen2.5+Llama-2 PCA-2048,8448,2048,0.9466318785578748,0.80426272292301,0.8866833697004339,0.9486161517191434,0.7777104008894956,0.7736453079721903,0.918969631057041,0.9648579486128456,0.0583833418786525,0.1073197174841181,0.943874643874644,0.8021426180113826,0.8847209521197288,0.9469095741025574,0.778958859191535,0.7700797763763947,0.934279523293608,0.9792813046920577,0.0589974634349346,0.1178084165763538,5,256,1024,0.4095184803009033,68.86558030000015,2332.163072,395393,339.652608,0.1084268376069947,True,0.8038261665639597
5,42,mBERT+Qwen2.5+Llama-2 concat no PCA,8448,8448,0.95594165085389,0.8286043829296424,0.9016631277421662,0.9565611598973072,0.803933775783535,0.8033578139406881,0.91343646878334,0.96491587378425,0.0478364638984203,0.0804285232511842,0.956315289648623,0.8362989323843416,0.9055467264661434,0.9576962997870064,0.8142842422552599,0.8112557621194468,0.9337757313109426,0.978637980248354,0.0465202219784259,0.0887442718563355,6,64,1024,0.4182482957839966,352.66637859999537,4511.377408,1624193,1401.067008,0.3978665527065355,True,
5,87,DistilBERT,768,768,0.9248102466793169,0.7355027117229871,0.8458394183485329,0.9287489739912582,0.6999826939626665,0.6924822825586746,0.8889066932422485,0.9482775063475393,0.06370179355144501,0.11537477303156278,0.9263057929724596,0.743046357615894,0.8500154182757962,0.9305723651925129,0.710362543646183,0.7009989534773094,0.8991440953412784,0.9580734123676973,0.06123201176524162,0.1176321826313586,13,256,1024,0.48439791798591614,30.486011700006202,896.07424,149633,254.739456,0.020629724596615117,False,
5,87,DistilBERT+mBERT PCA-1024,1024,1024,0.9402277039848197,0.7768924302788844,0.8711918501959297,0.9420506173442219,0.7451776907300149,0.7425909917313723,0.8960719691017509,0.9512868207667909,0.055251967161893845,0.08858809487512458,0.9412630579297246,0.7851311446934167,0.8755565246883743,0.9436546503635894,0.7562312056946305,0.7514813593037302,0.9103196099674973,0.9684506521376781,0.05321233719587326,0.09345958709410779,7,256,1024,0.4835323393344879,20.44041389998165,1183.186432,198785,169.826304,0.02493681861365175,False,
5,87,DistilBERT+mBERT PCA-128,128,128,0.9106973434535104,0.6975903614457831,0.8226020542445278,0.9165387342223323,0.6580760855597221,0.6467363049794895,0.8755267216924565,0.9369290025421171,0.06943914294242859,0.10417103482519878,0.9163342830009497,0.7186202491216863,0.8347409907552767,0.9221899443311905,0.6847197296840715,0.6711338258268775,0.8944474539544962,0.9555687765647136,0.06569717079401016,0.10938200889524967,15,256,1024,0.568041980266571,31.244361699995352,178.770944,26753,21.228288,0.00978592592614357,False,
5,87,DistilBERT+mBERT PCA-256,256,256,0.9129506641366224,0.7022312373225152,0.8256277375584032,0.9183507244529225,0.6627749863132957,0.6525882230373226,0.8755851314581559,0.9377829061494628,0.07087737321853638,0.10958442856350903,0.9198955365622032,0.7265359053331172,0.8398054620543365,0.9251072269925387,0.6926918623612729,0.6809616421788942,0.8949918743228602,0.9559297753979498,0.06686418503522873,0.1132686878116722,8,256,1024,0.553929328918457,17.114118299999973,322.021888,51329,42.456576,0.012454971509305928,False,
5,87,DistilBERT+mBERT RP-256,256,256,0.9163306451612904,0.710088350113006,0.8305994226224224,0.9211542323258928,0.6711099294284396,0.6622942466261079,0.8769009018881344,0.9413389236992714,0.06778240948915482,0.10513043788259943,0.9223646723646723,0.7342759629449049,0.8444088130680818,0.9273483668645485,0.7016316759834985,0.6900894618482541,0.8993743228602383,0.9577654492041003,0.06465104222297668,0.10960023100969911,12,256,1024,0.5442482829093933,25.09226010000566,322.021888,51329,42.456576,0.011245716998445583,False,
5,87,DistilBERT+mBERT raw concat,1536,1536,0.9192362428842504,0.7207872078720787,0.8367887512497308,0.923954996368422,0.683909584575228,0.674665407222345,0.8847006732113172,0.9438620931217073,0.06634467840194702,0.11606869976152445,0.925735992402659,0.7436905932481154,0.850133930085105,0.9302949615302453,0.7120125951990891,0.7013733375449647,0.9029496208017335,0.9582214663721976,0.06191917881369591,0.11742345494238511,14,256,1024,0.503017783164978,59.75187029998051,1758.198784,297089,254.739456,0.033571533713395135,False,
5,87,DistilBERT+mBERT standardized concat,1536,1536,0.912535578747628,0.7070506454816285,0.8278221895724457,0.918572723652073,0.6703105900293234,0.6573299841829348,0.8853780714232548,0.9423978914591484,0.07466159015893936,0.13074133872448607,0.9140075973409306,0.7187451467619196,0.8339949214093223,0.9207879615758847,0.687934490194689,0.670193511833967,0.903694474539545,0.9627056004667055,0.0725906565785408,0.13587371392302916,9,256,1024,0.5185378789901733,38.391038800007664,1758.198784,297089,254.739456,0.034214430198713286,False,
5,87,Llama-2 PCA-1024,1024,1024,0.9535104364326376,0.8171641791044776,0.8952668721609345,0.9539550437934903,0.7908091638532667,0.7905490351937318,0.9030418565414802,0.9594991756727979,0.040174152702093124,0.060659214390788155,0.9527540360873694,0.8204943171567743,0.8966457150483,0.9539942986456218,0.795430973907402,0.7934113087410893,0.9191874322860238,0.9757273626968914,0.039418041706085205,0.0696484925626916,9,256,1024,0.44945359230041504,26.18120789999375,1183.186432,198785,169.826304,0.023993395061569566,False,
5,87,Llama-2 raw,4096,4096,0.9553486717267552,0.824024304744099,0.8992273379471115,0.9557366380389387,0.7986833246951651,0.7984667811036739,0.9063430421046537,0.9623505123518562,0.040522683411836624,0.062314108709947864,0.9555080721747389,0.8307747877912227,0.902580899075613,0.9566571063391661,0.8072532123416055,0.8052709765315311,0.9250541711809317,0.97506033836153,0.04039863497018814,0.07144197834247028,8,256,1024,0.43325433135032654,85.03466360000311,4628.806656,788609,679.305216,0.07881175213590033,False,
5,87,Llama-2+Qwen PCA-1024,1024,1024,0.9398719165085389,0.7823100042936882,0.8737143416721279,0.9423976767800257,0.7529058945273804,0.7478330873220508,0.9095832333992209,0.9613023510447595,0.06371736526489258,0.11904992393195449,0.9388414055080722,0.786472148541114,0.875390807145751,0.9423542414035638,0.7614400026168836,0.7515716081837924,0.9274431202600216,0.9756702746062172,0.06512811779975891,0.12924503760672362,5,256,1024,0.4289817810058594,15.121088000014424,1183.186432,198785,169.826304,0.026954928774716985,False,
5,87,Llama-2+Qwen PCA-1536,1536,1536,0.948173624288425,0.8062084257206208,0.888147679216666,0.9497187311795388,0.7790477877558538,0.7764668998745957,0.9135044412097955,0.961875319186109,0.059223201125860214,0.11075345891818537,0.9446343779677113,0.8025067750677507,0.8851555302332348,0.9473971853578584,0.7783281237034153,0.7708422299002291,0.9302518959913326,0.9772121322610217,0.06070369854569435,0.12191575101779284,5,256,1024,0.4205884337425232,21.5692154999997,1758.198784,297089,254.739456,0.036862872743599666,False,
5,87,Llama-2+Qwen PCA-2048,2048,2048,0.8946869070208728,0.672082717872969,0.8046765666222715,0.9043106541075158,0.6361617469493113,0.6131329898748075,0.8833748232200012,0.9593332667393084,0.06055833399295807,0.10747164961452504,0.8905982905982905,0.6743923120407009,0.8043231963125546,0.9021723807641973,0.6468821131969801,0.6141230181376076,0.902237269772481,0.9752936182181849,0.06052779406309128,0.11785688292684433,5,256,1024,0.4353466331958771,27.12232940000831,2331.900928,395393,339.652608,0.04185793922125324,False,
5,87,Llama-2+Qwen concat no PCA,7680,7680,0.9487073055028463,0.8101821373710775,0.8902647000317387,0.9504405915186872,0.784112054206472,0.7807491337797983,0.9195405477492081,0.9675578818809806,0.05397845059633255,0.09761181673261672,0.9472459639126306,0.811214953271028,0.8902769950569298,0.9498175450438434,0.7882523115724814,0.7810358042264316,0.9347156013001083,0.9801275418784898,0.05391543731093407,0.10690699328596777,6,64,1024,0.39738109707832336,128.06528330000583,4104.616448,1476737,1273.69728,0.1422633808166437,False,
5,87,Qwen2.5 raw,3584,3584,0.9472841555977229,0.8028387669106232,0.8862066793928864,0.9488512587913234,0.7751395859047331,0.7725868144883358,0.9113590453466542,0.9674551478904252,0.04384750872850418,0.07741060355047305,0.9525166191832859,0.824438202247191,0.8984918882968878,0.9542607135935731,0.8012873131545917,0.7972242249459265,0.9312784398699891,0.9757588653221102,0.04166124761104584,0.08311085376272939,13,256,1024,0.4000265598297119,118.49158970001736,4053.663232,690305,594.392064,0.07153522792016444,False,
5,87,Qwen2.5+PCA-1024,1024,1024,0.952561669829222,0.8204667863554758,0.896568457402936,0.9537530147744621,0.7951001870179545,0.7932473891107676,0.9180567846302714,0.9640724051073912,0.05334495007991791,0.0970480108812126,0.9520892687559355,0.8250996706534928,0.8986712625226969,0.9540770292390113,0.8028991159075917,0.7976549173204855,0.9363217768147345,0.9793003479456621,0.05291854217648506,0.10570677699554794,6,256,1024,0.4105014503002167,17.675390299991705,1183.186432,198785,169.826304,0.025369933524055376,False,
5,87,mBERT,768,768,0.9102229601518027,0.6902618657937807,0.8188826666000804,0.9155313138852694,0.6479910175758532,0.6390058202245564,0.8650212342758843,0.9264011591753988,0.073128342628479,0.12144053125077157,0.9126780626780627,0.7023790257323191,0.8256059175293575,0.9184064162900901,0.6641601730898509,0.6527106516615025,0.8791440953412785,0.9438618530710892,0.07047788053750992,0.12456720889884723,13,256,1024,0.584516167640686,29.914487000001827,896.07424,149633,254.739456,0.02208012345653595,False,
5,87,mBERT PCA-256,256,256,0.925581119544592,0.7216677755599912,0.839358135700869,0.9277933968313958,0.6812045532254999,0.6789611385633986,0.8615086363749143,0.9310519236972039,0.06436257064342499,0.10825726272983643,0.9293447293447293,0.7431826026924404,0.8511101033062488,0.9323888383364008,0.7077197324299712,0.7027185682503194,0.8858423618634885,0.9479906867238936,0.0616055466234684,0.11255159519067971,8,256,1024,0.5761832594871521,16.69198950001737,322.021888,51329,42.456576,0.012587659068804513,False,
5,87,mBERT PCA-512,512,512,0.9286053130929791,0.7382608695652174,0.8484630357164181,0.9312714945321211,0.7009997427365675,0.6973021349352344,0.8777685195140308,0.9412200365655472,0.05756642296910286,0.08915010240570462,0.9313390313390313,0.7538304392236976,0.8569681909742061,0.9346398311813792,0.7209556329263319,0.7145454456830622,0.8970585048754063,0.9578000666722226,0.055311646312475204,0.09405079724413942,8,256,1024,0.5366227626800537,17.35594839998521,609.091072,100481,84.913152,0.015591329535708656,False,
5,87,mBERT+Qwen PCA-1024,1024,1024,0.9554672675521821,0.8286561715719827,0.9015320387592406,0.9562926524331574,0.804128611379732,0.8031199197709333,0.9172594654834467,0.9622380864753995,0.04759696498513222,0.07856274374444355,0.9566001899335232,0.8383445348425893,0.9066400456256494,0.9580724673264723,0.8169809559785346,0.8134665678997415,0.9372426868905742,0.9813776668889076,0.04590607434511185,0.08740585558673639,6,256,1024,0.4210355877876282,17.708577000012156,1183.186432,198785,169.826304,0.025220332384042723,False,
5,87,mBERT+Qwen PCA-1536,1536,1536,0.9507827324478179,0.8133153396311291,0.8924851406167393,0.9519751618507084,0.7867804054649569,0.7850767888238555,0.9129472223830357,0.9616550872321421,0.054182250052690506,0.09625922745726367,0.9506172839506173,0.8186889818688982,0.8950524944524789,0.9525608187438176,0.7950462586531493,0.790393534645779,0.9301950162513544,0.9773225372947746,0.054039135575294495,0.1050386288266979,5,256,1024,0.4190542995929718,21.496268599992618,1758.198784,297089,254.739456,0.03385698480527372,False,
5,87,mBERT+Qwen PCA-2048,2048,2048,0.8996679316888045,0.6851507257164123,0.8127383028314021,0.9086105619159107,0.6511432405685756,0.628879417983252,0.8905173554539214,0.9597555422080339,0.05391663685441017,0.09093050645592321,0.8961538461538462,0.6858210027294929,0.8118089341984448,0.9066887344404951,0.6585089434986594,0.6283273292616146,0.9055715059588298,0.9775322214351194,0.05388973653316498,0.10081286044262441,5,256,1024,0.429389089345932,27.33153840000159,2331.900928,395393,339.652608,0.04248071699832183,False,
5,87,mBERT+Qwen PCA-768,768,768,0.9559416508538899,0.8300160146419584,0.9023534445250532,0.9567094639438493,0.8056473863555172,0.8047556410097871,0.9171209361276289,0.9653762060582817,0.04285486787557602,0.0654352161148828,0.9555080721747389,0.8339535707956761,0.9041330756629367,0.956984307723466,0.8117845941675814,0.808448777582321,0.9338109425785482,0.9802811588465705,0.042703159153461456,0.07527498408448012,7,256,1024,0.41351979970932007,16.045329299988225,896.07424,149633,127.369728,0.02181467711330716,False,
5,87,mBERT+Qwen RP-1024,1024,1024,0.9415915559772297,0.7896647448216955,0.8778759255180951,0.9441598487738339,0.7618315007295364,0.7561839961973543,0.9160917870700421,0.9661279248819399,0.05273811146616936,0.08661205773604098,0.9453941120607787,0.8073056300268097,0.8877477475205967,0.9483276137813499,0.784931355776677,0.7761075645117871,0.9372941495124594,0.9810197828985749,0.05107090249657631,0.0949448710256181,9,256,1024,0.41079434752464294,26.222939800005406,1183.186432,198785,169.826304,0.026238418803278336,False,
5,87,mBERT+Qwen concat no PCA,4352,4352,0.9402277039848197,0.7840616966580977,0.8746874209374452,0.9427856881378659,0.7550818387217602,0.7497927562662969,0.9114239163696212,0.9645551417909984,0.062413290143013,0.11926913547106054,0.9404083570750238,0.791632077038021,0.8784323224207198,0.9438004084496657,0.7673753573144211,0.757619759515311,0.9303196099674973,0.9788285377948163,0.06209078058600426,0.1266317979371616,6,64,1024,0.414307564496994,75.22436339998967,2335.729152,837761,721.761792,0.08523236942179686,False,
5,87,mBERT+Qwen+Char PCA-1024,1024,1024,0.9487666034155597,0.8062780269058296,0.8883788658514388,0.9500713368618016,0.7787477587441911,0.7768804980164019,0.9097491584858535,0.9595270883041939,0.05631833150982857,0.09937998530785402,0.9476258309591643,0.8096635030198447,0.8896493702298123,0.9498856405978124,0.7852353127655682,0.7796692930862279,0.9281581798483207,0.9744228060671722,0.05742869898676872,0.1097957915354941,5,256,1024,0.4367237985134125,14.86954810001771,1183.186432,198785,169.826304,0.024290308641795606,False,
5,87,mBERT+Qwen+Char PCA-1536,1536,1536,0.9529174573055028,0.8202806699864192,0.896595469759501,0.9539401769893687,0.7946493547455498,0.793272480070194,0.9149848444749531,0.9584502713211152,0.054694145917892456,0.09752622357182172,0.9493827160493827,0.814026517794836,0.8923655728470717,0.9513616513431998,0.7895802316934126,0.7850228556063458,0.9270124593716143,0.9765617030585882,0.05518294498324394,0.10749509935740452,5,256,1024,0.4339243769645691,21.653421099996194,1758.198784,297089,254.739456,0.03297895536569397,False,
5,87,mBERT+Qwen+Char PCA-2048,2048,2048,0.8991342504743833,0.6848249027237354,0.812392332057925,0.908249451633521,0.6512968301558402,0.6283143460370479,0.8916454909728482,0.9611370559307104,0.054820504039525986,0.09478051071823973,0.8967236467236467,0.6882614304142182,0.813185719048557,0.9072645043163922,0.6618970247448567,0.6311220547867763,0.9082096424702059,0.9790770585048754,0.05442673712968826,0.10455795285068205,5,256,1024,0.4221709668636322,27.352364999998827,2331.900928,395393,339.652608,0.04237907407465917,False,
5,87,mBERT+Qwen+Char PCA-768,768,768,0.9572462049335864,0.8333718511670903,0.9044244378790454,0.9578149963950494,0.8093946924737773,0.8088762557417553,0.9156141709328195,0.9626655955625119,0.04275810346007347,0.06334893540375418,0.9593542260208927,0.8452079566003616,0.9109067932769503,0.9603836949716654,0.8238534277348994,0.8219094341561144,0.9333613217768147,0.9795975081256773,0.04104841500520706,0.07207301896187526,7,256,1024,0.4374726116657257,16.01366210001288,896.07424,149633,127.369728,0.020464221271509368,False,
5,87,mBERT+Qwen+Char concat no PCA,5376,5376,0.9555265654648957,0.8293903548680619,0.9019105054034842,0.9564038253504048,0.8050304897861033,0.803884306378114,0.9187261708831971,0.9675580111061259,0.04654543846845627,0.07230501166887031,0.9570750237416904,0.8401131941987973,0.9076614893277757,0.9585311930668828,0.8190306201498244,0.8155074150780813,0.938339653304442,0.9810959142428535,0.04536234214901924,0.08056484814578488,7,64,1024,0.4072822034358978,107.43731539999135,2879.067648,1034369,891.588096,0.10520970085371553,False,
5,87,mBERT+Qwen2.5+Llama-2 PCA-1024,1024,1024,0.9372035104364327,0.7759678442987096,0.8697259310455998,0.9401779279180258,0.7464623296508464,0.7399947262200042,0.9105159804983749,0.9610463075723868,0.0642920508980751,0.11659882666695107,0.9367521367521368,0.7816393442622951,0.8723299442022192,0.9406278034162361,0.7568632273884087,0.7455977363829285,0.9282340195016252,0.975310140428369,0.06482400745153427,0.12530211478238262,5,256,1024,0.4320871829986572,14.847031000012066,1183.186432,198785,169.826304,0.02650716524310932,False,
5,87,mBERT+Qwen2.5+Llama-2 PCA-1536,1536,1536,0.9497153700189753,0.8102908277404922,0.8906536509336134,0.951040136672657,0.7834501507104308,0.7814364580358156,0.9129518744882684,0.9625486791122544,0.05815935879945755,0.10873822081547789,0.9474358974358974,0.8099570815450644,0.8897285063325266,0.9498032830243193,0.7859577684062055,0.7798637451666359,0.9301977248104009,0.9765989249104092,0.0594804510474205,0.11925111394083696,5,256,1024,0.4177497923374176,21.635026000003563,1758.198784,297089,254.739456,0.03377587369427347,False,
5,87,mBERT+Qwen2.5+Llama-2 PCA-2048,2048,2048,0.8973553130929791,0.6798594414647678,0.8093693591632303,0.9066861094641622,0.645465154725437,0.6223790726516176,0.8885828550279953,0.9627382847067726,0.05743025615811348,0.10428364660089,0.8946343779677113,0.6836778332145402,0.8102337321606101,0.9055412609965393,0.6570668279720979,0.6254774282945939,0.906522210184182,0.9787464684557046,0.05762438476085663,0.11482947688401174,5,256,1024,0.4152248799800873,27.302389599994058,2331.900928,395393,339.652608,0.04225764482341581,False,
5,87,mBERT+Qwen2.5+Llama-2 concat no PCA,8448,8448,0.9560602466793169,0.8292233233463931,0.9020049040427907,0.9566946686647516,0.8046512356994953,0.8040430144217742,0.9141182606502196,0.9623405135562346,0.04900747910141945,0.08011903644069336,0.9575973409306743,0.8401074306177261,0.9078325575149668,0.9588354308573332,0.8183836588098173,0.8157989228007181,0.9338461538461538,0.9791292920243353,0.04699331521987915,0.0902556992411005,6,64,1024,0.430759072303772,140.9544488999818,4511.377408,1624193,1401.067008,0.1576953466281499,False,
5,101,DistilBERT,768,768,0.9151446869070209,0.7130539402446361,0.8316322204615547,0.9207346852924839,0.6765818537838857,0.6647427701620146,0.8864583936384012,0.9462999901013539,0.06954923272132874,0.12179974026260529,0.9166191832858499,0.7210927573062261,0.8360376694079144,0.9226011217314077,0.6882263787814265,0.6738125378391766,0.8979144095341278,0.957511657221435,0.06728166341781616,0.12518212122998332,12,256,1024,0.49736911058425903,27.903010499983793,896.07424,149633,254.739456,0.017365071225099015,False,
5,101,DistilBERT+mBERT PCA-1024,1024,1024,0.9447936432637571,0.786810167162812,0.8775507189480489,0.9457352701946405,0.7559609336795509,0.7551599175211636,0.8911053298652751,0.9481913939413049,0.052946608513593674,0.0851644529211971,0.9459164292497626,0.7942186088527552,0.8815428154281543,0.9473054895158005,0.765074425836177,0.7632168568018787,0.9027302275189599,0.9637193620301692,0.052014753222465515,0.09093728235039193,6,256,1024,0.4998140037059784,17.567212900001323,1183.186432,198785,169.826304,0.02664546533673471,False,
5,101,DistilBERT+mBERT PCA-128,128,128,0.9255218216318786,0.7337855023314964,0.8452450434787437,0.9289983229745881,0.6969704732077558,0.6911144876298705,0.8827628129316121,0.9405169548559709,0.06027499586343765,0.08755387419386743,0.9285849952516619,0.7489986648865153,0.8536844520181026,0.9325218966480634,0.7167255930521174,0.708214374676656,0.9004442036836403,0.9587231748479039,0.05673481523990631,0.09298162949107877,20,256,1024,0.5572797656059265,41.35264539998025,178.770944,26753,21.228288,0.005927445394175388,False,
5,101,DistilBERT+mBERT PCA-256,256,256,0.9343572106261859,0.7567567567567568,0.8594079564707113,0.936542444301311,0.7220911727358508,0.7190885662942297,0.8859652704837362,0.9423016187258606,0.05479994788765907,0.07527413683107557,0.9378442545109211,0.7725456125108601,0.8682747311832453,0.9403670304303502,0.7415636821341024,0.7369366463633995,0.9022562296858072,0.9624948537378116,0.051030658185482025,0.07984181379214822,10,256,1024,0.5514150261878967,21.239013299986254,322.021888,51329,42.456576,0.02334958214693325,False,
5,101,DistilBERT+mBERT RP-256,256,256,0.9176351992409867,0.7095964875601087,0.8308044624706745,0.921882940771593,0.6694000728369797,0.6624605052742636,0.8713002840885595,0.9380178374637136,0.06719309091567993,0.10419468501268178,0.9263057929724596,0.7413333333333333,0.8491827242524916,0.9304026359323517,0.7078105106650641,0.6992535885167465,0.895839653304442,0.9566671076756396,0.06242632865905762,0.10736085871890796,10,256,1024,0.5600714683532715,20.914349099999527,322.021888,51329,42.456576,0.02311295821421655,False,
5,101,DistilBERT+mBERT raw concat,1536,1536,0.9388045540796964,0.7649202733485193,0.864872025691916,0.9399780862763278,0.730808768731559,0.7298262905014168,0.8797027614896662,0.9367067675983971,0.05437047407031059,0.0801546610258935,0.9427825261158594,0.7827654588065621,0.8749088278912367,0.9443007478192014,0.7519176406316451,0.7499660575817115,0.8964815817984833,0.9523157763146929,0.05131503939628601,0.08492077488225777,12,256,1024,0.5526012182235718,51.05039059999399,1758.198784,297089,254.739456,0.03550970560222323,False,
5,101,DistilBERT+mBERT standardized concat,1536,1536,0.9204222011385199,0.7228418009087154,0.8381916544528345,0.9248682047440511,0.6857834505046349,0.6773579293506228,0.8837402719310579,0.9443074675851645,0.06679856032133102,0.10767449340071755,0.9270180436847103,0.7469958847736625,0.8521773708789938,0.9313881196743667,0.7155206347159965,0.705384842927291,0.903680931744312,0.9617269459954997,0.06346680968999863,0.11152862003665676,10,256,1024,0.5233819484710693,43.0363645000034,1758.198784,297089,254.739456,0.04419239791181356,False,
5,101,Llama-2 PCA-1024,1024,1024,0.9514943074003795,0.8110854503464203,0.8916302141180363,0.9521534142196681,0.7838168450245525,0.7832928491858262,0.9027094894676337,0.9604583008547468,0.042571768164634705,0.07193732522498725,0.9515669515669516,0.8173352435530086,0.8947087866549803,0.9529777512132553,0.7920590341311536,0.78956966461551,0.9198320693391115,0.9738835632136013,0.042707670480012894,0.08083134416087487,8,256,1024,0.44200050830841064,23.40258150000591,1183.186432,198785,169.826304,0.025805042735055524,False,
5,101,Llama-2 raw,4096,4096,0.9522651802656547,0.814044814044814,0.8933314651536359,0.9529092902752554,0.7872132588529738,0.7866943877397101,0.9043777860941338,0.9616091799992555,0.04384054243564606,0.06838945600785584,0.9520892687559355,0.8198535975718622,0.8961120722052471,0.9535412938427344,0.7950984613797175,0.7923873586664668,0.9224431202600216,0.9737906700558381,0.044308070093393326,0.0783517010642635,8,256,1024,0.44155484437942505,84.91090210000402,4628.806656,788609,679.305216,0.07880338081707054,False,
5,101,Llama-2+Qwen PCA-1024,1024,1024,0.9490037950664136,0.8098186643078283,0.8901863300310626,0.9505764545593375,0.7833357400036182,0.7805536080198016,0.9166394432360457,0.9649065695737845,0.05206683650612831,0.0905773292306238,0.9495251661918328,0.8176359581403329,0.8941724746751374,0.9518110858927061,0.7949759745842654,0.7887400660992372,0.9353548212351029,0.9802949516626386,0.051737770438194275,0.10076548363137833,6,256,1024,0.40729570388793945,17.840260099997977,1183.186432,198785,169.826304,0.027177540361467776,False,
5,101,Llama-2+Qwen PCA-1536,1536,1536,0.9427182163187856,0.7927038626609442,0.879735721064888,0.9451334742488761,0.7650549903842446,0.7598597316145393,0.91632568458313,0.9631904919497903,0.056567560881376266,0.09183862470136779,0.94002849002849,0.7923038973852985,0.8786292649333884,0.9436397269140487,0.7691423523728517,0.7581151981009171,0.9342334777898158,0.980593664055338,0.05646742135286331,0.10295568287004658,6,256,1024,0.4300314486026764,25.89776439999696,1758.198784,297089,254.739456,0.036601752137516756,False,
5,101,Llama-2+Qwen PCA-2048,2048,2048,0.9438448766603416,0.7963002796300279,0.8818669113683686,0.9461636593159642,0.769098151655462,0.7640982614696679,0.9177877378776476,0.9651325681998626,0.0582847036421299,0.10673161026419967,0.9398385565052232,0.7916461108370334,0.8782448762237555,0.9434612304038795,0.7683651452976803,0.7573491338035329,0.9337946912242687,0.9792708663221936,0.05986516550183296,0.1177839347395731,5,256,1024,0.40843573212623596,27.310859499993967,2331.900928,395393,339.652608,0.04284124406453059,False,
5,101,Llama-2+Qwen concat no PCA,7680,7680,0.9608633776091081,0.8449976514795678,0.9113009974398179,0.9611228665105179,0.8227376119995146,0.822608152823622,0.9168606766848891,0.968343328467576,0.042487870901823044,0.062195972249219356,0.9611585944919279,0.8527717782577394,0.915200023249863,0.96221388676245,0.8327745674825902,0.8305057864093565,0.9396776814734562,0.9822003187765647,0.04214552789926529,0.0744095357207463,7,64,1024,0.4086368978023529,148.1612820000155,4104.616448,1476737,1273.69728,0.1440569895532129,False,
5,101,Qwen2.5 raw,3584,3584,0.936373339658444,0.7721384582713952,0.8675813418894107,0.9392993341336878,0.7417195190866593,0.7356796956070564,0.9067669005814097,0.9609988011783265,0.06397873908281326,0.12943329615938165,0.9377492877492878,0.7821897325137066,0.8729374744948523,0.9412783666041101,0.7561877090926986,0.7466569965096777,0.9238461538461538,0.975020741311776,0.062118563801050186,0.13361832673757815,10,256,1024,0.4245814085006714,91.67604479999864,4053.663232,690305,594.392064,0.07947432098781747,False,
5,101,Qwen2.5+PCA-1024,1024,1024,0.9542813092979127,0.8259200722510724,0.8998025904789271,0.9553196250486243,0.8012121336255726,0.7996918844837956,0.9192433299148974,0.9657482129454649,0.04467412084341049,0.06579488320029836,0.9572174738841406,0.842068361086766,0.9086629049701302,0.9588143515983427,0.8218583072357525,0.8175497806277421,0.9428819068255688,0.9833892720226685,0.042617518454790115,0.07607464560839115,8,256,1024,0.4208894968032837,23.581806100002723,1183.186432,198785,169.826304,0.025539567901581305,False,
5,101,mBERT,768,768,0.9187618595825426,0.6989010989010989,0.8259739574977083,0.9214594451718208,0.6549930442184926,0.6522835941081961,0.850041455426629,0.9177970905475424,0.06821192055940628,0.11073934838226139,0.9246438746438747,0.7271789582258896,0.8417317814020118,0.9279999568803262,0.6892534721654298,0.6840331631587098,0.8768824485373781,0.937141740978415,0.06493739783763885,0.11514037317788302,12,256,1024,0.6247886419296265,28.98593520000577,896.07424,149633,254.739456,0.019640859448563676,False,
5,101,mBERT PCA-256,256,256,0.9357803605313093,0.7505183137525916,0.85683264175056,0.9367196889748398,0.714269365429312,0.7137151060487197,0.8677414235855532,0.9338109936224805,0.054572198539972305,0.07898279556636106,0.9397910731244065,0.7719424460431654,0.8686298663476221,0.9414438495398672,0.7394847829025453,0.7374271397893446,0.8906446370530878,0.9527983165263771,0.052076052874326706,0.08467611722004266,10,256,1024,0.5767563581466675,20.845558100001654,322.021888,51329,42.456576,0.022157516619528875,False,
5,101,mBERT PCA-512,512,512,0.9295540796963947,0.7358826144953312,0.8476197198374706,0.9315815674949416,0.6976059382957763,0.6954563319881855,0.8695084482231026,0.9374109315685659,0.05982853099703789,0.09523848752160707,0.9307692307692308,0.7466990965948576,0.853302248770424,0.9335836349767147,0.7114912875700755,0.707037180364957,0.8859940411700975,0.9525534732061005,0.05772222951054573,0.09946857867541335,7,256,1024,0.564674437046051,15.155444300005911,609.091072,100481,84.913152,0.014936206077936602,False,
5,101,mBERT+Qwen PCA-1024,1024,1024,0.9560602466793169,0.8299288501262336,0.9023499413887441,0.9567688259047862,0.8055031415012229,0.8047414232770052,0.915960494322364,0.9640918211854804,0.04635266214609146,0.07615410128543841,0.9560778727445394,0.8354970656233327,0.9050762583781513,0.9574754035391874,0.8133836315310636,0.8103178963197748,0.9334750812567714,0.9801295003750311,0.04563562572002411,0.0854619310626624,6,256,1024,0.4105580747127533,17.702813000010792,1183.186432,198785,169.826304,0.025023081672005534,False,
5,101,mBERT+Qwen PCA-1536,1536,1536,0.9529174573055028,0.8217332734620566,0.8973051145611848,0.9540915454440211,0.7965478473282493,0.7947183029494299,0.9186693118192419,0.9658541614115107,0.04794321581721306,0.07548375951823827,0.9556505223171889,0.8367703600139811,0.9055548047116446,0.9573554359037122,0.8159037013315422,0.8113564165349265,0.9406663055254605,0.9833713746978916,0.04652400314807892,0.08526495347632641,6,256,1024,0.405855655670166,26.14572820000467,1758.198784,297089,254.739456,0.03631616809115951,False,
5,101,mBERT+Qwen PCA-2048,2048,2048,0.9595588235294118,0.8426395939086294,0.9097187899460817,0.9601236507256474,0.8200456994419884,0.8194661549898535,0.921642523963511,0.9665049392435056,0.04241416975855827,0.06782084075929297,0.9604463437796771,0.8514357053682896,0.9143109565101794,0.9616614542837013,0.8316765048865098,0.8287604656533689,0.9422453954496208,0.9839015230435869,0.04009641334414482,0.07680526575987234,6,256,1024,0.4000474214553833,32.901425600022776,2331.900928,395393,339.652608,0.04228730294364792,False,
5,101,mBERT+Qwen PCA-768,768,768,0.9504862428842504,0.8143206582165888,0.8928775471302575,0.9519070120445131,0.7883207943719739,0.7859066025490078,0.9174858679381043,0.9637459662370877,0.04813956469297409,0.074518284881028,0.9522792022792023,0.8264548437230185,0.8993954969530339,0.9543261123484775,0.804758996982008,0.799124493215316,0.9385780065005417,0.9824479748312359,0.046165671199560165,0.08464917113645408,7,256,1024,0.4247681796550751,16.289725400012685,896.07424,149633,127.369728,0.02082512820627521,False,
5,101,mBERT+Qwen RP-1024,1024,1024,0.9439634724857685,0.7954102619614635,0.8814730378136699,0.9461425999341135,0.7676716611732545,0.7632671008223606,0.9149897550304764,0.9669642700226609,0.052293259650468826,0.0874356512111511,0.9456315289648622,0.8066858011143002,0.8875266726929625,0.9484068352398564,0.7835057646516822,0.7756004674536598,0.9341251354279523,0.9805759229935828,0.05157335475087166,0.09591962929349836,8,256,1024,0.40202057361602783,23.440700299979653,1183.186432,198785,169.826304,0.025142331434675144,False,
5,101,mBERT+Qwen concat no PCA,4352,4352,0.951435009487666,0.816408876933423,0.8942125704925427,0.9526760669809894,0.7904511069690909,0.7885423382711162,0.915980653445039,0.9666590725356248,0.051974281668663025,0.0906888064963697,0.95,0.8174726989079563,0.8942525663393458,0.9520744418123674,0.7940173341424459,0.7888311476099814,0.9314951245937162,0.9794182327693974,0.05281386524438858,0.10035914775383892,7,64,1024,0.4024078845977783,87.20155609998619,2335.729152,837761,721.761792,0.08571733618225877,False,
5,101,mBERT+Qwen+Char PCA-1024,1024,1024,0.9533325426944972,0.8208513544274983,0.8970116666461678,0.9542402883512779,0.7951882787611606,0.7940878878206974,0.913379609719385,0.9636813375112685,0.048024099320173264,0.08063887133447727,0.9565527065527065,0.8370436331255565,0.9059892867723386,0.9579113222347302,0.8151006434086929,0.8121364206684156,0.933911159263272,0.9804290253354446,0.04614944010972977,0.08827773078671122,6,256,1024,0.41132473945617676,17.928185500000836,1183.186432,198785,169.826304,0.024866813865695007,False,
5,101,mBERT+Qwen+Char PCA-1536,1536,1536,0.9479957305502846,0.8069557561082985,0.888453036525967,0.9496919796861126,0.7802237477727584,0.777113180723031,0.9164732596991225,0.96294766174853,0.052644021809101105,0.0841358175989531,0.9485280151946819,0.8145106091718002,0.8923142967570326,0.9509071972841828,0.791529636019768,0.7850491084106109,0.9342903575297941,0.9795811109259105,0.051641643047332764,0.09375004388245153,6,256,1024,0.4270704984664917,25.819216600008076,1758.198784,297089,254.739456,0.03394243114878638,False,
5,101,mBERT+Qwen+Char PCA-2048,2048,2048,0.9500118595825426,0.8131234759476834,0.8921352054756386,0.9515064481569863,0.7870597196895212,0.7844368470187275,0.9178290899241603,0.9646844961614962,0.052032701671123505,0.09304936844687661,0.9505223171889838,0.8217584673280875,0.896516329104304,0.9528154595777512,0.8000262132085938,0.7934391565468936,0.9390628385698808,0.980825454204517,0.051267631351947784,0.10194274595207185,5,256,1024,0.40053829550743103,27.248443700023927,2331.900928,395393,339.652608,0.04233072174739328,False,
5,101,mBERT+Qwen+Char PCA-768,768,768,0.9535697343453511,0.8244788164088769,0.8988625673939693,0.9547562398609458,0.7997684486105487,0.7978371805449134,0.9208839723602922,0.9661113517570483,0.04629243165254593,0.07265280299845189,0.9543684710351377,0.8321983586519993,0.9028960908199684,0.9561375928230067,0.8106488201784536,0.8060506245219224,0.9381175514626219,0.9821655554629551,0.04459599032998085,0.08086764470330048,7,256,1024,0.4090074300765991,16.053176500019617,896.07424,149633,127.369728,0.020792283950422617,False,
5,101,mBERT+Qwen+Char concat no PCA,5376,5376,0.9376778937381404,0.780355276907001,0.8720212621276187,0.9409012054812516,0.7525396546759748,0.744690785992304,0.9175416932008965,0.9683205686888506,0.06103266775608063,0.10967105131135084,0.9382716049382716,0.7884803123983078,0.876171551095468,0.9422106320896254,0.765778086052467,0.7533414850107518,0.935544420368364,0.9811028523210268,0.060003552585840225,0.1162461488459928,7,64,1024,0.3873741030693054,107.68427769999835,2879.067648,1034369,891.588096,0.10462726495737928,False,
5,101,mBERT+Qwen2.5+Llama-2 PCA-1024,1024,1024,0.9571276091081594,0.8344401190748798,0.9049078085923086,0.9578588618160312,0.8107200704807038,0.8098610315443623,0.9194356169311819,0.9669374234987139,0.04277082905173302,0.06089507752335392,0.9589268755935423,0.8469297469474429,0.9116054860487852,0.9603119068534998,0.8268986281982392,0.8233852855101069,0.9423699891657638,0.9827692828569047,0.0408320352435112,0.07133632167246891,7,256,1024,0.41818302869796753,20.904584299976705,1183.186432,198785,169.826304,0.025197896487130417,False,
5,101,mBERT+Qwen2.5+Llama-2 PCA-1536,1536,1536,0.894212523719165,0.6738574040219378,0.8053624198961695,0.904178333152708,0.6396303926921495,0.6147951240138059,0.8878118978108227,0.9591386536704077,0.058396413922309875,0.0988692157587922,0.8889363722697056,0.6710729855153986,0.8021307970794451,0.9008286551708874,0.6435284895918485,0.6099828931739442,0.9012892741061755,0.9763455183765313,0.05898650363087654,0.10920092323105093,5,256,1024,0.44138750433921814,21.726156299992,1758.198784,297089,254.739456,0.03560824311539135,False,
5,101,mBERT+Qwen2.5+Llama-2 PCA-2048,2048,2048,0.9474027514231499,0.806204937732139,0.8878885825499911,0.949267564234753,0.7797192245433915,0.7760259847786464,0.9185910013811583,0.9644038999115067,0.054052311927080154,0.0958699743656408,0.9452991452991453,0.806060606060606,0.8871099050203528,0.948147031397446,0.7830304499518098,0.7747936477289183,0.9347616468039004,0.979436713476123,0.054696667939424515,0.10737594170867334,5,256,1024,0.4099752902984619,27.570419800002128,2331.900928,395393,339.652608,0.04211610636205332,False,
5,101,mBERT+Qwen2.5+Llama-2 concat no PCA,8448,8448,0.9545185009487666,0.825642191407138,0.8997453004156287,0.9554280920045515,0.8007296498595357,0.7995571710519791,0.9167177536741293,0.9678087078881097,0.04821791499853134,0.08307731995337857,0.9563627730294397,0.837833068643021,0.9063112617787843,0.9578812590785565,0.8165222027445433,0.8128201324156937,0.9377681473456121,0.9815494312026002,0.04670054093003273,0.09288988184070626,7,64,1024,0.39707857370376587,165.1918083000055,4511.377408,1624193,1401.067008,0.15755982905971674,False,
